ts_utc,action,symbol,verdict,reason,qty,price,usd,cash_after,equity_after,thesis
2026-07-20T22:06:47Z,buy,BTC-USD,approved,ok,0.001075,65141.36,70.00,430.00,500.00,BTC +2.12% leading the only open market with equities closed — ride the momentum with a 14% starter.
2026-07-20T22:06:47Z,buy,ETH-USD,approved,ok,0.026325,1899.31,50.00,380.00,500.00,ETH +1.94% confirming crypto-wide bid; smaller 10% entry for a second momentum leg.
2026-07-20T22:07:40Z,hold,none,approved,hold,,,,380.00,500.03,"Both crypto entries opened last cycle are flat (+0.04% BTC, 0.00% ETH) with the +2% daily uptrend intact and no new breakout or breakdown signal — riding existing momentum positions, no edge in adding or cutting yet."
2026-07-20T22:10:00Z,buy,BTC-USD,approved,ok,0.000614,65174.44,40.00,340.00,500.04,BTC +2.17% remains the strongest tape with equities closed and our entry holding above cost — add a small increment to press the leader while staying under the 25% cap.
2026-07-20T22:20:00Z,buy,ETH-USD,approved,ok,0.021079,1897.66,40.00,300.00,499.96,"ETH still +1.85% on the day with crypto the only open tape; scaling the second momentum leg to ~$90 while staying under the 25% cap, with BTC already near its position limit."
2026-07-20T22:30:00Z,hold,none,approved,hold,,,,300.00,499.88,"BTC is already near the 25% position cap and both crypto entries have gone sideways for four straight cycles, so I'm holding the existing momentum exposure and keeping cash ready to cut or add on the next range break rather than averaging into a stalled tape."
2026-07-20T22:40:00Z,sell,ETH-USD,approved,ok,-0.047404,1894.49,89.81,389.81,499.70,"ETH momentum is fading (+1.85% down to +1.68%) and the position has gone sideways-to-red over four cycles — cutting the laggard to free cash while keeping BTC, the stronger tape, on."
2026-07-20T22:40:00Z,hold,BTC-USD,approved,hold,,,,389.81,499.70,BTC remains the day leader at +2.04% and near the position cap; holding the existing size for a range break rather than adding into a fade.
2026-07-20T22:50:00Z,hold,none,approved,hold,,,,389.81,499.73,"BTC sits near the 25% cap with momentum easing (+2.17% to +2.07%) and ETH is unchanged from where we exited it on fading momentum one cycle ago, so re-entering the same price with a weaker tape is churn, not edge."
2026-07-20T23:00:00Z,hold,none,approved,hold,,,,389.81,499.73,"BTC sits near the 25% cap with momentum flat (2.07%), ETH is unchanged from our exit price ten minutes ago with no fresh signal, and equities are closed — re-entering the same sideways tape would be churn, not edge."
2026-07-20T23:10:00Z,buy,ETH-USD,approved,ok,0.026330,1899.01,50.00,339.81,499.84,"ETH momentum re-firmed from +1.68% back to +1.92% after our earlier exit at 1894.49, so re-entering small at 1899 to ride the bounce with a fast cut if it stalls again."
2026-07-20T23:20:01Z,buy,ETH-USD,approved,ok,0.023664,1901.62,45.00,294.81,499.97,"ETH momentum is re-accelerating (+1.92% to +2.06%) confirming the re-entry, so I'm scaling the position toward the cap while BTC stays parked near its 25% limit as the day leader."
2026-07-20T23:30:01Z,buy,BTC-USD,approved,ok,0.000184,65202.44,12.00,282.81,500.00,"BTC momentum re-accelerated from +2.07% to +2.22% as the clear day leader, so I'm topping the position off to just under the 25% cap."
2026-07-20T23:30:01Z,buy,ETH-USD,approved,ok,0.013141,1902.39,25.00,257.81,500.00,"ETH continues grinding higher (+2.06% to +2.10%) confirming the re-entry, adding a small tranche while staying under the position cap."
2026-07-20T23:40:00Z,hold,none,approved,hold,,,,257.81,499.81,"Both BTC (+2.16%) and ETH (+2.00%) sit at the 25% position cap with momentum only mildly easing and P/L flat, so no room to add and no reversal signal to justify cutting — equities are closed, leaving zero actionable edge this cycle."
2026-07-20T23:50:00Z,hold,none,approved,hold,,,,257.81,499.90,"BTC (+2.20%) and ETH (+2.04%) both sit at the 25% cap with momentum only ticking up marginally from last cycle, equities are closed, so I hold the two winners and let them run rather than churn."
2026-07-21T00:00:02Z,hold,none,approved,hold,,,,257.81,500.09,"BTC (+2.06%) and ETH (+3.39%, accelerating) both sit pinned at the 25% cap with theses intact and equities closed, so there is no room to add and no reason to trim winners into strengthening momentum."
2026-07-21T00:10:00Z,hold,none,approved,hold,,,,257.81,499.85,"BTC (+1.97%) and ETH (+3.27%) both cooled slightly from last cycle but remain in uptrends with positions already pinned at the 25% cap and only ~$4 of headroom, so I hold the full exposure rather than churn on a minor deceleration."
2026-07-21T00:20:00Z,hold,none,approved,hold,,,,257.81,500.45,"BTC (+2.19%) and ETH (+3.56%, re-accelerating) both sit pinned at the 25% cap with only ~$3-5 of headroom each, so I ride the winners with no room to add and no exit signal."
2026-07-21T00:40:00Z,hold,none,approved,hold,,,,257.81,500.99,"BTC (+2.35%) and ETH (+3.87%) both remain pinned at the 25% cap with uptrends intact and no reversal signal, equities are closed, so I let the winners run rather than trim into strength."
2026-07-21T00:50:00Z,hold,none,approved,hold,,,,257.81,501.26,"BTC (+2.48%) and ETH (+3.97%) both remain pinned at the 25% cap with intact uptrends and unrealized gains running; equities are closed so there is no other venue, and topping up either position is capped to a meaningless ~$3."
2026-07-21T01:00:00Z,hold,none,approved,hold,,,,257.81,501.28,"BTC (+2.54%) and ETH (+3.93%) both remain pinned at the 25% cap ($122.66 and $120.79 vs $125.32 limit) with uptrends intact, leaving under $5 of addable headroom per position and no other tradable symbols with equities closed."
2026-07-21T12:10:30Z,hold,none,approved,hold,,,,257.81,504.08,"BTC (+3.81%) and ETH (+5.02%) both remain pinned at the 25% cap (~$124 and ~$122 vs $126 max) with intact accelerating uptrends, equities are closed, and adding is capped — riding winners is the only edge available."
2026-07-21T12:20:00Z,hold,none,approved,hold,,,,257.81,504.59,"BTC (+3.92%) and ETH (+5.35%) both remain pinned at the 25% cap with uptrends intact and accelerating, equities are closed, so I let the winners run and keep dry powder for the next dip or breakout."
2026-07-21T12:30:00Z,hold,none,approved,hold,,,,257.81,504.60,"BTC (+3.95%) and ETH (+5.34%) remain pinned at the 25% cap ($124.34 and $122.43 vs $126.15 max) with uptrends intact, equities are closed so no rotation target exists, and the ~$2-4 of headroom per position is too small to deploy meaningfully — riding winners with profits at +1.94% and +2.03%."
2026-07-21T12:40:00Z,hold,none,approved,hold,,,,257.81,505.16,"BTC (+2.19%) and ETH (+2.23%) remain pinned at the 25% cap (~$125 and ~$123 vs $126.29 max) with uptrends intact, equities are closed, so no add or exit has edge this cycle."
2026-07-21T12:50:00Z,hold,none,approved,hold,,,,257.81,504.89,"BTC (+4.08%) and ETH (+5.44%) uptrends remain intact with both positions already pinned at the 25% cap (~$124.50 and ~$122.55 vs $126.22 limit), stocks are closed, so there is no deployable edge this cycle — let the winners run."
2026-07-21T13:00:00Z,hold,none,approved,hold,,,,257.81,504.92,"BTC (+4.08%) and ETH (+5.47%) uptrends remain intact with both positions pinned at the 25% cap (~$124.5 and ~$122.6 vs $126.2 limit), equities are closed, so there is no room to add and no reason to sell strength."
2026-07-21T13:10:00Z,hold,none,approved,hold,,,,257.81,504.94,"BTC (+4.12%) and ETH (+5.44%) uptrends remain intact with both positions pinned at the 25% cap and all equity symbols closed, so there is no deployable edge this cycle."
2026-07-21T13:20:00Z,hold,none,approved,hold,,,,257.81,504.70,"BTC (+4.10%) and ETH (+5.27%) uptrends remain intact with both positions pinned at the 25% cap (~$124.5 and ~$122.4 vs $126.2 limit), equities are closed, and no exit signal justifies selling into strength."
2026-07-21T13:30:00Z,buy,MSFT,approved,ok,0.163054,398.64,65.00,192.81,504.32,MSFT +3.56% showing standout relative strength against a red QQQ/SPY tape — ride the momentum leader with a 13% starter.
2026-07-21T13:30:00Z,buy,TSLA,approved,ok,0.134895,370.66,50.00,142.81,504.32,TSLA -6.44% is stretched to the downside intraday — small 10% mean-reversion snap position with a fast cut if it makes new lows.
2026-07-21T13:30:00Z,hold,BTC-USD,approved,hold,,,,142.81,504.32,BTC +3.9% uptrend intact and position already pinned at the 25% cap — let the winner run.
2026-07-21T13:30:00Z,hold,ETH-USD,approved,hold,,,,142.81,504.32,ETH +5.14% is the strongest asset on the board and capped at 25% — no reason to trim into strength yet.
2026-07-21T13:40:00Z,buy,MSFT,approved,ok,0.112484,400.06,45.00,97.81,504.71,MSFT strength is accelerating (+3.56% to +3.93%) against a red QQQ/SPY tape — press the relative-strength winner from 13% toward the 25% cap.
2026-07-21T13:40:00Z,hold,TSLA,approved,hold,,,,97.81,504.71,"Mean-reversion snap is working (+0.98% from -6.44% entry, now -5.52%) with room to run toward -4% before taking the profit."
2026-07-21T13:40:00Z,hold,BTC-USD,approved,hold,,,,97.81,504.71,"Uptrend intact at +3.87% and position pinned at the 25% cap — momentum fading slightly, exit trigger is a break below +3%."
2026-07-21T13:40:00Z,hold,ETH-USD,approved,hold,,,,97.81,504.71,Still the strongest asset on the board at +4.88% and pinned at the cap — let the winner run.
2026-07-21T13:50:00Z,buy,TSLA,approved,ok,0.119579,376.32,45.00,52.81,505.40,"Mean-reversion snap is confirming (-6.44% low to -5.01% now, position +1.53%) and TSLA is only 10% of equity — adding $45 rides the bounce with room under the 25% cap."
2026-07-21T13:50:00Z,hold,BTC-USD,approved,hold,,,,52.81,505.40,BTC re-accelerated from +3.87% to +4.24% and the position is pinned at the 25% cap — let the winner run.
2026-07-21T13:50:00Z,hold,ETH-USD,approved,hold,,,,52.81,505.40,ETH is still the strongest asset on the board at +5.05% and capped — no reason to touch it.
2026-07-21T13:50:00Z,hold,MSFT,approved,hold,,,,52.81,505.40,"Momentum cooled slightly (+3.93% to +3.72%) and the entry is flat — one more cycle of grace, but it gets cut if it goes red against this tape."
2026-07-21T14:00:00Z,buy,TSLA,approved,ok,0.079493,377.39,30.00,22.81,506.37,"Mean-reversion snap keeps confirming (-6.44% low to -4.74%, price up again since last add) so I'm pressing the winner with remaining cash while staying under the 25% cap."
2026-07-21T14:00:00Z,hold,BTC-USD,approved,hold,,,,22.81,506.37,Still accelerating (+4.24% to +4.45% cycle-over-cycle) and pinned at the position cap — nothing to do but let it run.
2026-07-21T14:00:00Z,hold,ETH-USD,approved,hold,,,,22.81,506.37,Strongest asset on the board at +5.32% and still making new session highs while capped — hold the full position.
2026-07-21T14:00:00Z,hold,MSFT,approved,hold,,,,22.81,506.37,"Momentum re-ticked up (+3.72% to +3.85%) after last cycle's cooling, so the flat entry gets one more cycle before I rotate the capital."
2026-07-21T14:10:00Z,sell,ETH-USD,approved,ok,-0.020664,1935.70,40.00,62.81,507.17,First cycle-over-cycle deceleration on ETH (+5.32% to +5.14%) after leading the board all session — scale out a third of the +1.8% winner and bank it while holding the rest for continuation.
2026-07-21T14:10:00Z,hold,BTC-USD,approved,hold,,,,62.81,507.17,Still accelerating (+4.45% to +4.52%) with no distribution signs and the position already at the 25% cap — let the winner run.
2026-07-21T14:10:00Z,hold,TSLA,approved,hold,,,,62.81,507.17,"Mean-reversion snap keeps confirming (-4.74% to -4.15%) and the position is at the 25% cap — thesis intact, nothing to add."
2026-07-21T14:10:00Z,hold,MSFT,approved,hold,,,,62.81,507.17,Momentum re-accelerated again (+3.85% to +3.98%) making session highs — hold for the breakout extension.
2026-07-21T14:20:00Z,buy,ETH-USD,approved,ok,0.020664,1935.72,40.00,22.81,507.76,"ETH's deceleration stalled and reversed (+5.14% to +5.15%) while holding as the board's strongest asset, so re-deploy the scaled-out cash into the leader with room under the position cap."
2026-07-21T14:20:00Z,hold,BTC-USD,approved,hold,,,,22.81,507.76,"Still accelerating cycle-over-cycle (+4.52% to +4.57%) with the position effectively at the 25% cap, so let the winner run."
2026-07-21T14:20:00Z,hold,TSLA,approved,hold,,,,22.81,507.76,"Mean-reversion snap is still confirming (-4.15% to -3.74%) and the position sits at the cap, so hold until recovery momentum stalls."
2026-07-21T14:20:00Z,hold,MSFT,approved,hold,,,,22.81,507.76,"Momentum flattened only marginally (+3.98% to +3.96%) near session highs — no exit signal yet, keep riding."
2026-07-21T14:30:00Z,sell,ETH-USD,approved,ok,-0.025891,1931.15,50.00,72.81,507.95,"ETH momentum rolled over cycle-to-cycle (+5.15% to +4.90%) and the 14:20 add at $1935.72 is already underwater, so I'm scaling out half the add's exposure to bank gains and rebuild dry powder."
2026-07-21T14:30:00Z,hold,BTC-USD,approved,hold,,,,72.81,507.95,"Only a marginal decel (+4.57% to +4.42%) after a long acceleration streak — trend intact and position is +2.4%, no exit signal yet."
2026-07-21T14:30:00Z,hold,TSLA,approved,hold,,,,72.81,507.95,Mean-reversion snap keeps confirming for a fourth cycle (-4.15% to -3.74% to -3.41%) and the position is +2.24% — let the bounce run.
2026-07-21T14:30:00Z,hold,MSFT,approved,hold,,,,72.81,507.95,"Momentum re-accelerated (+3.96% to +4.18%) into fresh session highs — strongest tape on the board, no reason to trim."
2026-07-21T14:40:00Z,buy,ETH-USD,approved,ok,0.025861,1933.38,50.00,22.81,507.95,ETH re-accelerated to +5.02% after the 14:30 trim at +4.90% — redeploying cash into the strongest crypto momentum while staying under the 25% cap.
2026-07-21T14:40:00Z,hold,BTC-USD,approved,hold,,,,22.81,507.95,"BTC ticked back up (+4.42% to +4.47%) after one marginal decel — uptrend intact, let it run."
2026-07-21T14:40:00Z,hold,TSLA,approved,hold,,,,22.81,507.95,"Mean-reversion snap confirms a fifth straight cycle (-3.74% to -3.42%) and position sits at the 25% cap — ride it, exit on first stall."
2026-07-21T14:40:00Z,hold,MSFT,approved,hold,,,,22.81,507.95,"Only a marginal decel (+4.18% to +4.06%) near session highs — no exit trigger yet, cut on a second consecutive fade."
2026-07-21T14:50:00Z,sell,TSLA,approved,ok,-0.078212,383.57,30.00,52.81,508.47,Mean-reversion snap has run six cycles (-4.15% to -3.18%) and the position sits at 25.2% of equity — trimming to lock the +2.5% gain and get back under the cap while the bounce matures.
2026-07-21T14:50:00Z,buy,MSFT,approved,ok,0.037442,400.62,15.00,37.81,508.47,MSFT is holding +4.08% at session highs with room under the 25% cap — redeploying freed TSLA cash into the strongest equity momentum on the board.
2026-07-21T14:50:00Z,hold,BTC-USD,approved,hold,,,,37.81,508.47,BTC re-accelerated +4.47% to +4.55% with the position near the cap — nothing to do but let the trend pay.
2026-07-21T14:50:00Z,hold,ETH-USD,approved,hold,,,,37.81,508.47,ETH is still accelerating (+5.02% to +5.09%) and already at 24% of equity — hold the strongest mover at full size.
2026-07-21T15:00:01Z,sell,TSLA,approved,ok,-0.255755,382.81,97.91,135.71,507.58,The mean-reversion snap has rolled back over (-3.18% to -3.37%) so I'm banking the +2.28% gain before it bleeds away.
2026-07-21T15:00:01Z,buy,AAPL,approved,ok,0.198692,327.14,65.00,70.71,507.58,AAPL is the strongest fresh momentum on the board at +3.90% and the TSLA exit frees a slot and cash for a 13%-of-equity entry.
2026-07-21T15:00:01Z,hold,BTC-USD,approved,hold,,,,70.71,507.58,"BTC is steady at +4.55% with the position pinned near the 25% cap — nothing to add, no exit trigger."
2026-07-21T15:00:01Z,hold,ETH-USD,approved,hold,,,,70.71,507.58,ETH decelerated slightly (+5.09% to +4.84%) but remains in a strong uptrend at 24% of equity — one soft tick is not an exit.
2026-07-21T15:00:01Z,hold,MSFT,approved,hold,,,,70.71,507.58,"MSFT cooled from +4.08% to +3.74% and sits just under my add price — flagging for exit next cycle if deceleration continues, but no trigger yet."
2026-07-21T15:10:00Z,sell,MSFT,approved,ok,-0.312980,398.88,124.84,195.55,507.17,"MSFT has faded three straight cycles (+4.08% to +3.74% to +3.63%) and turned red against my entry, so I'm cutting the broken momentum leg and rebuilding dry powder."
2026-07-21T15:10:00Z,hold,BTC-USD,approved,hold,,,,195.55,507.17,BTC is holding +4.48% and the position sits at the 25% cap with no room to add.
2026-07-21T15:10:00Z,hold,ETH-USD,approved,hold,,,,195.55,507.17,"ETH remains the strongest trend on the board at +4.78% and is pinned near the position cap, so I let the winner run."
2026-07-21T15:10:00Z,hold,AAPL,approved,hold,,,,195.55,507.17,"AAPL is only mildly decelerating (+3.90% to +3.72%) and just below entry — giving the fresh position one more cycle before judging, with the MSFT proceeds ready to add if it reaccelerates."
2026-07-21T15:20:00Z,buy,AAPL,approved,ok,0.137465,327.36,45.00,150.55,507.21,AAPL reaccelerated from +3.72% to +3.97% while holding above my entry — adding ~9% of equity to a working momentum position with room under the 25% cap.
2026-07-21T15:20:00Z,hold,BTC-USD,approved,hold,,,,150.55,507.21,"BTC steady at +4.40% and pinned at the 25% position cap — no room to add, no reason to sell."
2026-07-21T15:20:00Z,hold,ETH-USD,approved,hold,,,,150.55,507.21,ETH remains the strongest trend on the board at +4.76% and is also at the position cap — ride it.
2026-07-21T15:30:00Z,buy,MSFT,approved,ok,0.163056,398.63,65.00,85.55,507.11,"MSFT is up +3.56% while QQQ bleeds -1.54% — relative-strength momentum leader not yet in the book, opening a ~13%-of-equity 4th position."
2026-07-21T15:30:00Z,hold,BTC-USD,approved,hold,,,,85.55,507.11,"BTC easing slightly (+4.40% to +4.21%) but position sits at the 25% cap with +2.20% P/L — no room to add, no reason to cut."
2026-07-21T15:30:00Z,hold,ETH-USD,approved,hold,,,,85.55,507.11,ETH still the strongest trend on the board at +4.57% and pinned near the position cap — let the winner run.
2026-07-21T15:30:00Z,hold,AAPL,approved,hold,,,,85.55,507.11,"AAPL reaccelerated to +4.28% and is above my blended entry — only ~$16 of cap room remains, not worth the add."
2026-07-21T15:40:00Z,buy,MSFT,approved,ok,0.137545,399.87,55.00,30.55,507.48,"MSFT holding +3.88% against a -1.63% QQQ tape is the clearest relative-strength leader with the only meaningful cap room (~$62), so I'm adding $55 to press the winner."
2026-07-21T15:40:00Z,hold,BTC-USD,approved,hold,,,,30.55,507.48,"BTC steady at +4.33% with +2.31% unrealized but pinned at the 25% cap — no room to add, trend intact, no reason to sell."
2026-07-21T15:40:00Z,hold,ETH-USD,approved,hold,,,,30.55,507.48,ETH is still the strongest trend on the board at +4.72% and sits at the position cap — ride it.
2026-07-21T15:40:00Z,hold,AAPL,approved,hold,,,,30.55,507.48,"AAPL at +4.16% remains in trend above my blended entry; ~$17 of cap room is too small to bother, so hold the position."
2026-07-21T15:50:00Z,buy,AAPL,approved,ok,0.048672,328.73,16.00,14.55,507.56,AAPL is reaccelerating to +4.41% against a -1.59% QQQ tape — deploying the last ~$16 of cap room to press the strongest relative-strength name on the board.
2026-07-21T15:50:00Z,hold,BTC-USD,approved,hold,,,,14.55,507.56,"BTC steady at +4.32% with +2.30% unrealized and pinned at the 25% cap — trend intact, no room to add, no reason to cut."
2026-07-21T15:50:00Z,hold,ETH-USD,approved,hold,,,,14.55,507.56,ETH remains the strongest trend on the board at +4.75% and sits at the position cap — let the winner run.
2026-07-21T15:50:00Z,hold,MSFT,approved,hold,,,,14.55,507.56,"MSFT holding +3.71% versus a negative QQQ is exactly the relative-strength setup I entered on last cycle; flat P/L, thesis unchanged."
2026-07-21T16:00:00Z,hold,BTC-USD,approved,hold,,,,14.55,507.49,"BTC +4.30% with trend intact and position pinned at the 25% cap — no room to add, no reason to sell."
2026-07-21T16:00:00Z,hold,ETH-USD,approved,hold,,,,14.55,507.49,ETH is still the strongest tape on the board at +4.88% and sits at the position cap — let the winner run.
2026-07-21T16:00:00Z,hold,AAPL,approved,hold,,,,14.55,507.49,AAPL +4.41% against a -1.69% QQQ is textbook relative strength and the position is capped — hold full size.
2026-07-21T16:00:00Z,hold,MSFT,approved,hold,,,,14.55,507.49,"MSFT +3.52% vs a negative tape keeps the relative-strength thesis alive; flat P/L but no breakdown, exit trigger is a fade below +3% today."
2026-07-21T16:10:00Z,sell,MSFT,approved,ok,-0.300601,398.07,119.66,134.22,507.32,MSFT is the only red P/L on the book and its day gain has decayed three cycles straight (+3.71% -> +3.52% -> +3.41%) — cut the fading laggard and free cash.
2026-07-21T16:10:00Z,buy,TSLA,approved,ok,0.170592,381.02,65.00,69.22,507.32,TSLA -3.83% is the most stretched name on the board while indices are only modestly red — small 13%-of-equity mean-reversion snap with a fast cut if it makes new lows.
2026-07-21T16:10:00Z,hold,ETH-USD,approved,hold,,,,69.22,507.32,ETH +4.81% remains the strongest tape and the position sits at the 25% cap with no room to add.
2026-07-21T16:10:00Z,hold,BTC-USD,approved,hold,,,,69.22,507.32,BTC +4.20% trend intact and pinned near the position cap — let the winner run.
2026-07-21T16:10:00Z,hold,AAPL,approved,hold,,,,69.22,507.32,"AAPL +4.55% vs QQQ -1.52% is the cleanest relative-strength hold on the book, already at cap."
2026-07-21T16:20:00Z,buy,TSLA,approved,ok,0.118109,381.00,45.00,24.22,507.07,"TSLA -3.83% is still the most oversold name on a mildly red tape and the position is flat and well under cap, so I add to the mean-reversion snap while keeping ~$24 dry powder."
2026-07-21T16:20:00Z,hold,BTC-USD,approved,hold,,,,24.22,507.07,"BTC +4.12% day with +2.11% unrealized and pinned near the 25% cap — trend intact, nothing to add, too early to strip a working winner."
2026-07-21T16:20:00Z,hold,ETH-USD,approved,hold,,,,24.22,507.07,ETH +4.66% is the strongest tape on the board and already at cap — let it run.
2026-07-21T16:20:00Z,hold,AAPL,approved,hold,,,,24.22,507.07,"AAPL +4.55% vs QQQ -1.50% keeps the relative-strength thesis alive and the position is at cap, so no action."
2026-07-21T16:30:00Z,sell,BTC-USD,approved,ok,-0.000601,66506.73,40.00,64.22,506.66,Bank part of the +2.07% BTC gain while it's pinned at the 25% cap to rebuild dry powder without abandoning the trend.
2026-07-21T16:30:00Z,hold,ETH-USD,approved,hold,,,,64.22,506.66,ETH +4.46% is still the strongest tape on the board and at cap — no reason to interrupt the winner.
2026-07-21T16:30:00Z,hold,AAPL,approved,hold,,,,64.22,506.66,AAPL +4.36% vs QQQ -1.50% keeps the relative-strength thesis intact at the position cap.
2026-07-21T16:30:00Z,hold,TSLA,approved,hold,,,,64.22,506.66,"TSLA mean-reversion bounce is working (+0.10% from -3.83% entry) and the position sits near cap, so let the snap develop."
2026-07-21T16:40:00Z,sell,TSLA,approved,ok,-0.288701,381.09,110.02,174.24,506.73,Mean-reversion bounce has stalled at +0.02% after two cycles with TSLA still -3.81% on the day — cut the dead trade and free capital.
2026-07-21T16:40:00Z,buy,MSFT,approved,ok,0.275943,398.63,110.00,64.24,506.73,MSFT +3.56% against QQQ -1.45% is the strongest unowned relative-strength name on the board — rotate the freed TSLA capital into live momentum at ~22% of equity.
2026-07-21T16:40:00Z,hold,ETH-USD,approved,hold,,,,64.24,506.73,ETH +4.62% remains the strongest tape and is pinned at the 25% cap — let the winner run.
2026-07-21T16:40:00Z,hold,AAPL,approved,hold,,,,64.24,506.73,AAPL +4.23% vs SPY -0.42% keeps the relative-strength thesis intact at the position cap.
2026-07-21T16:40:00Z,hold,BTC-USD,approved,hold,,,,64.24,506.73,BTC +4.23% momentum is intact and the position was already trimmed last cycle — ride the remainder.
2026-07-21T16:50:00Z,buy,BTC-USD,approved,ok,0.000601,66503.09,40.00,24.24,506.22,"BTC +4.07% momentum is intact after the earlier trim and it is the only strong-tape position with room under the 25% cap, so redeploy idle cash back into the leader."
2026-07-21T16:50:00Z,hold,ETH-USD,approved,hold,,,,24.24,506.22,ETH +4.49% is still the strongest tape and remains pinned near the 25% cap — let the winner run.
2026-07-21T16:50:00Z,hold,AAPL,approved,hold,,,,24.24,506.22,AAPL +4.07% vs SPY -0.44% keeps the relative-strength thesis intact at the position cap.
2026-07-21T16:50:00Z,hold,MSFT,approved,hold,,,,24.24,506.22,MSFT +3.54% against QQQ -1.47% is holding its relative-strength edge one cycle after entry — no reason to cut.
2026-07-21T17:00:00Z,buy,MSFT,approved,ok,0.037629,398.62,15.00,9.24,506.64,"MSFT +3.56% vs QQQ -1.44% keeps its relative-strength edge and it's the only position with room under the 25% cap, so deploy idle cash into the laggard-sized winner."
2026-07-21T17:00:00Z,hold,BTC-USD,approved,hold,,,,9.24,506.64,"BTC +4.09% momentum is intact and the position sits at 24.6% of equity, pinned against the cap."
2026-07-21T17:00:00Z,hold,ETH-USD,approved,hold,,,,9.24,506.64,ETH +4.57% is still the strongest tape and remains pinned near the 25% cap.
2026-07-21T17:00:00Z,hold,AAPL,approved,hold,,,,9.24,506.64,AAPL +4.31% vs SPY -0.42% keeps the relative-strength thesis intact at the position cap.
2026-07-21T17:10:00Z,hold,BTC-USD,approved,hold,,,,9.24,506.68,"BTC +4.01% momentum intact and the position is pinned at the 25% cap, so there is nothing to add and no reason to cut a working trade."
2026-07-21T17:10:00Z,hold,ETH-USD,approved,hold,,,,9.24,506.68,ETH +4.66% is still the strongest tape on the board and remains at the cap with +0.31% unrealized.
2026-07-21T17:10:00Z,hold,AAPL,approved,hold,,,,9.24,506.68,AAPL +4.36% vs SPY -0.41% keeps the relative-strength thesis intact at the position cap.
2026-07-21T17:10:00Z,hold,MSFT,approved,hold,,,,9.24,506.68,"MSFT +3.52% against QQQ -1.39% holds its relative-strength edge; every unowned symbol is red or weaker than what I already hold, so rotating out would be trading strength for weakness."
2026-07-21T17:20:00Z,hold,BTC-USD,approved,hold,,,,9.24,506.18,BTC +3.93% momentum intact at the 25% cap and +1.25% on the position; no reason to cut the trend early.
2026-07-21T17:20:00Z,hold,ETH-USD,approved,hold,,,,9.24,506.18,ETH +4.44% remains the strongest tape on the board and stays pinned at the cap.
2026-07-21T17:20:00Z,hold,AAPL,approved,hold,,,,9.24,506.18,AAPL +4.19% vs SPY -0.47% keeps the relative-strength long working; hold the winner.
2026-07-21T17:20:00Z,hold,MSFT,approved,hold,,,,9.24,506.18,"MSFT +3.57% against QQQ -1.45% preserves its edge, and with $9.24 cash and all four position slots full every unowned strong name is unbuyable — rotating out of a leader into TSLA/NVDA/GOOGL weakness would fight the tape."
2026-07-21T17:30:00Z,hold,BTC-USD,approved,hold,,,,9.24,506.14,"BTC +3.94% momentum intact, position +1.26% and pinned at the 25% cap — nothing to add, no reason to cut."
2026-07-21T17:30:00Z,hold,ETH-USD,approved,hold,,,,9.24,506.14,ETH +4.51% is still the strongest tape on the board and sits at the cap; let the winner run.
2026-07-21T17:30:00Z,hold,AAPL,approved,hold,,,,9.24,506.14,AAPL +3.89% vs SPY -0.46% keeps the relative-strength long alive; flat P/L is not a sell signal while the divergence holds.
2026-07-21T17:30:00Z,hold,MSFT,approved,hold,,,,9.24,506.14,"MSFT +3.77% against QQQ -1.44% preserves the edge, and with $9.24 cash and all four slots at cap, rotating into today's losers (TSLA/NVDA) would swap strength for weakness."
2026-07-21T17:40:00Z,hold,none,approved,hold,,,,9.24,506.19,"All four slots are filled with the board's four strongest tapes (BTC +3.96%, ETH +4.58%, AAPL +3.88%, MSFT +3.74%), each pinned at the 25% cap with $9.24 cash — every alternative symbol is red or barely green, so rotating out of working momentum into weaker names would be trading down, not hunting e"
2026-07-21T17:50:00Z,hold,none,approved,hold,,,,9.24,505.56,"All four slots hold the board's four strongest tapes (BTC +3.70%, ETH +4.31%, AAPL +3.93%, MSFT +3.67%) against red indices, and every rotation candidate (AMZN +0.48%, IWM +0.53%) is materially weaker — trimming a winner to buy a laggard is negative edge, so I keep the relative-strength book intact "
2026-07-21T18:00:00Z,hold,none,approved,hold,,,,9.24,505.41,"All four slots already hold the board's four strongest tapes (ETH +4.15%, AAPL +4.07%, MSFT +3.71%, BTC +3.55%) while every other symbol is red or flat, so with $9.24 cash there is no stronger tape to rotate into and cutting a winner to sit in cash against this momentum would be the only losing move"
2026-07-21T18:10:00Z,hold,none,approved,hold,,,,9.24,505.55,"All four slots hold the board's only green tapes (ETH +4.37%, AAPL +3.95%, BTC +3.74%, MSFT +3.55%) at the 25% cap each, every rotation candidate is red, and BTC's +1.07% open gain still rides intact momentum — no edge in forced churn."
2026-07-21T18:20:00Z,hold,none,approved,hold,,,,9.24,505.38,"All four slots hold the board's only strong tapes (ETH +4.22%, AAPL +4.04%, BTC +3.63%, MSFT +3.58%) while everything else is red or flat, and with $9.24 cash there is no stronger name to rotate into — selling a leader to buy a laggard is negative edge."
2026-07-21T18:30:00Z,hold,none,approved,hold,,,,9.24,505.27,"All four slots still hold the board's only strong tapes (ETH +4.24%, AAPL +3.93%, MSFT +3.61%, BTC +3.59% vs QQQ -1.46%), momentum is intact with no position breaking down, and no unheld symbol shows better relative strength to rotate into."
2026-07-21T18:40:00Z,sell,BTC-USD,approved,ok,-0.000755,66225.41,50.00,59.24,505.37,"Scaling out ~40% of the BTC position to bank the +0.97% gain after six straight hold cycles and rebuild dry powder for a dip re-entry, while keeping core exposure to the board's strongest tape."
2026-07-21T18:50:02Z,buy,BTC-USD,approved,ok,0.000679,66294.43,45.00,14.24,505.62,"BTC reclaimed above the $66225 trim price with the board's strongest tape (+3.75%), so redeploying part of the banked cash into the continuation while staying under the 25% position cap."
2026-07-21T19:00:00Z,hold,none,approved,hold,,,,14.24,505.54,"All four slots hold the board's only strong tapes (BTC +3.72%, ETH +4.23%, AAPL +4.23%, MSFT +3.46%), the fresh BTC re-entry is holding its level, no position shows a breakdown worth cutting, and $14 cash can't fund a new entry — no edge in churning."
2026-07-21T19:10:00Z,hold,none,approved,hold,,,,14.24,506.10,"All four slots already hold the board's only strong tapes (ETH +4.39%, AAPL +4.25%, BTC +3.80%, MSFT +3.66%) and every other symbol is red or flat, so with only $14 cash there is no better rotation than letting these winners run."
2026-07-21T19:20:00Z,hold,none,approved,hold,,,,14.24,506.02,"All four slots already hold the board's only strong tapes (ETH +4.34%, BTC +3.81%, AAPL +4.17%, MSFT +3.72%) and every red name (TSLA -4.60%, GOOGL -2.78%, NVDA -2.29%) shows no reversal signal worth rotating a winner into with only $14 free cash."
2026-07-21T19:30:00Z,hold,none,approved,hold,,,,14.24,506.29,"All four slots already hold the board's only green momentum tapes (ETH +4.47%, AAPL +4.15%, BTC +3.86%, MSFT +3.80%) while everything else is red, so with $14 cash and no stronger tape to rotate into, riding the winners is the highest-edge move."
2026-07-21T19:40:00Z,sell,BTC-USD,approved,ok,-0.000677,66450.14,45.00,59.24,506.27,"Trimming ~40% of BTC to bank the +0.9% gain near the day-high $66450 print, keeping a core plus fresh cash to re-add on any dip while ETH/AAPL/MSFT ride the board's only strong tapes."
2026-07-21T19:50:00Z,buy,BTC-USD,approved,ok,0.000753,66419.26,50.00,9.24,505.74,Redeploying trimmed cash into BTC at $66419 — $31 below the $66450 trim print — while it holds a +3.9% tape and the only slot with room under the 25% cap.
2026-07-21T20:00:00Z,sell,MSFT,approved,ok,-0.313572,397.74,124.72,133.96,505.87,"Exiting the only red position — MSFT is fading off its highs (bought $398.63, now $397.74) and lagging AAPL's tape, freeing the fourth slot and cash."
2026-07-21T20:00:00Z,buy,TSLA,approved,ok,0.197905,378.97,75.00,58.96,505.87,"Deploying ~15% of equity into TSLA at -4.34%, the board's biggest loser, for a mean-reversion snap scalp with ~$59 kept dry to add or re-enter next cycle."
2026-07-21T20:10:00Z,hold,none,approved,hold,,,,58.96,505.65,"Equities are closed so only BTC and ETH are tradable, and both are already sitting near the 25% position cap ($124 and $121 vs $126 max) with intact uptrends (+3.9%/+4.4%), leaving the $59 cash undeployable without a cap violation — riding the winners this cycle."
2026-07-21T20:20:00Z,hold,none,approved,hold,,,,58.96,505.54,"Equities are closed so only BTC and ETH are tradable, both are already at ~24.5% of equity — pennies below the 25% cap — and both are holding green momentum, so the only legal trade is a sub-$6 add that's pure noise; keeping full crypto exposure into the overnight tape is the edge."
2026-07-21T20:30:00Z,sell,BTC-USD,approved,ok,-0.000377,66359.24,25.00,83.96,505.58,"BTC has faded to $66359 — below both the $66450 trim print and my $66419 rebuy — so I'm de-risking ~$25 of the stalling leg to bank dry powder for a lower re-entry, while keeping ETH untouched as it holds the board's best momentum at +4.4%."
2026-07-21T20:40:01Z,buy,BTC-USD,approved,ok,0.000407,66416.21,27.00,56.96,505.75,"BTC reclaimed $66416 — back above my $66359 trim print — so I'm redeploying idle cash into the bounce, sized to keep the position just under the 25% cap."
2026-07-21T20:50:00Z,hold,none,approved,hold,,,,56.96,505.66,"Equities are closed, BTC ($126, at the 25% cap) and ETH ($121, near cap) are both riding upside momentum, and $57 cash leaves no room to add — BTC at $66393 is sitting inside my $66359/$66416 chop zone with no exit signal, so I let the winners work."
2026-07-21T21:00:00Z,hold,none,approved,hold,,,,56.96,505.58,"Equities are closed, BTC and ETH are both pinned at the 25% cap with no add room, and BTC at $66368 sits between my $66359 stop-out print and $66416 rebuy with no exit signal — nothing to do but let the caps ride until a break of $66350 forces a trim."
2026-07-21T21:10:02Z,hold,none,approved,hold,,,,56.96,505.46,"Equities are closed, BTC ($126) and ETH ($121) are both pinned at the 25% cap with only ~$5 of add room, and BTC's $66334 print is just -0.12% off my $66416 rebuy — inside chop noise, not a fade signal — so there is no executable edge this cycle."
2026-07-21T21:20:00Z,hold,none,approved,hold,,,,56.96,505.47,"Equities are closed and both tradable assets are pinned at the 25% cap (BTC $126, ETH $121) with only ~$5 of add room, so churning BTC/ETH here would just pay spread with no edge."
2026-07-21T21:30:00Z,hold,none,approved,hold,,,,56.96,505.47,"Equities are closed and both tradable assets are pinned at the 25% cap (BTC $126, ETH $121 with under $5 of add room), BTC is holding above my $66154 avg after the $66416 rebuy with no breakdown signal to justify trimming, so there is no actionable edge this cycle."
2026-07-21T21:40:00Z,hold,none,approved,hold,,,,56.96,505.62,"Equities are closed and BTC ($126.09) and ETH ($121.49) are both effectively pinned at the 25% cap ($126.40) — ETH's ~$4.90 of room is too small to be a real entry, so I hold both winners and wait for a trim signal or cap room."
2026-07-21T21:50:00Z,hold,none,approved,hold,,,,56.96,505.57,"Equities are closed and BTC ($126.13) and ETH ($121.40) remain pinned at the 25% cap with both riding intact upward momentum, so there is no add room and no reason to cut winners."
2026-07-21T22:00:00Z,hold,none,approved,hold,,,,56.96,505.54,"Equities are closed and BTC ($126.19) and ETH ($121.31) remain pinned at the 25% cap with only ~$5 of add room, below any meaningful 5-15% entry size, so there is no actionable edge this cycle."
2026-07-21T22:10:00Z,hold,none,approved,hold,,,,56.96,505.50,"Equities are closed and BTC ($126.12) and ETH ($121.34) remain pinned at the 25% cap ($126.38) with both riding intact uptrends, leaving no deployable edge until the equity session reopens."
2026-07-21T22:20:00Z,hold,none,approved,hold,,,,56.96,505.12,"Equities are closed and BTC ($125.93) and ETH ($121.15) remain pinned at the 25% cap with under $6 of combined headroom, so no meaningful entry or exit exists this cycle."
2026-07-21T22:30:00Z,hold,none,approved,hold,,,,56.96,505.20,"Equities are closed and BTC ($125.98) and ETH ($121.18) remain pinned at the 25% cap ($126.30) with only ~$5 of headroom, too small for a meaningful add, so I hold both crypto momentum positions."
2026-07-21T22:40:00Z,hold,none,approved,hold,,,,56.96,505.37,"Equities are closed and BTC ($126.09) and ETH ($121.26) both sit pinned at the 25% cap with upward momentum intact, so there is no room to add and no reason to cut winners mid-trend."
2026-07-21T22:50:00Z,hold,none,approved,hold,,,,56.96,505.05,"Equities are closed and both BTC ($125.95) and ETH ($121.05) sit pinned at the 25% cap with only ~$5 of combined headroom, leaving no tradable edge this cycle."
2026-07-21T23:00:00Z,hold,none,approved,hold,,,,56.96,505.21,"Equities are closed and both BTC ($126.03) and ETH ($121.14) are already pinned at the 25% cap riding intact uptrends, leaving no room to add and no reason to cut winners."
2026-07-21T23:10:00Z,hold,none,approved,hold,,,,56.96,504.96,"Equities are closed and BTC ($125.96) and ETH ($120.95) both sit pinned at the 25% cap with intraday momentum still positive, so there is no addable exposure and no exit signal worth taking."
2026-07-21T23:20:00Z,hold,none,approved,hold,,,,56.96,505.30,"Equities are closed and BTC ($126.10) and ETH ($121.15) are both pinned at the 25% position cap with intact uptrends and no reversal signal, so there is no room to add and no reason to cut."
2026-07-21T23:30:00Z,hold,none,approved,hold,,,,56.96,505.49,"Equities are closed and BTC ($126.22) and ETH ($121.22) both remain pinned at the 25% cap with intact uptrends, so there is no room to add and no reversal signal to justify selling."
2026-07-21T23:40:00Z,hold,none,approved,hold,,,,56.96,505.68,"Equities are closed and BTC ($126.30) and ETH ($121.33) are both pinned at the 25% cap with only ~$5 of headroom, so no meaningful add or exit edge exists this cycle."
2026-07-21T23:50:00Z,hold,none,approved,hold,,,,56.96,505.76,"Equities are closed and both BTC ($126.35) and ETH ($121.39) remain pinned at the 25% position cap with upward momentum intact, so the $56.96 cash cannot be deployed without a cap violation and cutting winners mid-trend for a sub-1% re-entry slot has negative expected value."
2026-07-22T00:00:00Z,hold,none,approved,hold,,,,56.96,506.29,"Equities are closed and both BTC ($126.53) and ETH ($121.74) remain pinned at the 25% cap with upward momentum intact, so there is nothing tradable to add and no reason to trim winners still trending up."
2026-07-22T00:10:00Z,hold,none,approved,hold,,,,56.96,506.67,"Equities are closed and both BTC ($126.66) and ETH ($121.97) remain pinned at the 25% cap while riding intact upward momentum (+2.77%/+3.84% today), so there is no room to add and no reason to trim winners into strength with nothing tradable to rotate into."
2026-07-22T00:20:00Z,hold,none,approved,hold,,,,56.96,507.00,"Equities are closed and both BTC ($126.64) and ETH ($122.32) are riding positive momentum while pinned at the 25% cap, leaving no room to add and no reason to cut winners mid-trend."
2026-07-22T00:30:00Z,hold,none,approved,hold,,,,56.96,506.91,"Equities are closed and both BTC (+2.81% day, +0.70% P/L) and ETH (+4.00% day, +0.78% P/L) are pinned at the 25% position cap with intact upward momentum, so there is no room to add and no reason to cut winners mid-trend."
2026-07-22T00:40:00Z,hold,none,approved,hold,,,,56.96,507.32,"Equities are closed, all 4 position slots are full, and BTC ($126.80) and ETH ($122.48) are pinned at the 25% cap while both ride intact uptrends (+2.9%/+4.3% day) — no room to add and no reason to cut winners mid-momentum."
2026-07-22T00:50:00Z,hold,none,approved,hold,,,,56.96,507.22,"Equities are closed, both BTC ($126.79) and ETH ($122.38) are pinned at the 25% cap with momentum still positive (+2.88%/+4.19% day), so I let the winners run rather than clip them early with only $57 cash and no tradable headroom."
2026-07-22T01:00:00Z,hold,none,approved,hold,,,,56.96,506.99,"Equities are closed, all 4 slots are full, and BTC ($126.64, +2.76% day) and ETH ($122.31, +4.12% day) are pinned at the 25% cap while riding positive momentum — no room to add and no reversal signal to justify cutting winners."
2026-07-22T01:10:00Z,hold,none,approved,hold,,,,56.96,506.85,"Equities are closed, all 4 slots are full, and BTC (+2.70% day) and ETH (+4.07% day) are both pinned at the 25% cap riding intact upward momentum — no room to add and cutting winners mid-trend has negative edge, so I let them run."
2026-07-22T01:20:00Z,hold,none,approved,hold,,,,56.96,506.20,"Equities are closed, both BTC (+2.46% day) and ETH (+3.76% day) are riding intact uptrends at the 25% position cap with no reversal signal, so I let winners run rather than clip profits into strength."
2026-07-22T01:30:00Z,hold,none,approved,hold,,,,56.96,505.92,"Equities are closed, all 4 slots are full, and BTC (+2.34% day) and ETH (+3.65% day) remain in intact uptrends pinned at the 25% cap with no room to add and no reversal signal to justify cutting."
2026-07-22T01:40:00Z,hold,none,approved,hold,,,,56.96,506.22,"Equities are closed, all 4 slots are full, and BTC (+2.40% day) and ETH (+3.84% day) remain pinned at the 25% cap with uptrends intact and no reversal signal, so I let the winners ride rather than clip them early."
2026-07-22T01:50:00Z,hold,none,approved,hold,,,,56.96,506.52,"Equities are closed, all 4 slots are full, and BTC (+2.53% day, position +0.43%) and ETH (+3.96% day, position +0.74%) are both riding intact uptrends while pinned at the 25% cap, so I let the winners run rather than churn them."
2026-07-22T02:00:00Z,hold,none,approved,hold,,,,56.96,506.16,"Equities are closed, all 4 slots are full, both crypto runners are green with intact momentum (BTC +2.41%, ETH +3.78% day), and both positions sit at the 25% cap so no meaningful add exists — letting winners ride."
2026-07-22T02:10:00Z,hold,none,approved,hold,,,,56.96,506.08,"Equities are closed, all 4 slots are full, BTC and AAPL sit at the 25% cap so cash can't be deployed, and both crypto runners (BTC +2.42%, ETH +3.70%) show intact uptrends with no reversal signal — selling winners mid-trend just to churn would be negative-edge."
2026-07-22T02:20:00Z,hold,none,approved,hold,,,,56.96,506.38,"Equities are closed, all 4 slots are full, BTC (~24.9% of equity) and ETH (~24.1%) both sit at the position cap with intact uptrends (+2.52%/+3.85% day), so there is no room to add and no breakdown signal to justify cutting a green runner."
2026-07-22T02:30:00Z,sell,ETH-USD,approved,ok,-0.018125,1931.06,35.00,91.96,506.11,"ETH is +3.74% on the day and stretched into the overnight session with both crypto slots pinned near the 25% cap, so I'm scaling out a third of the position to bank the move and rebuild cash for a re-entry on the next dip or breakout."
2026-07-22T02:40:00Z,hold,none,approved,hold,,,,91.96,505.76,"Equities are closed, all 4 slots are full with BTC and AAPL at the 25% cap, and re-buying the ETH we trimmed at $1931 ten minutes ago for $1926 is churn not edge — holding the trimmed runners until crypto shows a fresh break."
2026-07-22T02:50:00Z,buy,ETH-USD,approved,ok,0.018143,1929.12,35.00,56.96,506.00,"ETH holds +3.6% day strength near the level of the earlier trim, so redeploying a small $35 tranche back into the strongest crypto runner while staying under the 25% cap and keeping BTC/AAPL untouched at their caps."
2026-07-22T03:00:00Z,hold,none,approved,hold,,,,56.96,505.84,"All 4 slots are full with BTC and AAPL pinned at the 25% cap, equities are closed, and ETH sits within pennies of last cycle's re-entry at 1929 — trimming here would just churn the same level with no fresh momentum signal, so I hold both crypto runners with their day trends (+2.3% BTC, +3.6% ETH) in"
2026-07-22T03:10:00Z,hold,none,approved,hold,,,,56.96,505.75,"Equities are closed, all 4 slots are full with BTC (~24.9%) and ETH (~24.1%) pinned at the cap, and both cryptos are consolidating flat against my re-entry levels with no breakout or breakdown to trade against, so churning here adds risk without edge."
2026-07-22T03:20:00Z,hold,none,approved,hold,,,,56.96,505.69,"Equities are closed, all 4 slots are full with BTC (~24.9%) and ETH (~24.1%) pinned at the cap with only ~$5 of headroom, and both cryptos are grinding sideways in the overnight session with no fresh breakout or breakdown to scalp."
2026-07-22T03:30:00Z,hold,none,approved,hold,,,,56.96,505.87,"Equities are closed, all 4 slots are full with BTC (~24.9%) and ETH (~24.1%) pinned at the 25% cap, and ETH sits at $1930 — dead flat against the 1929-1931 churn zone from earlier cycles, so re-trimming here would just repeat noise trades with no new momentum signal."
2026-07-22T03:40:00Z,hold,none,approved,hold,,,,56.96,505.78,"Equities are closed, all 4 slots are full, and BTC (~24.9%) and ETH (~24.1%) are pinned at the 25% cap with only ~$5 of headroom, so no add or exit offers real edge this cycle."
2026-07-22T03:50:00Z,hold,none,approved,hold,,,,56.96,506.21,"Equities are closed so only BTC and ETH are tradable, and both are pinned at the 25% cap (~24.9% and ~24.1%) with only ~$4 of headroom, leaving no actionable entry despite continued crypto strength."
2026-07-22T04:00:00Z,hold,none,approved,hold,,,,56.96,505.50,"Equities are closed so only BTC and ETH are tradable, and both remain pinned at the 25% cap (~24.9% and ~24.1%) with only ~$5 of headroom, leaving no actionable size for a new entry or add."
2026-07-22T04:10:00Z,hold,none,approved,hold,,,,56.96,506.08,"Equities are closed, BTC and ETH remain pinned at the 25% cap with positive momentum intact (+2.3%/+3.8% today), and the ~$4 of remaining headroom is too small for a meaningful add, so I let the winners ride."
2026-07-22T04:20:00Z,hold,none,approved,hold,,,,56.96,506.16,"Equities are closed and both tradable assets (BTC +2.3%, ETH +3.9%) are already pinned at the 25% cap with positive momentum, leaving no headroom for a meaningful add and no reason to cut winners."
2026-07-22T04:30:00Z,hold,none,approved,hold,,,,56.96,506.28,"Equities are closed, BTC and ETH are both pinned at the 25% cap with intact upward momentum (+2.4%/+3.9%), so there is no room to add and no reason to cut winners mid-trend."
2026-07-22T04:40:00Z,hold,none,approved,hold,,,,56.96,506.34,"Equities are closed and both tradable cryptos remain pinned at the 25% cap (BTC $126.18, ETH $122.11 of a $126.59 limit) with upward momentum intact, so there is no room to add and no reason to cut winners."
2026-07-22T04:50:00Z,hold,none,approved,hold,,,,56.96,506.34,"Equities are closed, both tradable cryptos remain pinned at the 25% cap (BTC +2.3%, ETH +4.0%) with upward momentum intact, and only ~$4 of headroom exists, so there is no actionable edge beyond letting the winners run."
2026-07-22T13:24:35Z,sell,BTC-USD,approved,ok,-0.001902,65536.17,124.62,181.58,503.81,"BTC intraday momentum has rolled over (+2.3% earlier to +1.14% now) and the position broke below entry to -0.93%, so cut the fading loser and hold cash to re-enter on renewed strength since ETH is already pinned at the 25% cap and equities are closed."
2026-07-22T13:30:00Z,sell,TSLA,approved,ok,-0.197905,375.37,74.29,255.87,503.18,"TSLA is -4.84% on the day with the whole tech tape red, so I'm cutting the loser before it bleeds further."
2026-07-22T13:30:00Z,buy,MSFT,approved,ok,0.150064,399.83,60.00,195.87,503.18,"MSFT is +1.06% while QQQ is -1.22%, and that relative strength on a red tape is the cleanest momentum long on the board."
2026-07-22T13:30:00Z,buy,GOOGL,approved,ok,0.143614,348.15,50.00,145.87,503.18,"GOOGL's -6.14% washout is stretched versus QQQ's -1.22%, so a small mean-reversion snap position with a fast cut if it keeps sliding."
2026-07-22T13:40:00Z,sell,MSFT,approved,ok,-0.150064,395.01,59.28,205.14,502.85,"The relative-strength thesis is broken — MSFT went from +1.06% at entry to -0.16% and the position is -1.21%, so I'm cutting the loser fast."
2026-07-22T13:40:00Z,buy,GOOGL,approved,ok,0.143513,348.40,50.00,155.14,502.85,"GOOGL is still washed out -6.07% versus QQQ's -1.91% but has stabilized above my entry, so I'm adding ~10% of equity to the mean-reversion snap while staying under the 25% cap."
2026-07-22T13:50:00Z,sell,AAPL,approved,ok,-0.384829,326.89,125.80,280.94,503.38,"AAPL is dead money — flat at -0.18% with no momentum either direction while capital is capped, so I'm freeing the full 25% slot for something moving."
2026-07-22T13:50:00Z,buy,BTC-USD,approved,ok,0.000911,65858.09,60.00,220.94,503.38,"BTC has re-accelerated to +1.64% after the earlier fade I sold at +1.14%, and with ETH ripping +4.14% the crypto tape is the only green momentum on the board — small 12% re-entry."
2026-07-22T13:50:00Z,hold,ETH-USD,approved,hold,,,,220.94,503.38,"ETH is the strongest name on the screen at +4.14% and my position is up +0.79% near the 25% cap, so I let the winner run."
2026-07-22T13:50:00Z,hold,GOOGL,approved,hold,,,,220.94,503.38,GOOGL mean-reversion snap is intact — still washed out -6.03% vs QQQ -1.70% and holding above my basis.
2026-07-22T14:00:00Z,sell,ETH-USD,approved,ok,-0.063123,1938.50,122.36,343.31,503.37,ETH is up +4.14% on the day and my position is green +0.79% — taking the profit at the top of the strongest move on the screen rather than round-tripping it.
2026-07-22T14:00:00Z,buy,META,approved,ok,0.094788,632.99,60.00,283.31,503.37,"META is the most washed-out name at -7.09% versus SPY -0.82%, a stretched mean-reversion snap candidate for a fast bounce trade."
2026-07-22T14:10:00Z,sell,BTC-USD,approved,ok,-0.000911,65982.69,60.11,343.42,503.72,BTC is green +0.19% but momentum leadership has rotated to ETH (+4.48% vs BTC +1.83%) — take the small profit and redeploy into the stronger crypto leg.
2026-07-22T14:10:00Z,buy,ETH-USD,approved,ok,0.030852,1944.80,60.00,283.42,503.72,"ETH has re-accelerated to +4.48%, the strongest name on the board and above where I sold at +4.14%, so I'm re-entering the clear momentum leader."
2026-07-22T14:10:00Z,hold,META,approved,hold,,,,283.42,503.72,"META mean-reversion snap is working — green +0.26% while still washed out -6.85% vs SPY -0.83%, so let the bounce run."
2026-07-22T14:10:00Z,hold,GOOGL,approved,hold,,,,283.42,503.72,GOOGL is still the second-most washed-out name at -5.96% vs QQQ -1.53% and my position just turned green — hold the snap.
2026-07-22T14:20:00Z,sell,META,approved,ok,-0.094788,629.93,59.71,343.13,502.68,"The mean-reversion snap failed — META has extended from -7.09% to -7.54% and my entry is now red -0.48%, so I cut the loser fast per the plan rather than average into a falling knife."
2026-07-22T14:20:00Z,sell,GOOGL,approved,ok,-0.287127,347.95,99.91,443.03,502.68,"GOOGL is bleeding further from -5.96% to -6.19% with no reversal candle and the whole tape is risk-off (SPY -0.88%, QQQ -1.44%), so I exit the second failed dip-buy and free capital."
2026-07-22T14:20:00Z,buy,ETH-USD,approved,ok,0.031035,1933.30,60.00,383.03,502.68,"ETH is the only strong name on the board at +3.86% and the sole non-correlated asset while equities sell off, so I add to the winner and concentrate the account in the one working momentum trade."
2026-07-22T14:30:00Z,buy,ETH-USD,vetoed,position would exceed 25% of equity,,,,383.03,502.11,ETH is the only green asset on a broadly red tape at +3.37% and non-correlated to the equity selloff — adding on the shallow pullback to $1924 keeps my momentum leader position under the 25% cap.
2026-07-22T14:30:00Z,hold,none,approved,hold,,,,383.03,502.11,"Every equity name is bleeding with no reversal candle — META -7.58% and GOOGL -6.26% are falling knives I already cut, so no new equity risk this cycle."
2026-07-22T14:40:00Z,buy,BTC-USD,approved,ok,0.000837,65686.51,55.00,328.03,502.45,"BTC at +1.37% is the only other green, non-correlated asset on a uniformly red equity tape and adds a second crypto momentum leg without breaching the 25% single-position cap."
2026-07-22T14:40:00Z,buy,ETH-USD,vetoed,position would exceed 25% of equity,,,,328.03,502.45,"ETH is the strongest name on the board at +3.66% and my existing lot is only -0.49% underwater, so I add on the shallow pullback rather than fight the equity bleed."
2026-07-22T14:50:00Z,sell,ETH-USD,approved,ok,-0.061887,1929.24,119.39,447.43,502.45,ETH is up +3.65% on the day but my lot is underwater at -0.51% and momentum has faded from +3.86% to +3.65% across the last three cycles while the entire equity tape bleeds — take the loss small and free capital rather than average into a stalling move.
2026-07-22T14:50:00Z,buy,BTC-USD,approved,ok,0.000913,65706.24,60.00,387.43,502.45,"BTC is the only asset still extending on the day (+1.37% to +1.40%) and my existing lot is green, so add a small tranche to the one name with intact upward momentum while staying under the 25% single-position cap."
2026-07-22T15:00:00Z,buy,ETH-USD,approved,ok,0.028458,1932.70,55.00,332.43,502.55,"ETH is the strongest asset on the board at +3.83% and still extending while every equity name bleeds, so I want a fresh momentum lot in the only non-correlated leader."
2026-07-22T15:00:00Z,buy,BTC-USD,vetoed,position would exceed 25% of equity,,,,332.43,502.55,"BTC extended from +1.40% to +1.50% since last cycle and my existing lot just flipped green, so I add a small tranche to the working trend while staying under the 25% position cap."
2026-07-22T15:10:00Z,sell,ETH-USD,approved,ok,-0.028458,1936.44,55.11,387.54,502.79,"ETH is up +4.03% on the day and my lot is green at +0.19% — take the profit into strength while the entire equity board bleeds red, since a crypto reversal into a risk-off tape would erase this fast."
2026-07-22T15:10:00Z,buy,BTC-USD,vetoed,position would exceed 25% of equity,,,,387.54,502.79,BTC extended to +1.62% and my existing lot is green at +0.23% — add a small tranche to the only asset holding a clean uptrend on an otherwise uniformly red board.
2026-07-22T15:20:00Z,sell,BTC-USD,approved,ok,-0.001750,65955.34,115.45,502.99,502.99,"BTC is up +1.79% and my lot is green at +0.39% — take the scalp profit into strength while every equity on the board is bleeding, and go to cash rather than chase a broad-market risk-off tape."
2026-07-22T15:30:00Z,buy,ETH-USD,approved,ok,0.033340,1949.60,65.00,437.99,502.99,ETH is the strongest thing on the board at +4.74% and still extending while every equity is red — re-enter the same momentum leg I already scalped once today.
2026-07-22T15:30:00Z,buy,BTC-USD,approved,ok,0.000833,66052.93,55.00,382.99,502.99,"BTC at +1.94% is the second-best relative-strength name and crypto is the only green sector, so take a small trailing position alongside ETH."
2026-07-22T15:40:00Z,buy,ETH-USD,approved,ok,0.025741,1942.40,50.00,332.99,502.66,ETH is still the strongest name on the board at +4.35% while every equity is red — add to the momentum leader on this shallow pullback to my avg.
2026-07-22T15:40:00Z,sell,BTC-USD,approved,ok,-0.000833,65949.49,54.91,387.90,502.66,BTC momentum has stalled (+1.94% down to +1.78%) and my lot is red — cut the weaker crypto leg fast and concentrate into ETH.
2026-07-22T15:50:02Z,buy,ETH-USD,vetoed,position would exceed 25% of equity,,,,387.90,502.79,ETH is the only strong name on the board at +4.47% while every equity is red; add to the momentum leader on the shallow pullback to 1944.
2026-07-22T16:00:00Z,buy,ETH-USD,vetoed,position would exceed 25% of equity,,,,387.90,502.64,"ETH is still the only green momentum name on a broadly red tape at +4.33% and holding near session highs, so I'm adding to the winner while equities bleed."
2026-07-22T16:00:00Z,buy,BTC-USD,approved,ok,0.000682,66012.71,45.00,342.90,502.64,"BTC at +1.88% is the second-best relative-strength name and is re-firming off the 65.9k dip I sold, so I'm re-entering small for the crypto-strength pair trade."
2026-07-22T16:10:00Z,sell,BTC-USD,approved,ok,-0.000682,66097.87,45.06,387.96,502.84,BTC is green +0.13% on my lot but has stalled in a 66k range for three cycles while ETH runs — take the small win and concentrate into the leader.
2026-07-22T16:10:00Z,buy,ETH-USD,vetoed,position would exceed 25% of equity,,,,387.96,502.84,ETH is the strongest name on the board at +4.46% and firming into the highs while every equity is red — add to the only real momentum on the tape.
2026-07-22T16:20:00Z,buy,ETH-USD,vetoed,position would exceed 25% of equity,,,,387.96,502.63,ETH is the lone strong name at +4.27% on a broadly red tape and is holding near highs — add to the existing lot rather than sit flat with 77% of equity in cash.
2026-07-22T16:30:00Z,buy,ETH-USD,vetoed,position would exceed 25% of equity,,,,387.96,502.51,"ETH is the lone strong name at +4.16% on a broadly red tape and I already hold a small lot near breakeven, so I'm adding to the only working momentum leader rather than sitting flat again."
2026-07-22T16:40:00Z,buy,ETH-USD,vetoed,position would exceed 25% of equity,,,,387.96,503.45,ETH is the strongest name on the board at +5.01% and making new highs while everything else bleeds; adding to my winning lot keeps total ETH exposure near 33 percent of equity... trimming to stay under the 25 percent cap.
2026-07-22T16:40:00Z,buy,BTC-USD,approved,ok,0.000904,66341.50,60.00,327.96,503.45,"BTC is the only other green name at +2.38% and has broken out of the 66k range it stalled in earlier, so crypto strength is broadening rather than being ETH-only."
2026-07-22T16:50:01Z,sell,ETH-USD,approved,ok,-0.059082,1947.58,115.07,443.03,502.87,ETH is up +4.63% and printing new highs while every equity name is deeply red — take the profit into strength rather than hold a 22% position into a risk-off tape.
2026-07-22T16:50:01Z,buy,BTC-USD,approved,ok,0.000907,66168.15,60.00,383.03,502.87,BTC is holding +2.12% and the only other green name on a broadly red board — add a small tranche to the existing lot to ride crypto strength with less extension risk than ETH.
2026-07-22T17:00:00Z,buy,ETH-USD,approved,ok,0.030783,1949.10,60.00,323.03,502.94,ETH is the strongest name on the board at +4.71% making new highs while every equity is red — take the momentum leader with a 12% starter rather than adding a third BTC tranche.
2026-07-22T17:00:00Z,sell,BTC-USD,approved,ok,-0.000680,66204.83,45.00,368.03,502.94,BTC is flat against my average after two adds and lagging ETH badly on the same crypto bid — trim a third of the position to fund the stronger horse.
2026-07-22T17:10:01Z,sell,BTC-USD,approved,ok,-0.001131,66172.60,74.87,442.90,502.86,BTC has stalled flat against my average and is badly lagging ETH's +4.64% on the same risk-on tape — recycle the capital into the leader.
2026-07-22T17:10:01Z,buy,ETH-USD,approved,ok,0.030804,1947.78,60.00,382.90,502.86,ETH is the strongest name on the board at +4.64% making new highs while every equity name is deeply red — add to the clear momentum leader.
2026-07-22T17:20:01Z,sell,ETH-USD,approved,ok,-0.061588,1941.30,119.56,502.46,502.46,"ETH has faded from +4.71% to +4.29% and my position is underwater against a 1948 average after three adds — momentum is rolling over, so take the small loss and go flat rather than average down again."
2026-07-22T17:20:01Z,buy,BTC-USD,approved,ok,0.000909,66035.58,60.00,442.46,502.46,BTC is the only other green name on a deeply red board at +1.91% and has held its gains while ETH fades — rotate a small 12% starter into the steadier crypto leg.
2026-07-22T17:30:00Z,sell,BTC-USD,approved,ok,-0.000909,65959.01,59.93,502.39,502.39,BTC is underwater against my 66035 average and its +1.79% is fading while ETH accelerates to +3.98% — cut the laggard and free the cash.
2026-07-22T17:30:00Z,buy,ETH-USD,approved,ok,0.031001,1935.40,60.00,442.39,502.39,"ETH is the clear momentum leader at +3.98% on a board where every equity is red, so rotate the crypto exposure into the strongest name."
2026-07-22T17:40:01Z,sell,ETH-USD,approved,ok,-0.031001,1941.68,60.19,502.58,502.58,ETH is only +0.32% against my average after fading from +4.71% earlier and the last three cycles of round-tripping between ETH and BTC have bled the account; take the small green and reset.
2026-07-22T17:40:01Z,buy,BTC-USD,approved,ok,0.000908,66106.92,60.00,442.58,502.58,"BTC at +2.02% is making the session's best relative structure while ETH decays off its high, so rotate a 12% starter into the steadier crypto leader on a board where every equity is red."
2026-07-22T17:50:00Z,sell,BTC-USD,approved,ok,-0.000908,66117.19,60.01,502.59,502.59,"BTC is only +0.02% against my average after three straight churn cycles and its +2.04% is stalling while ETH has accelerated to +4.42%, so I rotate the capital to the stronger leg."
2026-07-22T17:50:00Z,buy,ETH-USD,approved,ok,0.033442,1943.67,65.00,437.59,502.59,"ETH is the session's clear momentum leader at +4.42%, well above its earlier +3.98% fade level, and it is the only name making new highs on a board where every equity is deeply red."
2026-07-22T18:00:00Z,sell,ETH-USD,approved,ok,-0.033442,1937.74,64.80,502.40,502.40,"ETH has faded from +4.42% at my entry to +4.10% and sits 0.31% underwater after three straight losing churn cycles, so I cut it before the fade extends."
2026-07-22T18:00:00Z,buy,BTC-USD,approved,ok,0.000909,66000.94,60.00,442.40,502.40,"BTC at +1.86% is the only other green name on an ugly tape and is holding a steadier uptrend than ETH's decaying spike, so I rotate a small 12% stake into the firmer crypto leg."
2026-07-22T18:10:00Z,sell,BTC-USD,approved,ok,-0.000909,65970.25,59.97,502.37,502.37,"BTC has stalled at -0.05% against my average after fading from +2.02% earlier in the session, and the churn is bleeding the account."
2026-07-22T18:10:00Z,buy,ETH-USD,approved,ok,0.031050,1932.34,60.00,442.37,502.37,ETH at +3.81% is the strongest name on the tape and has re-accelerated off its earlier fade while every equity index and megacap is deeply red.
2026-07-22T18:20:00Z,sell,ETH-USD,approved,ok,-0.031050,1936.80,60.14,502.51,502.51,ETH has faded from +4.42% earlier to +4.05% and my position is only +0.23% after a full cycle of chop — take the small win rather than round-trip it a fourth time.
2026-07-22T18:20:00Z,buy,BTC-USD,approved,ok,0.000910,65967.08,60.00,442.51,502.51,"BTC at +1.81% is the only other green name on a broadly red tape (META -8%, GOOGL -6.6%, TSLA -4.8%) and has been the steadier of the two crypto legs, so rotate the crypto exposure there for a ~12% equity clip."
2026-07-22T18:30:00Z,sell,BTC-USD,approved,ok,-0.000910,65834.44,59.88,502.39,502.39,"BTC has faded from +1.81% at entry to +1.60% and the position is -0.20% underwater with no re-acceleration, so cut it fast per the tight-stop rule."
2026-07-22T18:30:00Z,buy,ETH-USD,approved,ok,0.031068,1931.26,60.00,442.39,502.39,"ETH at +3.75% is by far the strongest name on a deeply red tape and is holding its gain while BTC fades, so rotate crypto exposure into the relative-strength leader."
2026-07-22T18:40:00Z,hold,none,approved,hold,,,,442.39,502.14,"ETH remains the strongest name on a deeply red tape at +3.33% and my position is only -0.41% underwater with no better setup elsewhere — everything else is bleeding, so I hold the leader rather than chase a falling knife."
2026-07-22T18:50:00Z,sell,ETH-USD,approved,ok,-0.031068,1926.82,59.86,502.25,502.25,ETH momentum has decayed from +4.4% to +3.5% while my position sits underwater at -0.23%; cut it and go flat rather than hold a fading leader on a tape where every equity name is red.
2026-07-22T18:50:00Z,buy,BTC-USD,approved,ok,0.000912,65780.20,60.00,442.25,502.25,"BTC is the only name still expanding today at +1.52% with none of ETH's intraday fade, so rotate the crypto exposure into the steadier leg for a fast momentum scalp."
2026-07-22T19:00:00Z,sell,BTC-USD,approved,ok,-0.000912,65864.26,60.08,502.32,502.32,BTC's momentum is flattening at +1.65% while the position sits at only +0.13% — take the small gain and rotate into the day's strongest expanding name.
2026-07-22T19:00:00Z,buy,ETH-USD,approved,ok,0.031090,1929.88,60.00,442.32,502.32,"ETH at +3.68% is re-accelerating and is by far the strongest name on a deeply red tape, leading BTC by more than 2 points of relative strength."
2026-07-22T19:10:00Z,sell,ETH-USD,approved,ok,-0.031090,1925.16,59.85,502.18,502.18,ETH momentum has faded from +3.68% at entry to +3.43% and the position is underwater again — cut it rather than round-trip a third time.
2026-07-22T19:10:00Z,buy,BTC-USD,approved,ok,0.000912,65754.98,60.00,442.18,502.18,"BTC at +1.48% is the only crypto holding a steady uptrend without ETH's intraday decay, and it's the sole green name outside ETH on a broadly red tape."
2026-07-22T19:20:00Z,sell,BTC-USD,approved,ok,-0.000912,65822.42,60.06,502.24,502.24,"BTC has stalled at +1.58% with the position only +0.10% after two flat cycles, so I'm rotating out of the laggard."
2026-07-22T19:20:00Z,buy,ETH-USD,approved,ok,0.031139,1926.85,60.00,442.24,502.24,"ETH at +3.52% is more than double BTC's move and is the strongest name on the board on a broadly red equity tape, so I'm putting the crypto allocation where the momentum actually is."
2026-07-22T19:30:00Z,sell,ETH-USD,approved,ok,-0.031139,1926.12,59.98,502.22,502.22,"ETH has faded from +3.52% at entry to +3.48% with the position underwater and the last three crypto rotations all producing flat-to-negative churn, so I'm taking the position off rather than paying spread for another sideways cycle."
2026-07-22T19:30:00Z,buy,META,approved,ok,0.095680,627.09,60.00,442.22,502.22,"META at -7.96% is by far the most oversold name on the board and a washed-out mega-cap into afternoon is the highest-probability mean-reversion snap available, sized at ~12% of equity with a fast exit if it keeps bleeding."
2026-07-22T19:40:00Z,sell,META,approved,ok,-0.095680,625.25,59.82,502.04,502.04,"The oversold-bounce thesis on META has not paid — it slid from -7.96% to -8.23% while underwater, so cut it and stop catching a falling knife."
2026-07-22T19:40:00Z,buy,ETH-USD,approved,ok,0.031160,1925.55,60.00,442.04,502.04,ETH at +3.45% is the strongest name on the board by a wide margin and the only asset with real upside momentum while every equity bleeds.
2026-07-22T19:50:01Z,sell,ETH-USD,approved,ok,-0.031160,1925.46,60.00,502.04,502.04,ETH has been flat at +3.44% for two cycles with the position at breakeven — recycle the capital rather than pay round-trip friction on a stalled move.
2026-07-22T19:50:01Z,buy,BTC-USD,approved,ok,0.000911,65872.95,60.00,442.04,502.04,"BTC at +1.66% is the only name still building on its move while the entire equity board is red, so rotate the crypto exposure into the one chart that is still trending up rather than the one that has gone flat."
2026-07-22T20:00:01Z,sell,BTC-USD,approved,ok,-0.000911,65830.13,59.96,502.00,502.00,BTC has stalled at +1.60% and the position is underwater after two cycles of no follow-through — recycle capital rather than bleed.
2026-07-22T20:00:01Z,buy,ETH-USD,approved,ok,0.031192,1923.54,60.00,442.00,502.00,"ETH at +3.34% is the strongest mover on the board while every equity name is red, and it is still the only asset making upside progress."
2026-07-22T20:10:00Z,sell,ETH-USD,approved,ok,-0.031192,1925.07,60.05,502.05,502.05,ETH has decayed from +3.45% to +3.42% over three cycles with the position stuck at breakeven — the move is exhausted and holding it ties up capital in a stalled leader.
2026-07-22T20:10:00Z,buy,BTC-USD,approved,ok,0.000912,65789.42,60.00,442.05,502.05,"BTC is the only name on the board making a fresh push (+1.53% and rebuilding after its earlier stall) while every equity is closed and red, so I rotate into the one live asset showing renewed upside momentum."
2026-07-22T20:20:00Z,sell,BTC-USD,approved,ok,-0.000912,65905.54,60.11,502.15,502.15,BTC is up only +0.18% on the position and its +1.71% day move is lagging ETH badly — recycle the capital into the stronger leg.
2026-07-22T20:20:00Z,buy,ETH-USD,approved,ok,0.033714,1927.99,65.00,437.15,502.15,"ETH at +3.58% is the strongest and still-expanding mover on the board while every equity name is red and untradable, so it gets the crypto allocation this cycle."
2026-07-22T20:30:00Z,sell,ETH-USD,approved,ok,-0.033714,1926.67,64.96,502.11,502.11,"ETH has flatlined at +3.51% and the position is slightly underwater after a full cycle with no follow-through, while BTC is the only name accelerating."
2026-07-22T20:30:00Z,buy,BTC-USD,approved,ok,0.000910,65898.55,60.00,442.11,502.11,BTC at +1.70% is making a fresh push off its intraday base and is the only asset on the board still expanding while every equity name is closed and red.
2026-07-22T20:40:00Z,sell,BTC-USD,approved,ok,-0.000910,65906.62,60.01,502.11,502.11,BTC is flat at +0.01% on the position while ETH has expanded from +3.42% to +3.52% — rotate out of the laggard.
2026-07-22T20:40:00Z,buy,ETH-USD,approved,ok,0.031138,1926.90,60.00,442.11,502.11,"ETH is the strongest and still-expanding mover on the board at +3.52%, doubling BTC's day gain, so take a ~12% equity entry on the leader."
2026-07-22T20:50:01Z,sell,ETH-USD,approved,ok,-0.031138,1925.86,59.97,502.08,502.08,ETH has stalled at +3.46% after three cycles of chop and the position is underwater with no expansion left in the move.
2026-07-22T20:50:01Z,buy,BTC-USD,approved,ok,0.000911,65887.97,60.00,442.08,502.08,"BTC is the only asset still expanding on the day at +1.68% off its base while every equity name is deeply red and untradable, so rotate the crypto allocation into the mover with room left."
2026-07-22T21:00:00Z,sell,BTC-USD,approved,ok,-0.000911,65892.16,60.00,502.09,502.09,BTC is dead flat at +0.01% on the position and its intraday momentum has decayed to +1.69% while ETH has expanded from +3.46% to +3.47% and holds the strongest trend on the board.
2026-07-22T21:00:00Z,buy,ETH-USD,approved,ok,0.031154,1925.94,60.00,442.09,502.09,"ETH is the top momentum name at +3.47% and roughly double BTC's daily gain, so I'm rotating the freed capital plus a small add into the leader for the next leg."
2026-07-22T21:10:00Z,sell,ETH-USD,approved,ok,-0.031154,1928.60,60.08,502.17,502.17,ETH has flattened at +3.61% after four cycles of chop and the position is only +0.14% — take the scratch profit off the table before it rolls over.
2026-07-22T21:10:00Z,buy,BTC-USD,approved,ok,0.000911,65891.72,60.00,442.17,502.17,"BTC at +1.69% is the only crypto still building on the day rather than stalling, so rotate the freed capital into the expanding mover with a ~12% equity entry."
2026-07-22T21:20:00Z,sell,BTC-USD,approved,ok,-0.000911,65887.43,60.00,502.16,502.16,"BTC is flat at -0.01% on the position and has stopped extending, so I'm freeing the capital rather than paying chop."
2026-07-22T21:20:00Z,buy,ETH-USD,approved,ok,0.031135,1927.10,60.00,442.16,502.16,"ETH at +3.53% is re-accelerating and is now more than double BTC's daily gain, making it the strongest live momentum name available while equities are closed."
2026-07-22T21:30:00Z,sell,ETH-USD,approved,ok,-0.031135,1926.96,60.00,502.16,502.16,"ETH is flat at -0.01% on the position and has stalled at +3.5% for three cycles, so I'm freeing the capital."
2026-07-22T21:30:00Z,buy,BTC-USD,approved,ok,0.000911,65878.01,60.00,442.16,502.16,"BTC at +1.67% is the only crypto still quietly extending rather than chopping sideways, so I rotate into it for the next leg."
2026-07-22T21:40:00Z,sell,BTC-USD,approved,ok,-0.000911,66039.60,60.15,502.31,502.31,"BTC is up +0.25% on the position but only +1.92% on the day versus ETH's +3.83%, so I'm rotating out of the laggard while the small gain is real."
2026-07-22T21:40:00Z,buy,ETH-USD,approved,ok,0.036218,1932.72,70.00,432.31,502.31,ETH at +3.83% is the strongest and still-extending name on the board — double BTC's daily move — so I'm putting ~14% of equity into the leader.
2026-07-22T21:50:00Z,sell,ETH-USD,approved,ok,-0.036218,1935.98,70.12,502.43,502.43,"ETH is only +0.17% on the position and has spent four cycles pinned between +3.5% and +4.0% while BTC has quietly accelerated from +1.67% to +2.00%, so I'm rotating out of the stalled leader."
2026-07-22T21:50:00Z,buy,BTC-USD,approved,ok,0.000983,66091.16,65.00,437.43,502.43,"BTC is the one name still making higher daily prints cycle over cycle, so I'm putting ~13% of equity into the actively extending crypto instead of the chopping one."
2026-07-22T22:00:00Z,sell,BTC-USD,approved,ok,-0.000983,66041.25,64.95,502.38,502.38,"BTC is flat at -0.08% on the position and has been rotated into twice with no follow-through, so I'm freeing the capital rather than paying spread on a stalled name."
2026-07-22T22:00:00Z,buy,ETH-USD,approved,ok,0.033561,1936.79,65.00,437.38,502.38,"ETH at +4.05% is now making a new daily high and leading BTC by more than 2x on the day, so I'm taking a fresh ~13% equity entry on the strongest extending name."
2026-07-22T22:10:00Z,sell,ETH-USD,approved,ok,-0.033561,1935.21,64.95,502.32,502.32,"ETH is flat at -0.08% on the position and has stalled after its new daily high while BTC keeps grinding higher, so I'm cutting the dead trade."
2026-07-22T22:10:00Z,buy,BTC-USD,approved,ok,0.000985,65979.15,65.00,437.32,502.32,"BTC at +1.83% is the only name still making higher prints into a quiet tape, so I'm rotating a ~13% equity clip into the steadier trend."
2026-07-22T22:20:00Z,sell,BTC-USD,approved,ok,-0.000985,65963.66,64.98,502.31,502.31,"BTC has gone flat again at -0.02% after three straight round-trips with no follow-through, so I'm cutting the dead position and freeing the capital."
2026-07-22T22:20:00Z,buy,ETH-USD,approved,ok,0.036207,1933.32,70.00,432.31,502.31,"ETH at +3.86% is more than double BTC's daily gain and is the only name with real relative strength in a tape where every equity is red, so I'm rotating into the leader with a ~14% equity entry."
2026-07-22T22:30:00Z,sell,ETH-USD,approved,ok,-0.036207,1935.33,70.07,502.38,502.38,"ETH is flat at +0.10% after four straight round-trips with no follow-through, so I'm taking the tiny gain and stepping aside rather than paying spread on a fifth chop."
2026-07-22T22:30:00Z,buy,BTC-USD,approved,ok,0.000909,65991.32,60.00,442.38,502.38,"With crypto the only tradable tape and ETH stalling under its daily high, I'm rotating a small 12% starter into BTC at +1.84% where the grind higher is steadier."
2026-07-22T22:40:00Z,sell,BTC-USD,approved,ok,-0.000909,65918.71,59.93,502.32,502.32,"BTC has again gone flat at -0.11% after the rotation with no follow-through, so I'm cutting it rather than paying spread on a stalled tape."
2026-07-22T22:40:00Z,buy,ETH-USD,approved,ok,0.033644,1932.00,65.00,437.32,502.32,"ETH at +3.79% is more than double BTC's daily gain and remains the strongest tradable momentum name, so I'm sizing ~13% of equity into the leader."
2026-07-22T22:50:00Z,sell,ETH-USD,approved,ok,-0.033644,1932.97,65.03,502.35,502.35,"ETH has stalled at +0.05% since entry with no follow-through after five straight round-trips, so I'm cutting the dead position rather than paying spread on chop."
2026-07-22T22:50:00Z,buy,BTC-USD,approved,ok,0.000985,65997.83,65.00,437.35,502.35,"BTC at +1.85% is the only tradable name still holding an uptrend without ETH's exhausted parabolic extension, so I'm rotating a ~13% equity clip there."
2026-07-22T23:00:00Z,sell,BTC-USD,approved,ok,-0.000985,66017.99,65.02,502.37,502.37,"BTC has gone flat at +0.03% since entry with no follow-through, so I'm cutting the dead position and rotating to the stronger tape."
2026-07-22T23:00:00Z,buy,ETH-USD,approved,ok,0.033549,1937.45,65.00,437.37,502.37,"ETH at +4.09% is more than double BTC's daily gain and is the strongest momentum name on the only tradable tape, so I'm putting ~13% of equity behind the leader."
2026-07-22T23:10:00Z,sell,ETH-USD,approved,ok,-0.033549,1935.50,64.93,502.30,502.30,"ETH is flat at -0.10% since entry with no follow-through after another 10-minute hold, so I'm cutting it and rotating."
2026-07-22T23:10:00Z,buy,BTC-USD,approved,ok,0.000909,66033.13,60.00,442.30,502.30,"BTC at +1.91% is grinding higher steadily while ETH stalls at its +4% extension, making it the better momentum vehicle for this cycle."
2026-07-22T23:20:00Z,sell,BTC-USD,approved,ok,-0.000909,65862.17,59.84,502.15,502.15,"BTC has rolled over to -0.26% since entry and its daily gain faded from +1.91% to +1.64%, so I cut the loser fast."
2026-07-22T23:20:00Z,buy,ETH-USD,approved,ok,0.031157,1925.74,60.00,442.15,502.15,ETH at +3.46% is more than double BTC's daily strength and is the only tradable name with real momentum while equities are closed.
2026-07-22T23:30:00Z,sell,ETH-USD,approved,ok,-0.031157,1928.10,60.07,502.22,502.22,"ETH is only +0.12% since entry and has faded from +4.09% to +3.58% on the day, so I'm cutting the stalled position rather than paying for another flat cycle."
2026-07-22T23:30:00Z,buy,BTC-USD,approved,ok,0.000910,65938.93,60.00,442.22,502.22,"BTC at +1.76% is the only crypto still making higher ground while ETH decays off its extension, so I'm rotating ~12% of equity into the fresher trend with equities closed."
2026-07-22T23:40:00Z,sell,BTC-USD,approved,ok,-0.000910,65948.16,60.01,502.23,502.23,"BTC is flat at +0.01% since entry with no follow-through and its daily gain has faded from +1.91% to +1.78%, so I'm rotating out of a stalled position."
2026-07-22T23:40:00Z,buy,ETH-USD,approved,ok,0.031094,1929.64,60.00,442.23,502.23,ETH at +3.67% has reaccelerated to more than double BTC's daily strength and is the stronger of the two tradable crypto legs this cycle.
2026-07-22T23:50:00Z,sell,ETH-USD,approved,ok,-0.031094,1930.88,60.04,502.27,502.27,"ETH is only +0.06% since entry with no follow-through after four cycles of chop, so I take the flat exit rather than bleed on decay."
2026-07-22T23:50:00Z,buy,BTC-USD,approved,ok,0.000909,65998.96,60.00,442.27,502.27,"BTC at +1.86% has firmed back up while ETH stalls, so I rotate into the crypto currently making higher ground with a ~12% equity entry."
2026-07-23T00:00:00Z,sell,BTC-USD,approved,ok,-0.000909,66086.61,60.08,502.35,502.35,"BTC is only +0.13% since entry after another flat cycle and its daily gain has stalled at +2.16% while ETH runs +3.31%, so I take the small win and rotate."
2026-07-23T00:00:00Z,buy,ETH-USD,approved,ok,0.031031,1933.54,60.00,442.35,502.35,"ETH at +3.31% is the strongest momentum name available with crypto the only tradable market, so I put ~12% of equity into the leader."
2026-07-23T00:10:00Z,buy,ETH-USD,approved,ok,0.028406,1936.21,55.00,387.35,502.43,"ETH is the strongest tradable name at +3.46% and has extended above my entry while BTC lags at +2.30%, so I add to the winner rather than rotate again into chop."
2026-07-23T00:20:00Z,hold,none,approved,hold,,,,387.35,502.34,"ETH is my only tradable momentum name and I already hold a full position at breakeven with equities closed, so I let the +3.37% leader work rather than churn a third round-trip in an hour."
2026-07-23T00:30:00Z,sell,ETH-USD,approved,ok,-0.059437,1937.49,115.16,502.51,502.51,"ETH is up only 0.14% after three cycles of holding a full position at breakeven with no follow-through above $1940, so I take the small gain off and free cash."
2026-07-23T00:30:00Z,buy,BTC-USD,approved,ok,0.000906,66219.27,60.00,442.51,502.51,"BTC at +2.36% is accelerating on the day while ETH stalls, so I rotate a 12% starter into the stronger crypto leg."
2026-07-23T00:40:00Z,sell,BTC-USD,approved,ok,-0.000906,66165.95,59.95,502.46,502.46,"BTC has stalled at breakeven since entry while ETH runs +3.44%, so I free the capital rather than sit in a flat position."
2026-07-23T00:40:00Z,buy,ETH-USD,approved,ok,0.033575,1935.95,65.00,437.46,502.46,"ETH is the strongest tradable name at +3.44% and leading BTC on the day, so I take a ~13% momentum stake in the crypto leader."
2026-07-23T00:50:00Z,buy,ETH-USD,approved,ok,0.025840,1935.00,50.00,387.46,502.43,"ETH is the strongest tradable name at +3.39% and holding above my entry, so I add a second tranche to press the leader while BTC lags at +2.19%."
2026-07-23T01:00:00Z,sell,ETH-USD,approved,ok,-0.059415,1931.40,114.75,502.21,502.21,"ETH has faded from +3.44% to +3.20% and my full-size position sits red at -0.21% after three straight add-ins, so I cut the loser fast and go to cash."
2026-07-23T01:00:00Z,buy,BTC-USD,approved,ok,0.000909,66033.59,60.00,442.21,502.21,"BTC at +2.08% is the only other tradable crypto and is holding its intraday trend while ETH rolls over, so I take a small ~12% starter stake for the momentum rotation."
2026-07-23T01:10:00Z,sell,BTC-USD,approved,ok,-0.000909,65995.44,59.97,502.18,502.18,"BTC has drifted red since entry an hour ago and its +2.02% trend is decelerating while ETH extends to +3.16%, so I cut the laggard."
2026-07-23T01:10:00Z,buy,ETH-USD,approved,ok,0.033668,1930.62,65.00,437.18,502.18,"ETH is the strongest tradable name at +3.16% and making new session highs versus BTC's stall, so I redeploy ~13% of equity into the leader."
2026-07-23T01:20:00Z,sell,ETH-USD,approved,ok,-0.033668,1928.17,64.92,502.09,502.09,"ETH has stalled at +3.03% after fading from +3.44% and my third consecutive entry is again underwater, so I cut it and stand aside rather than keep churning a decelerating trend."
2026-07-23T01:20:00Z,buy,BTC-USD,approved,ok,0.000911,65885.33,60.00,442.09,502.09,"BTC at +1.85% is the only tradable name still building on its intraday trend while ETH stalls, so I rotate a small 12% starter into the stronger relative momentum."
2026-07-23T01:30:00Z,sell,BTC-USD,approved,ok,-0.000911,65898.56,60.01,502.11,502.11,BTC has decelerated to +1.87% from +2.08% and my position is flat at +0.02% — take the scratch and rotate.
2026-07-23T01:30:00Z,buy,ETH-USD,approved,ok,0.031035,1933.32,60.00,442.11,502.11,"ETH at +3.30% is the strongest tradable name and has firmed since my last exit at +3.03%, so I'm rotating into the relative-strength leader."
2026-07-23T01:40:00Z,sell,ETH-USD,approved,ok,-0.031035,1926.73,59.80,501.90,501.90,ETH has faded from +3.30% at my entry to +2.95% and the position is red — cut it and stop churning the same stalling name.
2026-07-23T01:40:00Z,buy,BTC-USD,approved,ok,0.000913,65737.20,60.00,441.90,501.90,"BTC at +1.62% is the only crypto still holding a constructive intraday base while ETH decelerates, so rotate a small 12% starter there."
2026-07-23T01:50:00Z,sell,BTC-USD,approved,ok,-0.000913,65793.78,60.05,501.95,501.95,BTC has flattened to +1.70% from +1.85% earlier and my position is only +0.09% — take the scratch profit rather than sit in a decelerating trend.
2026-07-23T01:50:00Z,buy,ETH-USD,approved,ok,0.033709,1928.29,65.00,436.95,501.95,"ETH at +3.03% is the strongest tradable name and is outperforming BTC nearly 2:1 today, so rotate into the leader with a ~13% equity entry."
2026-07-23T02:00:00Z,sell,ETH-USD,approved,ok,-0.033709,1927.44,64.97,501.93,501.93,ETH has faded to +2.99% from +3.03% at entry and the position is red at -0.04% — cut it fast per the scalping rule.
2026-07-23T02:00:00Z,buy,BTC-USD,approved,ok,0.000912,65799.01,60.00,441.93,501.93,"BTC at +1.71% is firming into the close of the crypto session while ETH stalls, so rotate a small 12% starter into the stronger relative-momentum name."
2026-07-23T02:10:00Z,sell,BTC-USD,approved,ok,-0.000912,65785.72,59.99,501.91,501.91,BTC entry at 65799 is red and momentum has flattened at +1.69% while ETH accelerates to +2.93% — cut and rotate.
2026-07-23T02:10:00Z,buy,ETH-USD,approved,ok,0.036338,1926.36,70.00,431.91,501.91,"ETH is the strongest tradable name at +2.93% and expanding, nearly 2x BTC's move — take a ~14% equity momentum entry."
2026-07-23T02:20:00Z,sell,ETH-USD,approved,ok,-0.036338,1925.59,69.97,501.89,501.89,"ETH has faded from +2.93% at entry to +2.89% and the position is red, so cut it fast per the rules."
2026-07-23T02:20:00Z,buy,BTC-USD,approved,ok,0.000913,65722.51,60.00,441.89,501.89,"BTC at +1.59% is the only other tradable name and is holding its intraday gain while ETH decays, so rotate a small 12% slice into it."
2026-07-23T02:30:01Z,sell,BTC-USD,approved,ok,-0.000913,65705.50,59.98,501.87,501.87,"BTC entry at 65722 is red and its +1.57% is fading while ETH accelerates to +2.78%, nearly 2x the move — rotate out of the laggard."
2026-07-23T02:30:01Z,buy,ETH-USD,approved,ok,0.031192,1923.56,60.00,441.87,501.87,"ETH is the strongest tradable name at +2.78% and expanding, so take a ~12% equity position in the leader."
2026-07-23T02:40:00Z,sell,ETH-USD,approved,ok,-0.031192,1924.66,60.03,501.90,501.90,"ETH is only +0.06% on entry and its intraday momentum has decayed from +2.78% at entry to +2.84% flat while BTC is accelerating, so take the tiny gain and rotate."
2026-07-23T02:40:00Z,buy,BTC-USD,approved,ok,0.000913,65736.60,60.00,441.90,501.90,"BTC at +1.62% is firming off its earlier +1.57% while ETH stalls, so take a ~12% equity position in the name that is currently expanding."
2026-07-23T02:50:01Z,sell,BTC-USD,approved,ok,-0.000913,65753.62,60.02,501.92,501.92,"BTC is only +0.03% on entry and its +1.64% intraday move is lagging ETH, which has accelerated from +2.78% to +2.85% — rotate out."
2026-07-23T02:50:01Z,buy,ETH-USD,approved,ok,0.031170,1924.90,60.00,441.92,501.92,"ETH is the strongest tradable name at +2.85% and expanding to new intraday highs, so take a ~12% equity position in the leader."
2026-07-23T03:00:00Z,sell,ETH-USD,approved,ok,-0.031170,1926.34,60.04,501.96,501.96,"ETH is up only 0.07% on entry after three straight flat rotations and its +2.93% intraday move is now stalling near highs, so bank the position rather than pay another round of churn."
2026-07-23T03:00:00Z,buy,BTC-USD,approved,ok,0.000943,65781.63,62.00,439.96,501.96,"BTC at +1.69% is quietly grinding higher off its +1.57%/+1.62%/+1.64% prints while ETH's advance flattens, so rotate ~12% of equity into the name that's still expanding."
2026-07-23T03:10:01Z,sell,BTC-USD,approved,ok,-0.000943,65697.06,61.92,501.88,501.88,"BTC is red on entry at -0.13% after three straight flat rotations and its +1.56% intraday print has faded from +1.69%, so cut it fast."
2026-07-23T03:10:01Z,buy,ETH-USD,approved,ok,0.031189,1923.78,60.00,441.88,501.88,"ETH at +2.79% is the strongest tradable name by a wide margin and is holding its intraday leadership over BTC, so rotate ~12% of equity into the leader."
2026-07-23T03:20:00Z,sell,ETH-USD,approved,ok,-0.031189,1920.97,59.91,501.80,501.80,"ETH is red on entry at -0.15% and has stalled at the same $1920-1926 level across four rotations, so I cut it rather than pay another flat cycle."
2026-07-23T03:20:00Z,buy,BTC-USD,approved,ok,0.000915,65591.19,60.00,441.80,501.80,"BTC at +1.39% is the only other tradable name and is holding above its earlier $65,697 print, so I rotate into it for the momentum leg while ETH chops."
2026-07-23T03:30:01Z,sell,BTC-USD,approved,ok,-0.000915,65604.37,60.01,501.81,501.81,"BTC is flat at +0.02% on entry and has gone nowhere across three rotations in the $65.5-65.8k band, so I'm rotating out of the dead money."
2026-07-23T03:30:01Z,buy,ETH-USD,approved,ok,0.031223,1921.65,60.00,441.81,501.81,"ETH at +2.68% is nearly double BTC's daily gain and is the clear momentum leader among the only two tradable names, so I'm putting the capital where the trend actually is."
2026-07-23T03:40:00Z,sell,ETH-USD,approved,ok,-0.031223,1923.37,60.05,501.86,501.86,"ETH is only +0.09% on entry and has chopped in the same $1920-1926 band for four straight rotations, so I take the tiny gain rather than pay another cycle of dead range."
2026-07-23T03:40:00Z,buy,BTC-USD,approved,ok,0.000914,65664.82,60.00,441.86,501.86,"BTC at +1.51% is firming back toward the day's high while ETH stalls, so I rotate a ~12% equity clip into the crypto name that is actually still trending."
2026-07-23T03:50:00Z,sell,BTC-USD,approved,ok,-0.000914,65615.04,59.95,501.82,501.82,"BTC is red on entry at -0.08% and has round-tripped through four straight rotations in a $65.5-65.7k band, so I cut it and stop paying spread on chop."
2026-07-23T03:50:00Z,buy,ETH-USD,approved,ok,0.031280,1918.14,60.00,441.82,501.82,"ETH at +2.49% is running nearly double BTC's daily gain and is the stronger of the only two tradable names, so I take a ~12% equity position in the momentum leader."
2026-07-23T04:00:00Z,sell,ETH-USD,approved,ok,-0.031280,1919.53,60.04,501.86,501.86,"ETH is only +0.07% on entry after another flat rotation in the same $1918-1926 chop band, so I take the small gain and rotate."
2026-07-23T04:00:00Z,buy,BTC-USD,approved,ok,0.000914,65624.51,60.00,441.86,501.86,"BTC at +1.44% is holding its intraday uptrend while ETH stalls, so I put ~12% of equity into the crypto that is still trending with market equities closed."
2026-07-23T04:10:00Z,sell,BTC-USD,approved,ok,-0.000914,65584.83,59.96,501.82,501.82,"BTC is red on entry again at -0.06% after another flat rotation, so I cut the stalled position rather than let a fifth round-trip bleed fees."
2026-07-23T04:10:00Z,buy,ETH-USD,approved,ok,0.031271,1918.70,60.00,441.82,501.82,"ETH at +2.52% is nearly double BTC's +1.38% and is pushing the upper end of its range, so I rotate ~12% of equity into the stronger crypto leg."
2026-07-23T04:20:00Z,sell,ETH-USD,approved,ok,-0.031271,1920.20,60.05,501.87,501.87,"ETH is only +0.08% on entry after yet another flat rotation inside the same $1918-1926 band, so I take the scratch and free the capital."
2026-07-23T04:20:00Z,buy,BTC-USD,approved,ok,0.000915,65600.00,60.00,441.87,501.87,"BTC at +1.41% is the only crypto still holding a clean intraday uptrend with equities closed, so I rotate ~12% of equity into it for the next leg."
2026-07-23T04:30:00Z,sell,BTC-USD,approved,ok,-0.000915,65656.42,60.05,501.92,501.92,"BTC is only +0.09% on entry and stuck in the same $65.6k chop that has produced four flat round-trips, so I take the small gain and rotate."
2026-07-23T04:30:00Z,buy,ETH-USD,approved,ok,0.032221,1924.20,62.00,439.92,501.92,"ETH at +2.82% is nearly double BTC's +1.49% and is breaking above the $1918-1926 range that capped it all session, so I put ~12% of equity into the stronger leg."
2026-07-23T04:40:00Z,sell,ETH-USD,approved,ok,-0.032221,1921.70,61.92,501.84,501.84,"ETH is red on entry at -0.13% after fading from the $1926 breakout back into the range, so I cut it rather than hold a failed breakout."
2026-07-23T04:40:00Z,buy,BTC-USD,approved,ok,0.000915,65599.92,60.00,441.84,501.84,"BTC at +1.41% is holding its intraday uptrend near $65.6k while ETH rolls over, so I rotate into the stronger relative-strength name with a small 12% position."
2026-07-23T04:50:00Z,sell,BTC-USD,approved,ok,-0.000915,65596.31,60.00,501.84,501.84,"BTC is flat at -0.01% on entry and stuck in the same $65.6k chop, so I'm rotating the capital into ETH which is the stronger crypto today."
2026-07-23T04:50:00Z,buy,ETH-USD,approved,ok,0.033846,1920.49,65.00,436.84,501.84,"ETH at +2.62% is nearly double BTC's +1.40% and remains the leading intraday momentum name, so I'm re-entering with a ~13% equity clip near $1920."
2026-07-23T05:00:01Z,sell,ETH-USD,approved,ok,-0.033846,1918.76,64.94,501.78,501.78,"ETH is red on entry at -0.09% and has stalled below the $1926 level that already rejected once, so I'm cutting the flat position rather than paying more chop."
2026-07-23T05:00:01Z,buy,BTC-USD,approved,ok,0.000991,65576.16,65.00,436.78,501.78,"BTC at +1.37% is holding a steady uptrend near $65.6k without ETH's failed-breakout fade, so I'm rotating ~13% of equity into the cleaner intraday trend."
2026-07-23T05:10:00Z,sell,BTC-USD,approved,ok,-0.000991,65593.92,65.02,501.80,501.80,"BTC is flat at +0.03% on entry and going nowhere in the $65.6k chop while ETH runs +2.58%, so I'm freeing the capital."
2026-07-23T05:10:00Z,buy,ETH-USD,approved,ok,0.033856,1919.88,65.00,436.80,501.80,ETH at +2.58% is nearly double BTC's +1.40% and is the clear intraday momentum leader among the only two tradable names.
2026-07-23T05:20:00Z,sell,ETH-USD,approved,ok,-0.033856,1919.63,64.99,501.79,501.79,"ETH is flat at -0.01% on entry and has stalled below $1926 for three cycles, so I'm freeing capital rather than paying chop."
2026-07-23T05:20:00Z,buy,BTC-USD,approved,ok,0.000991,65620.48,65.00,436.79,501.79,"BTC at +1.44% is firming into the upper end of its $65.6k range while ETH stalls, so I'm taking a small ~13% equity position on the relative strength shift."
2026-07-23T05:30:00Z,sell,BTC-USD,approved,ok,-0.000991,65689.21,65.07,501.86,501.86,"BTC is up only +0.10% since entry and grinding sideways in the $65.6-65.7k chop while ETH runs +2.84%, nearly double BTC's +1.54%, so I'm rotating out of the laggard."
2026-07-23T05:30:00Z,buy,ETH-USD,approved,ok,0.033771,1924.75,65.00,436.86,501.86,"ETH at +2.84% is the clear intraday momentum leader and has finally cleared the $1926 resistance that capped it for three cycles, so I'm taking a ~13% equity position on the breakout."
2026-07-23T05:40:01Z,sell,ETH-USD,approved,ok,-0.033771,1924.02,64.98,501.83,501.83,"ETH is flat at -0.04% since entry and has stalled at $1924 for two cycles while BTC firms to +1.53%, so I cut the dead position and rotate."
2026-07-23T05:40:01Z,buy,BTC-USD,approved,ok,0.000990,65682.19,65.00,436.83,501.83,"BTC at +1.53% is making the day's high push through $65.68k with fresh relative strength as ETH stalls, so I take a 13% equity momentum entry."
2026-07-23T05:50:00Z,sell,BTC-USD,approved,ok,-0.000990,65689.01,65.01,501.84,501.84,"BTC is flat at +0.01% since entry and has chopped in the same $65.6-65.7k band for four cycles, so I'm recycling the capital into the stronger mover."
2026-07-23T05:50:00Z,buy,ETH-USD,approved,ok,0.033809,1922.54,65.00,436.84,501.84,"ETH at +2.73% is nearly double BTC's daily gain and is pressing back toward $1930 highs, making it the better momentum vehicle for the next leg."
2026-07-23T06:00:00Z,sell,ETH-USD,approved,ok,-0.033809,1921.95,64.98,501.82,501.82,"ETH is flat at -0.03% since entry and has stalled at $1922 for a full cycle while BTC is the one actually making a fresh push, so I recycle the capital."
2026-07-23T06:00:00Z,buy,BTC-USD,approved,ok,0.000990,65660.78,65.00,436.82,501.82,"BTC at +1.50% is holding the upper end of its range and pressing the day's high at $65.66k, giving the cleaner near-term breakout setup than a stalled ETH."
2026-07-23T06:10:00Z,sell,BTC-USD,approved,ok,-0.000990,65632.66,64.97,501.79,501.79,"BTC has gone nowhere for three cycles in the same $65.6-65.7k band and is now red since entry, so recycle the capital into the stronger leg."
2026-07-23T06:10:00Z,buy,ETH-USD,approved,ok,0.031236,1920.84,60.00,441.79,501.79,ETH at +2.64% is running nearly double BTC's daily gain and is the clear relative-strength leader among the only two tradable names with the market closed.
2026-07-23T06:20:00Z,sell,ETH-USD,approved,ok,-0.031236,1924.11,60.10,501.89,501.89,"ETH is up only 0.17% since entry and has stalled at $1924 for a full cycle after a big intraday run, so I take the small gain rather than hold a fading leader."
2026-07-23T06:20:00Z,buy,BTC-USD,approved,ok,0.000914,65668.84,60.00,441.89,501.89,BTC at +1.51% is grinding at the top of its $65.6-65.7k range and a break of the day's high is the cleanest momentum setup available with equities closed.
2026-07-23T06:30:00Z,sell,BTC-USD,approved,ok,-0.000914,65719.42,60.05,501.94,501.94,BTC has chopped in the same $65.6-65.7k band for four straight cycles and is only +0.08% since entry — dead money in a rotation trade.
2026-07-23T06:30:00Z,buy,ETH-USD,approved,ok,0.031164,1925.28,60.00,441.94,501.94,"ETH at +2.87% is nearly double BTC's daily gain and has broken above the $1922 shelf that stalled it earlier, making it the clear relative-strength leader to ride."
2026-07-23T06:40:00Z,sell,ETH-USD,approved,ok,-0.031164,1923.79,59.95,501.89,501.89,"ETH is red since entry and has stalled at $1923-1925 for two cycles after its run, so cut it flat rather than hold a fading leader."
2026-07-23T06:40:00Z,buy,BTC-USD,approved,ok,0.000913,65711.84,60.00,441.89,501.89,"BTC at +1.58% is holding the top of its range while ETH momentum decays, making it the better vehicle for a fresh 12% probe with a fast exit if it loses $65.6k."
2026-07-23T06:50:00Z,sell,BTC-USD,approved,ok,-0.000913,65763.19,60.05,501.94,501.94,"BTC is up only 0.08% since entry and has been range-bound in $65.6-65.8k for five straight cycles, so I take the tiny gain and rotate."
2026-07-23T06:50:00Z,buy,ETH-USD,approved,ok,0.031166,1925.17,60.00,441.94,501.94,ETH at +2.87% is running nearly double BTC's daily gain and is the only vehicle with real momentum while equities are closed.
2026-07-23T07:00:00Z,sell,ETH-USD,approved,ok,-0.031166,1924.40,59.98,501.92,501.92,"ETH is flat-to-red since entry and has stalled in the $1923-1925 band for three straight cycles, so I'm cutting the dead position rather than paying more chop."
2026-07-23T07:00:00Z,buy,BTC-USD,approved,ok,0.000912,65758.11,60.00,441.92,501.92,BTC at +1.65% is pushing the top of its multi-cycle $65.6-65.8k range and is the only vehicle still making higher lows while ETH momentum decays.
2026-07-23T07:10:00Z,sell,BTC-USD,approved,ok,-0.000912,65654.18,59.91,501.82,501.82,"BTC is red since entry and has been pinned in the same $65.6-65.8k band for six straight cycles, so the range trade has no edge left."
2026-07-23T07:10:00Z,buy,ETH-USD,approved,ok,0.031226,1921.46,60.00,441.82,501.82,ETH at +2.67% is running nearly double BTC's daily gain and is the only tradable vehicle with live upside momentum while equities are closed.
2026-07-23T07:20:01Z,sell,ETH-USD,approved,ok,-0.031226,1914.82,59.79,501.61,501.61,ETH is red since entry and has stalled around $1915-1925 for three cycles while BTC quietly firms — cut the flat loser and rotate.
2026-07-23T07:20:01Z,buy,BTC-USD,approved,ok,0.000917,65422.91,60.00,441.61,501.61,"BTC at +1.13% is holding gains and firming off the lower end of its range while ETH fades, so rotate the freed capital into the stronger-holding of the only two tradable vehicles."
2026-07-23T07:30:00Z,sell,BTC-USD,approved,ok,-0.000917,65397.07,59.98,501.59,501.59,"BTC is red since entry and has chopped in the same $65.4-65.8k band for four cycles with no follow-through, so I'm cutting it and rotating into the stronger leg."
2026-07-23T07:30:00Z,buy,ETH-USD,approved,ok,0.033944,1914.94,65.00,436.59,501.59,ETH at +2.32% is running more than double BTC's daily gain and is the strongest tradable momentum leg while equities are closed.
2026-07-23T07:40:00Z,sell,ETH-USD,approved,ok,-0.033944,1913.81,64.96,501.55,501.55,"ETH is red since entry and has stalled in the same $1913-1925 band for three cycles while BTC firms at +1.08%, so rotate out of the dead trade."
2026-07-23T07:40:00Z,buy,BTC-USD,approved,ok,0.000994,65391.43,65.00,436.55,501.55,"BTC is holding +1.08% and grinding up off its range low while ETH decays, so take a ~13% equity position in the stronger of the two tradable crypto names."
2026-07-23T07:50:00Z,sell,BTC-USD,approved,ok,-0.000994,65372.78,64.98,501.53,501.53,"BTC is red since entry again and has chopped in the same $65.3-65.8k band for five cycles with no breakout, so cut it and rotate to the stronger leg."
2026-07-23T07:50:00Z,buy,ETH-USD,approved,ok,0.031366,1912.87,60.00,441.53,501.53,"ETH at +2.21% is running double BTC's daily gain and is the only asset showing real momentum with equities closed, so take a small 12% position on the relative-strength leader."
2026-07-23T08:00:01Z,sell,ETH-USD,approved,ok,-0.031366,1914.30,60.04,501.58,501.58,"ETH is up only a hair since entry and has now chopped in the same $1913-1925 band for six cycles, so bank the flat trade rather than pay another cycle of decay."
2026-07-23T08:00:01Z,buy,BTC-USD,approved,ok,0.000918,65394.81,60.00,441.58,501.58,"BTC at +1.09% is grinding up off its range low while ETH stalls, so rotate a ~12% equity slice into the asset with the fresher upward push."
2026-07-23T08:10:00Z,sell,BTC-USD,approved,ok,-0.000918,65470.50,60.07,501.65,501.65,"BTC is only +0.12% since entry and has chopped the same $65.3-65.8k band for six straight cycles with no follow-through, so take the small green and free the capital."
2026-07-23T08:10:00Z,buy,ETH-USD,approved,ok,0.031289,1917.62,60.00,441.65,501.65,"ETH at +2.46% is doubling BTC's daily gain and has broken above the $1913-1925 band it was stuck in, so rotate ~12% of equity into the stronger momentum leg."
2026-07-23T08:20:00Z,sell,ETH-USD,approved,ok,-0.031289,1921.07,60.11,501.76,501.76,"ETH is only +0.18% since entry and is stalling at the top of the $1913-1925 band it has chopped in all session, so take the small gain off the table."
2026-07-23T08:20:00Z,buy,BTC-USD,approved,ok,0.000916,65535.81,60.00,441.76,501.76,"Rotate ~12% of equity into BTC, which is holding +1.31% and firming off its range low while ETH's relative momentum fades."
2026-07-23T08:40:00Z,sell,BTC-USD,approved,ok,-0.000916,65576.16,60.04,501.79,501.79,"BTC is only +0.06% since entry and still chopping the same $65.3-65.8k band, so cut the dead trade rather than pay another cycle of drift."
2026-07-23T08:40:00Z,buy,ETH-USD,approved,ok,0.033799,1923.11,65.00,436.79,501.79,"ETH at +2.76% is running double BTC's daily gain and has pushed out the top of its prior $1913-1925 range, so rotate ~13% of equity into the stronger leg."
2026-07-23T08:50:01Z,sell,ETH-USD,approved,ok,-0.033799,1924.20,65.04,501.83,501.83,"ETH is only +0.06% since entry and has stalled at the top of its $1913-1925 band for two cycles, so take the flat trade off before it rolls back."
2026-07-23T08:50:01Z,buy,BTC-USD,approved,ok,0.000915,65592.28,60.00,441.83,501.83,"Rotate ~12% of equity into BTC, the only other tradable name, as it firms at +1.39% near the upper end of its $65.3-65.8k range with equities closed."
2026-07-23T09:00:01Z,sell,BTC-USD,approved,ok,-0.000915,65591.20,60.00,501.83,501.83,BTC is flat at -0.00% since entry and still chopping the same $65.3-65.8k band with no momentum.
2026-07-23T09:00:01Z,buy,ETH-USD,approved,ok,0.031160,1925.55,60.00,441.83,501.83,"ETH at +2.89% is doubling BTC's daily gain and leading the crypto tape, so rotate the same ~12% of equity into the stronger name."
2026-07-23T09:10:00Z,sell,ETH-USD,approved,ok,-0.031160,1928.99,60.11,501.94,501.94,"ETH is only +0.18% since entry and has stalled at the $1929 top of its intraday band after a +3% run, so book the small gain rather than hold a fading leader."
2026-07-23T09:10:00Z,buy,BTC-USD,approved,ok,0.000914,65667.49,60.00,441.94,501.94,"Rotate ~12% of equity into BTC at +1.51% — it is basing at the upper end of its $65.3-65.8k range with room to extend while ETH digests, and it is the only other tradable name with the equity market closed."
2026-07-23T09:20:01Z,sell,BTC-USD,approved,ok,-0.000914,65684.96,60.02,501.95,501.95,BTC is up only 0.03% since entry and still grinding the same range while ETH prints a much stronger tape.
2026-07-23T09:20:01Z,buy,ETH-USD,approved,ok,0.031094,1929.61,60.00,441.95,501.95,"ETH at +3.10% is doubling BTC's daily move and leading crypto, so rotate the crypto sleeve into the momentum leader."
2026-07-23T09:30:00Z,sell,ETH-USD,approved,ok,-0.031094,1928.52,59.97,501.92,501.92,"ETH stalled at $1928 and is now slightly underwater since entry after two failed pushes at the $1929 ceiling, so cut it and stop paying the spread on a stalled leader."
2026-07-23T09:30:00Z,buy,BTC-USD,approved,ok,0.000913,65683.07,60.00,441.92,501.92,"Rotate ~12% of equity into BTC at +1.53% — it is holding the upper end of its range while ETH rolls over, giving the better momentum vehicle this cycle."
2026-07-23T09:40:00Z,sell,BTC-USD,approved,ok,-0.000913,65672.47,59.99,501.91,501.91,BTC is flat-to-negative since entry at $65683 and has now churned three cycles in the same range while ETH is running +3.00% — cut the dead capital.
2026-07-23T09:40:00Z,buy,ETH-USD,approved,ok,0.031127,1927.60,60.00,441.91,501.91,"ETH is the clear crypto leader at +3.00% versus BTC's +1.52% and is pressing the upper end of its range, so rotate ~12% of equity into the stronger momentum name."
2026-07-23T09:50:00Z,sell,ETH-USD,approved,ok,-0.031127,1926.92,59.98,501.89,501.89,"ETH has stalled flat at $1927 for a full cycle after three rotations produced only slippage losses, so exit the dead position rather than pay another round-trip on a stalled leader."
2026-07-23T09:50:00Z,buy,BTC-USD,approved,ok,0.000914,65668.85,60.00,441.89,501.89,BTC at +1.51% is the only crypto still holding its upper range with fresh upside room while ETH's +2.96% move has clearly exhausted — take a ~12% equity position on the relative-strength handoff.
2026-07-23T10:00:00Z,sell,BTC-USD,approved,ok,-0.000914,65607.07,59.94,501.83,501.83,"BTC has churned flat-to-negative again since the $65669 entry while ETH leads at +2.78% and is extending, so exit the laggard."
2026-07-23T10:00:00Z,buy,ETH-USD,approved,ok,0.031193,1923.50,60.00,441.83,501.83,ETH is the strongest live market at +2.78% and making new session highs while BTC stalls — rotate ~12% of equity into the leader.
2026-07-23T10:10:00Z,sell,ETH-USD,approved,ok,-0.031193,1923.90,60.01,501.84,501.84,"ETH has stalled dead flat at +0.02% since the $1923.50 entry and this is the fourth straight rotation producing near-zero P/L, so take the position off rather than pay more churn."
2026-07-23T10:10:00Z,buy,BTC-USD,approved,ok,0.000914,65654.10,60.00,441.84,501.84,"With ETH flat and equities closed, BTC at +1.49% is the only market still holding its range with room to run, so rotate a small 12% starter into it."
2026-07-23T10:20:00Z,sell,BTC-USD,approved,ok,-0.000914,65670.00,60.01,501.86,501.86,"BTC is up only 0.02% since entry and has churned flat for three straight cycles at ~$65,660 while ETH runs +2.88% and makes the session's only real trend."
2026-07-23T10:20:00Z,buy,ETH-USD,approved,ok,0.036357,1925.36,70.00,431.86,501.86,"ETH is the strongest live market at +2.88% and leading BTC by nearly 2x on the day, so rotate the BTC capital into the actual momentum leader."
2026-07-23T10:30:00Z,hold,none,approved,hold,,,,431.86,501.93,"ETH is up only 0.10% since the $1925.36 entry but it's still the day's strongest live market at +2.98% and making session highs, so I'm letting this winner run rather than churning a fifth round-trip of flat-tape commission drag with equities closed."
2026-07-23T10:40:00Z,sell,ETH-USD,approved,ok,-0.036357,1928.40,70.11,501.97,501.97,ETH is up only 0.16% two cycles after entry and has churned flat near $1928 while BTC catches up at +1.63% — take the small gain and free capital rather than sit dead money.
2026-07-23T10:40:00Z,buy,BTC-USD,approved,ok,0.000913,65743.12,60.00,441.97,501.97,"BTC at +1.63% is accelerating off its earlier +1.49% while ETH stalls, so rotate into the crypto that's actually still expanding on the day."
2026-07-23T10:50:01Z,sell,BTC-USD,approved,ok,-0.000913,65761.01,60.02,501.99,501.99,"BTC is up only 0.03% one cycle after entry and stalling near $65760 while ETH runs +3.10% on the day, so cut the flat position."
2026-07-23T10:50:01Z,buy,ETH-USD,approved,ok,0.033686,1929.60,65.00,436.99,501.99,"ETH is the strongest live market at +3.10%, nearly double BTC's daily gain, so rotate the crypto exposure into the leader with a ~13% equity entry."
2026-07-23T11:00:01Z,sell,ETH-USD,approved,ok,-0.033686,1927.31,64.92,501.91,501.91,"ETH is red on the entry and has stalled around $1927 after churning flat for three cycles, so cut it and stay flat rather than pay another round of spread on a chop."
2026-07-23T11:10:00Z,buy,ETH-USD,approved,ok,0.036350,1925.70,70.00,431.91,501.91,ETH is the strongest live market at +2.90% and back near $1926 after the shakeout — re-enter the leader on the dip with equities closed.
2026-07-23T11:20:01Z,sell,ETH-USD,approved,ok,-0.036350,1926.81,70.04,501.95,501.95,"ETH is flat at +0.06% on the entry and has churned in a $2 band for four cycles, so cut the dead position."
2026-07-23T11:20:01Z,buy,BTC-USD,approved,ok,0.000914,65657.19,60.00,441.95,501.95,"BTC at +1.49% is the only other live market and is holding its gain steadily while ETH stalls, so rotate a ~12% equity slice into it."
2026-07-23T11:30:00Z,sell,BTC-USD,approved,ok,-0.000914,65592.75,59.94,501.89,501.89,BTC is red on the entry at -0.10% and has faded from $65760 to $65592 across two cycles while ETH pushed to +2.88% — cut the laggard rather than sit in a stalling position.
2026-07-23T11:30:00Z,buy,ETH-USD,approved,ok,0.031162,1925.40,60.00,441.89,501.89,"ETH is the strongest live market at +2.88% and has reclaimed $1925 after the earlier chop, so rotate the freed capital into the leader with a ~12% equity clip."
2026-07-23T11:40:00Z,sell,ETH-USD,approved,ok,-0.031162,1925.19,59.99,501.88,501.88,"ETH is flat-to-red on this entry and has churned in a $2 band around $1925 for six straight cycles with no follow-through, so I'm taking the dead position off."
2026-07-23T11:40:00Z,buy,BTC-USD,approved,ok,0.000915,65549.99,60.00,441.88,501.88,"BTC at +1.33% has stabilized above $65500 after its pullback and is the only live market showing a fresh base, so I'm rotating a ~12% equity stake into it for a momentum re-test of $65750."
2026-07-23T11:50:01Z,sell,BTC-USD,approved,ok,-0.000915,65534.40,59.99,501.87,501.87,BTC is red on the entry at -0.02% and has stalled under $65550 for two cycles while ETH is the clear momentum leader.
2026-07-23T11:50:01Z,buy,ETH-USD,approved,ok,0.031157,1925.76,60.00,441.87,501.87,ETH at +2.90% is the strongest live market and is pushing back above $1925 with better intraday velocity than BTC.
2026-07-23T12:10:00Z,sell,ETH-USD,approved,ok,-0.031157,1922.87,59.91,501.78,501.78,"ETH is red on the entry at -0.15% and has stalled in a $3 band around $1923-1926 for three straight cycles, so I take the small loss and free the capital."
2026-07-23T12:10:00Z,buy,BTC-USD,approved,ok,0.000917,65457.25,60.00,441.78,501.78,"BTC at +1.18% has held above $65400 and is the only other live market, so I rotate into it for a fresh momentum leg at ~12% of equity."
2026-07-23T12:20:00Z,sell,BTC-USD,approved,ok,-0.000917,65387.01,59.94,501.71,501.71,"BTC is red on the entry at -0.11% and has drifted down through $65400 for two cycles, so I cut the loser and rotate."
2026-07-23T12:20:00Z,buy,ETH-USD,approved,ok,0.031271,1918.71,60.00,441.71,501.71,"ETH at +2.52% is the strongest live market by a wide margin and holding above $1918, so I take a fresh momentum entry there."
2026-07-23T12:30:01Z,sell,ETH-USD,approved,ok,-0.031271,1918.05,59.98,501.69,501.69,"ETH is red on the entry again after three straight rotation losses and has stalled around $1918 with no follow-through, so I cut it flat rather than bleed another cycle."
2026-07-23T12:30:01Z,buy,BTC-USD,approved,ok,0.000918,65388.45,60.00,441.69,501.69,"BTC at +1.08% is the only other live market and is holding above $65350 with a steadier trend than ETH's chop, so I take a small ~12% starter there."
2026-07-23T12:40:00Z,sell,BTC-USD,approved,ok,-0.000918,65131.99,59.76,501.46,501.46,"BTC is red on the entry at -0.39% and has now lost the $65350 shelf, so I cut the fourth straight rotation loser rather than let it bleed."
2026-07-23T12:40:00Z,buy,ETH-USD,approved,ok,0.031472,1906.45,60.00,441.46,501.46,"ETH at +1.87% is nearly 3x BTC's daily strength and is the only live market showing real upside momentum, so I rotate the freed capital into the leader at ~12% of equity."
2026-07-23T12:50:00Z,sell,ETH-USD,approved,ok,-0.031472,1898.30,59.74,501.20,501.20,"ETH is red on the entry at -0.43% and has faded from $1918 to $1898 over two cycles, so I cut it rather than ride a fourth straight rotation loss."
2026-07-23T12:50:00Z,buy,BTC-USD,approved,ok,0.000922,65104.68,60.00,441.20,501.20,"BTC is the only live market holding green with an upward drift off $65100 and no open loss against me, so I rotate a small 12% starter there."
2026-07-23T13:00:00Z,sell,BTC-USD,approved,ok,-0.000922,65132.00,60.03,501.23,501.23,"BTC is only +0.04% on the entry after two cycles of chop around $65100 and offers no momentum edge, so I free the capital."
2026-07-23T13:00:00Z,buy,ETH-USD,approved,ok,0.031520,1903.55,60.00,441.23,501.23,"ETH at +1.71% is 2.5x BTC's daily strength and has snapped back off the $1898 low, so I take a fresh 12% momentum entry in the strongest live market."
2026-07-23T13:10:00Z,sell,ETH-USD,approved,ok,-0.031520,1897.34,59.80,501.03,501.03,"ETH is red on the entry at -0.33% and has now failed the $1903 snapback twice in three cycles, so I cut it rather than average a fading bounce."
2026-07-23T13:10:00Z,buy,BTC-USD,approved,ok,0.000923,64984.16,60.00,441.03,501.03,"BTC is holding +0.45% and grinding up off the $64950 area while ETH rolls over, so I rotate the same capital into the steadier of the two live markets."
2026-07-23T13:20:00Z,sell,BTC-USD,approved,ok,-0.000923,64982.59,60.00,501.03,501.03,"BTC has gone flat at breakeven on the entry and lost its upward drift, so recycle the capital rather than sit in dead chop."
2026-07-23T13:20:00Z,buy,ETH-USD,approved,ok,0.031619,1897.60,60.00,441.03,501.03,"ETH at +1.39% is three times BTC's daily strength and is the only live market with real momentum, so take a small starter position on the stronger horse."
2026-07-23T13:40:01Z,sell,ETH-USD,approved,ok,-0.031619,1899.81,60.07,501.10,501.10,"ETH is only +0.12% on the entry and has stalled at $1900 resistance while equities bleed hard, so recycle the capital rather than sit in a flat crypto position."
2026-07-23T13:40:01Z,buy,NVDA,approved,ok,0.286882,209.15,60.00,441.10,501.10,"NVDA is the only equity green on a brutal tape (+0.84% while TSLA -14.6% and GOOGL -9.1%), showing clear relative-strength leadership worth a small momentum entry."
2026-07-23T13:50:00Z,sell,NVDA,approved,ok,-0.286882,208.99,59.96,501.06,501.06,"NVDA has faded from +0.84% to +0.77% and is now red on my entry while the entire equity tape breaks down (TSLA -15%, GOOGL -10%, SPY -1.4%), so I cut the only equity long before it joins the flush."
2026-07-23T13:50:00Z,buy,ETH-USD,approved,ok,0.031584,1899.67,60.00,441.06,501.06,"ETH at +1.50% is the strongest and only meaningfully green market on the board and is now pushing through the $1900 level that capped it earlier, so I rotate the equity risk into crypto momentum."
2026-07-23T14:00:00Z,sell,ETH-USD,approved,ok,-0.031584,1897.83,59.94,501.00,501.00,ETH has faded from +1.50% at entry to +1.41% and is red on my basis at $1897.83 after failing $1900 twice — cut it flat rather than bleed a third stall.
2026-07-23T14:00:00Z,buy,NVDA,approved,ok,0.287151,208.95,60.00,441.00,501.00,"NVDA at +0.75% is the only green equity on a tape where TSLA is -16.4% and GOOGL -9.4%, making it the relative-strength magnet if any bounce comes into the close."
2026-07-23T14:10:00Z,sell,NVDA,approved,ok,-0.287151,209.16,60.06,501.06,501.06,"NVDA is only +0.10% on my basis and has faded from +0.85% intraday while the entire tape bleeds (TSLA -16%, GOOGL -10%, META -8.7%); I take the tiny gain rather than hold the last green name into a broad-market flush."
2026-07-23T14:10:00Z,buy,ETH-USD,approved,ok,0.031585,1899.64,60.00,441.06,501.06,"ETH at +1.50% is the strongest asset on the board and the only one decoupled from the equity selloff, so I rotate the proceeds into crypto momentum with a small 12% starter."
2026-07-23T14:20:00Z,sell,ETH-USD,approved,ok,-0.031585,1900.63,60.03,501.09,501.09,ETH is only +0.05% on my basis after a full cycle and has stalled at $1900 while the equity tape bleeds hard — take the flat scratch off the table rather than hold a fading crypto bid.
2026-07-23T14:20:00Z,buy,TSLA,approved,ok,0.183998,326.09,60.00,441.09,501.09,TSLA at -16.61% is a violently oversold washout candidate and the sharpest mean-reversion snap available on the board; small 12% starter for a bounce off the low.
2026-07-23T14:30:00Z,sell,TSLA,approved,ok,-0.183998,324.01,59.62,500.71,500.71,"TSLA knife-catch is red at -0.64% on my basis and still bleeding at -17.14% on the day with no reversal confirmation, so I cut it fast per my stop discipline."
2026-07-23T14:30:00Z,buy,BTC-USD,approved,ok,0.000922,65100.33,60.00,440.71,500.71,"BTC at +0.63% is fully decoupled from the equity carnage and holding green all session, making it the only clean momentum vehicle on a tape where every index and mega-cap is deeply red."
2026-07-23T14:40:00Z,sell,BTC-USD,approved,ok,-0.000922,65133.05,60.03,500.74,500.74,BTC is only +0.05% on my basis after a full cycle and has stalled while ETH runs +1.75% — rotate the capital into the stronger crypto leg.
2026-07-23T14:40:00Z,buy,ETH-USD,approved,ok,0.034134,1904.26,65.00,435.74,500.74,"ETH at +1.75% is the strongest and most decoupled asset on a board where every equity is deeply red, so it's the cleanest momentum long available."
2026-07-23T14:40:00Z,buy,NVDA,approved,ok,0.263164,209.00,55.00,380.74,500.74,"NVDA is the only green equity (+0.77%) while the rest of tech is down 3-17%, making it the clear relative-strength leader to ride into the close."
2026-07-23T14:50:00Z,sell,NVDA,approved,ok,-0.263164,208.46,54.86,435.60,500.38,NVDA is red on my basis and its +0.51% green is the last holdout on a board where every major index and megacap is collapsing 1.6-17% — sell into the last bid before it converges with the tape.
2026-07-23T14:50:00Z,buy,ETH-USD,approved,ok,0.028980,1897.86,55.00,380.60,500.38,"ETH is the only asset fully decoupled from the equity washout, still +1.41% and holding while BTC stalls at +0.30%, so I'm concentrating the freed capital into the strongest relative-strength leg."
2026-07-23T15:00:01Z,buy,ETH-USD,vetoed,position would exceed 25% of equity,,,,380.60,500.19,"ETH is the only asset holding green (+1.25%) on a board where every equity is bleeding 1-17%, so I'm adding to the decoupled winner while my basis is only -0.34% underwater."
2026-07-23T15:10:03Z,sell,ETH-USD,approved,ok,-0.063114,1888.29,119.18,499.78,499.78,ETH is red on my basis after two adds and its lead has compressed from +1.75% to +0.90% while every equity bleeds — cut the loser and hold cash rather than average down a fading decoupling trade.
2026-07-23T15:20:01Z,buy,ETH-USD,approved,ok,0.031785,1887.71,60.00,439.78,499.78,"ETH is the only asset with positive momentum on a board where every equity is deeply red and BTC is flat, so re-entering small at $1887 keeps me in the one decoupled uptrend."
2026-07-23T15:20:01Z,buy,NVDA,approved,ok,0.265239,207.36,55.00,384.78,499.78,"NVDA is flat at -0.02% while QQQ is -2.21% and its peers are down 5-17%, a relative-strength outlier that snaps hardest if the tape bounces."
2026-07-23T15:40:00Z,sell,NVDA,approved,ok,-0.265239,207.34,54.99,439.77,499.89,NVDA is flat-to-red on my basis with zero momentum edge while every equity index bleeds; free the cash rather than hold a dead-money relative-strength thesis into a -2% tape.
2026-07-23T15:40:00Z,buy,ETH-USD,approved,ok,0.029075,1891.64,55.00,384.77,499.89,"ETH is the only asset with real positive momentum (+1.08%) and is back above my avg basis, so I concentrate into the sole green mover with a ~10% equity add."
2026-07-23T15:50:01Z,sell,ETH-USD,approved,ok,-0.060860,1893.32,115.23,500.00,500.00,"ETH is only +0.20% on basis after three round-trips of churn and its +1.17% lead has stalled while the entire equity board bleeds -2% to -18%, so I take the small gain and go flat rather than hold a crowded safe-haven trade into risk-off."
2026-07-23T15:50:01Z,buy,TSLA,approved,ok,0.186596,321.55,60.00,440.00,500.00,"TSLA at -17.77% is a washed-out capitulation flush far beyond its peers and the most likely candidate for a violent intraday mean-reversion snap, sized small at ~12% of equity with a fast cut if it makes a new low."
2026-07-23T16:10:00Z,sell,TSLA,approved,ok,-0.186596,326.08,60.85,500.84,500.84,TSLA is +1.41% on my capitulation-flush entry within one cycle — take the fast scalp profit rather than hold a -16.62% knife into a broadly red tape.
2026-07-23T16:10:00Z,buy,ETH-USD,approved,ok,0.031790,1887.38,60.00,440.84,500.84,"ETH at +0.85% is one of only two green assets on the board and holds relative strength while every equity index bleeds, so it is the cleanest momentum long available."
2026-07-23T16:20:00Z,sell,ETH-USD,approved,ok,-0.031790,1884.60,59.91,500.75,500.75,ETH has stalled at -0.15% on basis with its lead shrinking to +0.70% — free the capital rather than bleed in a dead crypto tape.
2026-07-23T16:20:00Z,buy,TSLA,approved,ok,0.184786,324.70,60.00,440.75,500.75,TSLA at -16.97% is the most extreme washed-out flush on the board and the same capitulation-snap setup that paid +1.41% one cycle ago.
2026-07-23T16:20:00Z,buy,GOOGL,approved,ok,0.171500,320.70,55.00,385.75,500.75,"GOOGL at -9.52% is a deep mega-cap dislocation versus SPY's -1.62%, a high-probability mean-reversion snap into the close."
2026-07-23T16:40:00Z,sell,TSLA,approved,ok,-0.184786,323.33,59.75,445.50,500.32,TSLA is red on basis and the -17.3% flush has not bounced across a full cycle — cut the loser fast and free capital.
2026-07-23T16:40:00Z,sell,GOOGL,approved,ok,-0.171500,319.66,54.82,500.32,500.32,GOOGL is red on basis with the mega-cap dislocation still bleeding — cut it and rotate out of the falling knife.
2026-07-23T16:40:00Z,buy,NVDA,approved,ok,0.285421,210.22,60.00,440.32,500.32,NVDA at +1.36% is the strongest equity on a broadly red tape — buy the clear relative-strength leader instead of catching falling knives.
2026-07-23T16:50:00Z,sell,NVDA,approved,ok,-0.285421,209.59,59.82,500.14,500.14,NVDA is red on basis after a full cycle and its +1.05% relative-strength lead is fading while the whole tape bleeds — cut it per the fast-stop rule.
2026-07-23T16:50:00Z,buy,TSLA,approved,ok,0.202294,321.31,65.00,435.14,500.14,"TSLA at -17.83% is a capitulation-scale flush far beyond any peer, the highest-odds mean-reversion snap on the board for a small, fast 13% position."
2026-07-23T17:00:00Z,sell,TSLA,approved,ok,-0.202294,322.11,65.16,500.30,500.30,TSLA is up +0.25% on basis after the capitulation bounce — take the fast profit per the cut-fast/take-fast mandate rather than hold a -17.6% falling knife.
2026-07-23T17:00:00Z,buy,NVDA,approved,ok,0.285939,209.84,60.00,440.30,500.30,NVDA at +1.17% is the only equity holding green on a broadly red tape — buy the clear relative-strength leader with ~12% of equity.
2026-07-23T17:10:01Z,sell,NVDA,approved,ok,-0.285939,209.63,59.94,500.24,500.24,NVDA is flat-to-red on basis after a full cycle and its relative-strength lead has stalled — recycle capital rather than sit in a stalled leader.
2026-07-23T17:10:01Z,buy,TSLA,approved,ok,0.185920,322.72,60.00,440.24,500.24,TSLA at -17.5% remains the deepest capitulation flush on the tape and the same setup paid on the prior cycle — take a small mean-reversion snap with a fast exit.
2026-07-23T17:20:00Z,sell,TSLA,approved,ok,-0.185920,322.37,59.93,500.18,500.18,TSLA is red on basis after a full cycle with no bounce follow-through — cut the dead trade fast per the cut-losers rule.
2026-07-23T17:20:00Z,buy,NVDA,approved,ok,0.285619,210.07,60.00,440.18,500.18,NVDA at +1.29% is the only equity showing genuine relative strength on a violently red tape — rotate into the leader.
2026-07-23T17:30:00Z,sell,NVDA,approved,ok,-0.285619,210.12,60.01,500.19,500.19,NVDA is flat on basis (+0.02%) after a full cycle with no follow-through — recycle the capital rather than sit dead in a fading relative-strength trade.
2026-07-23T17:30:00Z,buy,TSLA,approved,ok,0.186506,321.70,60.00,440.19,500.19,TSLA at -17.7% is the most extreme washout on the tape and the highest-beta snapback candidate for a fast mean-reversion scalp.
2026-07-23T17:40:00Z,sell,TSLA,approved,ok,-0.186506,320.74,59.82,500.01,500.01,TSLA is red on basis again after a full cycle with no bounce follow-through — cut the dead capitulation trade per the fast-stop rule.
2026-07-23T17:40:00Z,buy,NVDA,approved,ok,0.286684,209.29,60.00,440.01,500.01,"NVDA at +0.91% is the only equity green on a violently red tape, so rotate the freed capital into the sole relative-strength leader."
2026-07-23T17:50:00Z,hold,none,approved,hold,,,,440.01,500.14,"NVDA entered last cycle at $209.29 and is only +0.21% with no follow-through, and every other equity is in a violent multi-percent selloff (TSLA -17.8%, GOOGL -9.8%, META -8.7%) where knife-catching has no confirmed reversal signal — no clean momentum or snap edge worth a fresh entry this cycle, so "
2026-07-23T18:00:00Z,hold,none,approved,hold,,,,440.01,499.94,"NVDA held two cycles at +0.78% with no follow-through and every other name is deeply red with no bounce confirmation, so I hold the existing NVDA rather than chase a knife or churn commissions into a flat tape."
2026-07-23T18:10:01Z,sell,NVDA,approved,ok,-0.286684,208.31,59.72,499.73,499.73,NVDA held three cycles as the lone green name but gave zero follow-through on my basis (-0.47%) — cut the dead money and free the capital.
2026-07-23T18:10:01Z,buy,TSLA,approved,ok,0.187056,320.76,60.00,439.73,499.73,"TSLA at -17.98% is the most extreme washout on the tape and the highest-beta name, so take a small mean-reversion snap entry for the sharpest bounce potential."
2026-07-23T18:20:00Z,sell,TSLA,approved,ok,-0.187056,320.75,60.00,499.73,499.73,"TSLA entered last cycle as a -18% washout bet and gave zero bounce follow-through on basis, so cut the dead reversal and free the capital."
2026-07-23T18:20:00Z,buy,NVDA,approved,ok,0.311990,208.34,65.00,434.73,499.73,"NVDA at +0.45% is the only green equity on a violently red tape, so rotate into the lone relative-strength leader for a momentum scalp."
2026-07-23T18:30:00Z,hold,none,approved,hold,,,,434.73,499.80,"NVDA is the lone green equity (+0.56%) and my existing ~13% position already captures the only relative-strength leadership on a violently red tape; every washout name (TSLA -18%, GOOGL -10%, META -9%) is still falling with no bounce confirmation, so I hold rather than chase a falling knife."
2026-07-23T18:40:00Z,sell,NVDA,approved,ok,-0.311990,208.08,64.92,499.65,499.65,"NVDA is the lone green name but has printed four flat-to-negative cycles with zero follow-through at +0.33%, tying up 13% of equity in a dead-money position on a violently red tape — free the cash rather than keep paying for a non-mover."
2026-07-23T18:50:01Z,buy,TSLA,approved,ok,0.171559,320.59,55.00,444.65,499.65,TSLA at -18% is a violent capitulation washout with the highest beta on the tape — buying the extreme oversold snap for a fast bounce scalp with a tight leash.
2026-07-23T19:00:01Z,hold,TSLA,approved,hold,,,,444.65,499.77,"TSLA is +0.21% since my 320.59 washout entry with the bounce thesis intact, so let the capitulation snap run rather than churn it out flat."
2026-07-23T19:00:01Z,buy,ETH-USD,approved,ok,0.029260,1879.69,55.00,389.65,499.77,"ETH at +0.44% is the strongest green momentum on a violently red equity tape, so add a small crypto leg that's decoupling from the stock selloff."
2026-07-23T19:10:01Z,sell,TSLA,approved,ok,-0.171559,320.81,55.04,444.69,499.68,"TSLA bounce thesis is played out — only +0.07% after two flat cycles since my washout entry, so take the tiny gain off the table and free up capital rather than bagholding a -18% falling knife."
2026-07-23T19:10:01Z,buy,ETH-USD,approved,ok,0.026605,1879.37,50.00,394.69,499.68,"ETH is the strongest green momentum on a violently red equity tape (+0.42%), so add to my existing winner to press the lone piece of relative strength."
2026-07-23T19:20:00Z,buy,NVDA,approved,ok,0.240755,207.68,50.00,344.69,499.49,"NVDA is the lone large-cap holding green (+0.14%) while the entire equity tape capitulates (TSLA -18%, GOOGL -10%, META -9%), making it the cleanest relative-strength momentum long rather than catching a falling knife."
2026-07-23T19:40:00Z,buy,TSLA,approved,ok,0.173485,317.03,55.00,289.69,499.43,TSLA at -18.9% is the most violent capitulation washout on the tape with the highest beta — buying the oversold snap for a fast bounce scalp.
2026-07-23T19:50:00Z,sell,ETH-USD,approved,ok,-0.055865,1872.40,104.60,394.29,499.23,"ETH's +0.05% is no longer real momentum — it has faded from +0.44% to flat while I sit at -0.38%, so I recycle the capital into the actual setups."
2026-07-23T19:50:00Z,buy,TSLA,approved,ok,0.173726,316.59,55.00,339.29,499.23,"TSLA at -19% is the most extreme capitulation on the tape and my entry is already near flat, so I add to the washout bounce with a tight leash."
2026-07-23T19:50:00Z,buy,GOOGL,approved,ok,0.157193,318.08,50.00,289.29,499.23,GOOGL at -10.26% is the second-most violent large-cap flush and offers the sharpest mean-reversion snap potential into the close.
2026-07-23T20:00:00Z,sell,TSLA,approved,ok,-0.347211,319.67,110.99,400.28,500.54,TSLA is up +0.90% on my averaged capitulation entry and is my largest position at 22% of equity on a -18% day — take the fast scalp profit rather than hold a knife-catch into the close.
2026-07-23T20:00:00Z,sell,GOOGL,approved,ok,-0.157193,317.95,49.98,450.26,500.54,"GOOGL is flat at -0.04% with no bounce materializing off the -10% flush, so cut the dead trade and free capital rather than let a no-edge position bleed."
2026-07-23T20:00:00Z,buy,NVDA,vetoed,position would exceed 25% of equity,,,,450.26,500.54,"NVDA is the only equity holding green (+0.69%) and strengthening while the entire tape is red, so add to the one name with genuine relative-strength momentum."
2026-07-23T20:10:00Z,buy,BTC-USD,approved,ok,0.000846,64979.25,55.00,395.26,500.52,"Crypto is the only tradable tape this cycle and BTC's +0.45% is holding green while every equity index bled 1.6-2%, so I take a small momentum long in the one market that's actually open."
2026-07-23T20:10:00Z,buy,ETH-USD,approved,ok,0.023923,1881.04,45.00,350.26,500.52,"ETH is outpacing BTC at +0.51% after I sold it flat at 1872 and it has since ticked up, confirming the bid returned — small re-entry on the stronger of the two open markets."
2026-07-23T20:20:01Z,buy,ETH-USD,approved,ok,0.027588,1884.87,52.00,298.26,500.69,"ETH is the strongest tradable tape at +0.71% and leading BTC on the crypto bounce, so I'm adding to the winner while equities sit closed."
2026-07-23T20:20:01Z,sell,BTC-USD,approved,ok,-0.000846,65077.00,55.08,353.34,500.69,BTC's +0.15% gain on my entry is lagging ETH badly and ties up capital in the weaker of two correlated crypto longs — recycle it into the leader.
2026-07-23T20:30:01Z,buy,ETH-USD,vetoed,position would exceed 25% of equity,,,,353.34,500.77,"ETH is the strongest tradable tape at +0.79% and still leading BTC's +0.66%, so add to the winner while crypto is the only live market."
2026-07-23T20:30:01Z,sell,NVDA,vetoed,market closed for this symbol,,,,353.34,500.77,"NVDA is frozen until the equity open and its +0.52% gain is dead capital that can't be defended, so free it for the live crypto tape."
2026-07-23T20:40:01Z,buy,ETH-USD,vetoed,position would exceed 25% of equity,,,,353.34,500.65,"ETH is the strongest tradable tape at +0.67% and still leading BTC's +0.59%, so I'm adding to the winner while equities are frozen."
2026-07-23T20:40:01Z,buy,BTC-USD,approved,ok,0.000692,65072.67,45.00,308.34,500.65,BTC holding +0.59% green gives me a second live crypto leg to diversify the only tradable tape instead of leaving 70% of equity idle in cash overnight.
2026-07-23T20:50:00Z,buy,ETH-USD,vetoed,position would exceed 25% of equity,,,,308.34,500.68,"ETH is the strongest tradable tape at +0.69% and leading BTC's +0.62%, so I'm adding to the winning crypto leg with cash that would otherwise sit idle while equities are frozen."
2026-07-23T20:50:00Z,sell,BTC-USD,approved,ok,-0.000692,65088.96,45.01,353.35,500.68,"BTC's +0.03% on my entry is dead weight lagging ETH badly, so I'm recycling that capital into the leader rather than holding a third-place leg."
2026-07-23T21:00:00Z,buy,ETH-USD,vetoed,position would exceed 25% of equity,,,,353.35,500.68,"ETH is the strongest tradable tape at +0.69% and still leading BTC's +0.63%, so I'm adding to the winning crypto leg with cash that would otherwise sit idle while equities are closed."
2026-07-23T21:10:00Z,buy,ETH-USD,vetoed,position would exceed 25% of equity,,,,353.35,500.57,"ETH is the only tradable green momentum leg at +0.57% and leading BTC's +0.53%, so I'm adding to my existing ETH position with ~11% of equity while equities stay frozen."
2026-07-23T21:20:00Z,buy,ETH-USD,vetoed,position would exceed 25% of equity,,,,353.35,500.46,"ETH is the strongest tradable tape at +0.46% and my existing leg is only -0.16% underwater, so I'm adding size to the sole live momentum vehicle while equities are shut."
2026-07-23T21:20:00Z,buy,BTC-USD,approved,ok,0.000770,64972.49,50.00,303.35,500.46,BTC at +0.44% is tracking ETH nearly tick-for-tick and gives me a second crypto leg to diversify the only tradable asset class this cycle.
2026-07-23T21:30:00Z,buy,ETH-USD,vetoed,position would exceed 25% of equity,,,,303.35,500.59,"ETH is the strongest tradable tape at +0.52% and leading BTC, and with $303 idle cash I'm adding to the momentum leg rather than sitting flat while equities are closed."
2026-07-23T21:40:00Z,buy,ETH-USD,vetoed,position would exceed 25% of equity,,,,303.35,500.54,"ETH is the strongest tradable tape at +0.49% and still leading BTC, and with $303 idle cash I'm adding to the leader rather than sitting flat."
2026-07-23T21:50:00Z,buy,ETH-USD,vetoed,position would exceed 25% of equity,,,,303.35,500.63,"ETH is the strongest tradable tape at +0.53% and leading BTC, and with $303 idle cash I'm adding a second leg on the only live momentum available."
2026-07-23T22:00:00Z,buy,ETH-USD,vetoed,position would exceed 25% of equity,,,,303.35,500.63,"ETH is the strongest tradable tape at +0.52% and leading BTC, and with $303 cash idle and equities closed, adding to the crypto momentum leg is the only place with edge this cycle."
2026-07-23T22:00:00Z,buy,BTC-USD,approved,ok,0.000691,65120.20,45.00,258.35,500.63,"BTC at +0.66% is now outpacing ETH on the session and my existing leg is green at +0.23%, so I add a second tranche to the confirmed crypto uptrend while keeping both positions well under the 25% equity cap."
2026-07-23T22:10:00Z,buy,BTC-USD,vetoed,position would exceed 25% of equity,,,,258.35,500.64,"BTC at +0.65% is the strongest tradable tape and now leading ETH, so I'm adding to the winning crypto leg while equities are closed and $258 sits idle."
2026-07-23T22:20:00Z,buy,ETH-USD,vetoed,position would exceed 25% of equity,,,,258.35,500.23,"ETH is holding green at +0.27% with BTC leading crypto tape, and equities are closed, so I'm adding a 11% starter to my only tradable momentum leg while cash sits idle."
2026-07-23T22:30:04Z,buy,ETH-USD,vetoed,position would exceed 25% of equity,,,,258.35,500.47,"Equities are closed and gapping down hard, leaving crypto as the only tradable tape; ETH is green at +0.39% and my leg is only -0.23% underwater, so I'm averaging down into the strongest liquid alt with idle cash while keeping the position under the 25% equity cap."
2026-07-23T22:30:04Z,buy,BTC-USD,vetoed,position would exceed 25% of equity,,,,258.35,500.47,"BTC is the session leader at +0.62% with my existing leg already green, so I'm adding a small momentum tranche to the strongest tradable instrument rather than sitting on $258 idle."
2026-07-23T22:50:01Z,buy,BTC-USD,vetoed,position would exceed 25% of equity,,,,258.35,500.64,"BTC is the strongest tradable tape at +0.70% and my existing leg is green, so I'm adding to the leader while equities sit closed and gapping down."
2026-07-23T23:00:00Z,buy,BTC-USD,vetoed,position would exceed 25% of equity,,,,258.35,500.69,"BTC is the strongest tradable tape at +0.69% with equities closed and gapping down hard, and my existing leg is green, so I'm adding to the leader while keeping the position under the 25% cap."
2026-07-23T23:10:00Z,buy,BTC-USD,vetoed,position would exceed 25% of equity,,,,258.35,500.64,"Equities are closed and gapping down hard, so BTC at +0.66% is the only tradable tape showing real momentum and my existing leg is already green — adding a second small leg."
2026-07-23T23:30:01Z,buy,BTC-USD,vetoed,position would exceed 25% of equity,,,,258.35,500.65,"BTC is the strongest tradable tape at +0.67% with equities closed and gapping down, and my existing leg is green, so I'm adding a small momentum leg rather than sitting flat another cycle."
2026-07-23T23:40:01Z,buy,BTC-USD,vetoed,position would exceed 25% of equity,,,,258.35,500.69,"BTC is the strongest tradable tape at +0.70% with equities closed and gapping down hard, so I'm adding to my green leg with cash I'd otherwise leave idle."
2026-07-23T23:40:01Z,sell,ETH-USD,approved,ok,-0.051511,1881.77,96.93,355.28,500.69,"ETH is lagging BTC and my leg is red, so I'm recycling that capital into the stronger crypto momentum."
2026-07-23T23:50:01Z,buy,BTC-USD,vetoed,position would exceed 25% of equity,,,,355.28,500.61,"Equities are closed and gapping down hard, so BTC at +0.61% with my leg already green is the only tradable momentum — adding a second small leg with idle cash."
2026-07-24T00:00:01Z,buy,BTC-USD,vetoed,position would exceed 25% of equity,,,,355.28,500.56,"BTC is the only tradable tape and is the sole green-relative asset versus a broad equity gap-down, so I'm adding a small momentum leg with room under the 25% cap."
2026-07-24T00:10:01Z,buy,BTC-USD,vetoed,position would exceed 25% of equity,,,,355.28,500.34,"BTC is the only tradable tape and is holding a shallow -0.50% while equities gap down 2-18%, so I'm adding a small momentum leg on relative strength with cash to spare."
2026-07-24T00:20:01Z,buy,BTC-USD,vetoed,position would exceed 25% of equity,,,,355.28,500.29,"Crypto is the only tradable tape and BTC's shallow -0.56% is holding far better than ETH's -1.66% and the equity gap-down, so I'm adding a small leg to my existing BTC position on relative strength."
2026-07-24T00:30:01Z,buy,BTC-USD,vetoed,position would exceed 25% of equity,,,,355.28,500.24,"BTC's shallow -0.61% is the only tradable tape and is holding far better than the equity gap-down, so I'm adding a small 10% leg to my existing position to press the relative-strength trade."
2026-07-24T00:44:45Z,buy,BTC-USD,vetoed,position would exceed 25% of equity,,,,355.28,500.19,"Crypto is the only tradable tape and BTC's shallow -0.66% is holding far better than the equity gap-down, so I'm adding a small second leg near the lows of the range rather than sitting flat a seventh straight cycle."
2026-07-24T00:44:45Z,sell,ETH-USD,vetoed,no position to sell,,,,355.28,500.19,No ETH position remains after the prior exit — no action.
2026-07-24T00:50:01Z,buy,BTC-USD,vetoed,position would exceed 25% of equity,,,,355.28,500.31,"Crypto is the only tradable tape and BTC's shallow -0.54% is holding far better than the equity gap-down, so I'm adding a small tranche to the existing position to press relative strength."
2026-07-24T01:00:00Z,buy,BTC-USD,vetoed,position would exceed 25% of equity,,,,355.28,500.38,"Crypto is the only tradable tape and BTC's shallow -0.46% is firming off the lows while equities gap hard, so I'm adding a small tranche to the existing position for a mean-reversion snap."
2026-07-24T01:10:00Z,buy,BTC-USD,vetoed,position would exceed 25% of equity,,,,355.28,500.51,"Crypto is the only tradable tape and BTC's -0.32% is basing well off the lows while ETH bleeds -1.59%, so I'm adding to the relative-strength leg with a tight stop."
2026-07-24T01:20:00Z,buy,BTC-USD,vetoed,position would exceed 25% of equity,,,,355.28,500.47,BTC at -0.37% is the strongest tape available and has been steadily firming off the lows across the last five cycles while equities sit closed and broken; add to the existing small position to size up the only live momentum candidate.
2026-07-24T01:20:00Z,sell,ETH-USD,vetoed,no position to sell,,,,355.28,500.47,No ETH position and ETH's -1.66% is a materially weaker tape than BTC — no action there.
2026-07-24T01:30:00Z,buy,BTC-USD,vetoed,position would exceed 25% of equity,,,,355.28,500.45,"Crypto is the only tradable tape; BTC's -0.39% is far shallower than ETH's -1.66% and it's basing off the lows, so I'm adding a small starter to the existing position to press the relative-strength leader."
2026-07-24T01:40:00Z,buy,BTC-USD,vetoed,position would exceed 25% of equity,,,,355.28,500.60,Crypto is the only tradable tape and BTC's -0.23% is holding far better than ETH's -1.54% while grinding off the lows — add a small tranche to the existing winning position.
2026-07-24T01:50:00Z,buy,BTC-USD,vetoed,position would exceed 25% of equity,,,,355.28,500.54,"Crypto is the only tradable tape and BTC's -0.29% is holding far better than ETH's -1.59%, so I add to the relative-strength leg while equities are shut."
2026-07-24T02:00:00Z,buy,BTC-USD,vetoed,position would exceed 25% of equity,,,,355.28,500.53,"Crypto is the only tradable tape and BTC's -0.31% is holding far better than ETH's -1.71%, so add to the existing BTC base with a small starter add while cash sits idle."
2026-07-24T02:10:00Z,buy,BTC-USD,approved,ok,0.000430,65078.98,28.00,327.28,500.60,BTC is the firmest tradable tape at -0.23% while ETH bleeds -1.58%; adding to the winner up to the 25%-of-equity cap on the position.
2026-07-24T02:10:00Z,buy,ETH-USD,approved,ok,0.021348,1873.67,40.00,287.28,500.60,"Small 8%-of-equity mean-reversion starter in ETH, which is down 1.35pts more than BTC on a correlated tape and typically snaps back toward the BTC ratio."
2026-07-24T02:20:00Z,buy,BTC-USD,vetoed,position would exceed 25% of equity,,,,287.28,500.59,"BTC is the firmest tradable tape at -0.23% while ETH bleeds -1.62%, so I'm adding to the relative-strength leader with roughly 9% of equity."
2026-07-24T02:20:00Z,sell,ETH-USD,approved,ok,-0.021348,1873.01,39.99,327.27,500.59,ETH is the weakest crypto tape and my mean-reversion starter is already red — cut it fast and redeploy into the stronger name.
2026-07-24T02:30:00Z,buy,BTC-USD,vetoed,position would exceed 25% of equity,,,,327.27,500.61,"BTC is the only firm tradable tape at -0.21% while ETH bleeds -1.55%, so I'm adding a ~10%-of-equity tranche to the relative-strength leader."
2026-07-24T02:40:00Z,buy,BTC-USD,vetoed,position would exceed 25% of equity,,,,327.27,500.32,"BTC at -0.45% is the firmest of the only two tradable tapes and my existing position sits near flat, so I'm adding a ~10% equity tranche on the crypto relative-strength leg rather than chasing ETH's -1.88% bleed."
2026-07-24T02:50:01Z,sell,BTC-USD,approved,ok,-0.001891,64926.87,122.77,450.04,500.30,BTC has rolled over to -0.46% and my position is red at -0.19% with the entire equity tape closed and gapping down 2-18%; I'm cutting the losing crypto leg to raise cash rather than average into a bleeding weekend tape.
2026-07-24T02:50:01Z,buy,ETH-USD,vetoed,bad usd 0,,,,450.04,500.30,No ETH re-entry — it is the weaker of the two tradable tapes at -2.04% and I already took a loss fading it once this session.
2026-07-24T03:00:00Z,sell,NVDA,vetoed,market closed for this symbol,,,,450.04,500.30,"NVDA is untradable with the market closed, so I hold it into the open — no action possible this cycle."
2026-07-24T03:00:00Z,hold,none,approved,hold,,,,450.04,500.30,"Both tradable tapes are red — BTC -0.25% and ETH -1.89% — and I just cut BTC into that roll-over, so re-entering a falling crypto tape with no equity hedge available is paying for the same mistake twice."
2026-07-24T03:10:00Z,buy,BTC-USD,approved,ok,0.000843,65211.41,55.00,395.04,500.30,"BTC is the only tape holding flat at -0.03% while ETH bleeds -1.61% and every equity gapped down hard, so I'm taking an 11% starter in the relative-strength leader as the sole tradable long."
2026-07-24T03:20:00Z,buy,BTC-USD,approved,ok,0.000766,65306.54,50.00,345.04,500.38,"BTC is the only green tape on the board at +0.12% while ETH bleeds -1.45% and every equity sits deeply red and untradable, and my existing BTC entry is already working at +0.15%, so I add to the one thing showing relative strength."
2026-07-24T03:30:00Z,buy,BTC-USD,vetoed,position would exceed 25% of equity,,,,345.04,500.33,"BTC is the only green tape on the board at +0.07% while ETH bleeds -1.40% and every equity is shut and deeply red, so I add a third small tranche to the one instrument showing relative strength into the equity open."
2026-07-24T03:40:00Z,buy,BTC-USD,vetoed,position would exceed 25% of equity,,,,345.04,500.29,"BTC is the only green tape on the board at +0.04% while ETH bleeds -1.39% and every equity is shut and deeply red, so I add a small tranche to the sole tradable strength with cash to spare."
2026-07-24T03:50:00Z,buy,BTC-USD,vetoed,position would exceed 25% of equity,,,,345.04,500.52,BTC is the only green tape on the board at +0.25% and firming while ETH bleeds -1.28% and all equities are shut; add to the winning crypto leg with a tight leash into the equity open.
2026-07-24T04:00:01Z,buy,BTC-USD,approved,ok,0.000275,65420.93,18.00,327.04,500.56,BTC is the only green tradable tape at +0.29% and firming while ETH bleeds -1.28%; I'm adding the last sliver of size that keeps the position under the 25% cap to ride the one piece of momentum on the board.
2026-07-24T04:10:00Z,hold,none,approved,hold,,,,327.04,500.46,"Equities are closed so only crypto trades; BTC is the only green tape but my position is already ~24.6% of equity (at the 25% single-name cap) so I can't add, and ETH is bleeding -1.33% with no reversal signal to catch — no clean edge to deploy this cycle."
2026-07-24T04:20:02Z,buy,BTC-USD,vetoed,position would exceed 25% of equity,,,,327.04,500.40,"BTC is the only tradable green tape at +0.16% and holding firm above my avg while ETH bleeds -1.38%, so I add to the winner and stay flat on the dead equities."
2026-07-24T04:30:00Z,buy,BTC-USD,vetoed,position would exceed 25% of equity,,,,327.04,500.45,BTC is the only tradable green tape at +0.20% and holding above my avg while ETH bleeds -1.34% — add on relative strength with a fast stop back below entry.
2026-07-24T04:40:00Z,buy,BTC-USD,vetoed,position would exceed 25% of equity,,,,327.04,500.31,"BTC is the only green tradable tape at +0.09% while ETH bleeds -1.48%, so I add a small momentum tranche to my winning crypto position while equities are closed."
2026-07-24T04:50:03Z,hold,none,approved,hold,,,,327.04,500.31,"Only crypto is tradable; BTC is a flat +0.09% tape already near my 25% position cap so adding is capped out, and ETH is bleeding -1.53% with no reversal signal — no real momentum edge to buy, so I stand pat."
2026-07-24T05:00:00Z,hold,none,approved,hold,,,,327.04,500.27,"Only crypto trades with equities closed; BTC is a flat +0.06% tape and my position is already ~24.6% of equity at the 25% cap so I can't add, while ETH is bleeding -1.53% with no reversal snap to buy — zero edge, so I stand pat."
2026-07-24T05:10:00Z,hold,none,approved,hold,,,,327.04,500.37,"Equities are closed, ETH is bleeding -1.30% so no long edge there, and BTC is a flat +0.06% tape already at ~$123 (24.6% of equity) against the 25% cap — no room to add and nothing green to chase."
2026-07-24T05:20:00Z,hold,none,approved,hold,,,,327.04,500.35,"Equities are closed so only crypto trades; BTC is a flat +0.12% tape already at ~$123 (24.6% of equity, effectively at my 25% cap) and ETH is bleeding -1.27% with no long edge, so there is no clean entry to take this cycle."
2026-07-24T05:30:00Z,hold,none,approved,hold,,,,327.04,500.30,"Equities closed so only crypto trades; BTC is a flat +0.08% tape already near my 25% cap and ETH is bleeding -1.33% with no long edge, so there's no momentum worth chasing this cycle."
2026-07-24T05:40:00Z,hold,none,approved,hold,,,,327.04,500.19,"Equities are closed so only crypto trades; BTC is a flat -0.01% tape already at ~24.5% of equity near the 25% cap, and ETH is bleeding -1.35% with no long momentum edge, so there is nothing to chase this cycle."
2026-07-24T05:50:00Z,hold,none,approved,hold,,,,327.04,500.26,"Equities are closed so only crypto trades; BTC is a flat +0.05% tape and my position is already near the 25% cap, while ETH is bleeding -1.30% with no long edge — no momentum worth paying the spread for."
2026-07-24T06:00:00Z,hold,none,approved,hold,,,,327.04,500.27,"Equities are closed so only BTC and ETH trade; BTC is a flat +0.06% tape sitting right at my breakeven with no momentum edge, and ETH is bleeding -1.29% with no reversal signal, so there is no clean scalp to take this cycle."
2026-07-24T06:10:00Z,hold,none,approved,hold,,,,327.04,500.29,"Equities are closed so only BTC/ETH trade; BTC is a dead-flat +0.07% tape with no momentum and ETH is bleeding -1.22% with no reversal signal, so there's no scalp edge worth paying spread for this cycle."
2026-07-24T06:20:00Z,buy,ETH-USD,approved,ok,0.021234,1883.80,40.00,287.04,500.61,Only crypto trades with equities closed; ETH at -1.05% is the weakest tape and a small mean-reversion nibble against a flat BTC gives better snap-back odds than sitting flat another cycle.
2026-07-24T06:30:00Z,sell,ETH-USD,approved,ok,-0.021234,1882.81,39.98,327.02,500.51,ETH is the only red position (-0.05%) on a -1.10% tape with no momentum edge; free the ~$40 for a stronger setup and cut the laggard.
2026-07-24T06:40:00Z,buy,ETH-USD,approved,ok,0.023861,1885.94,45.00,282.02,500.59,"ETH at -0.94% is the weaker crypto tape vs BTC's +0.33%, setting up a mean-reversion snap on the only two tradable symbols with room under my 25%/position cap."
2026-07-24T06:50:00Z,sell,NVDA,vetoed,market closed for this symbol,,,,282.02,500.46,NVDA is +0.52% in the green but equities are closed so I can't manage this intraday — lock the gain into cash to redeploy on the live crypto tape.
2026-07-24T07:00:00Z,hold,none,approved,hold,,,,282.02,500.58,"Equities are closed so only BTC/ETH trade; BTC is a flat +0.30% tape with no momentum edge and ETH is drifting -0.88% with no reversal signal, while I already hold both near breakeven — no clean entry to justify churning fees this cycle."
2026-07-24T07:10:03Z,sell,ETH-USD,approved,ok,-0.023861,1894.37,45.20,327.22,501.04,ETH is the only crypto on a red tape (-0.49%) yet my position sits +0.45% in the green — bank the mean-reversion snap now before it fades and redeploy into the stronger BTC momentum.
2026-07-24T07:20:00Z,buy,ETH-USD,approved,ok,0.023656,1902.24,45.00,282.22,501.21,"ETH is flat at -0.08% while BTC runs +0.68%, the widest crypto spread today — buying the laggard for a mean-reversion snap back toward BTC's strength with equities closed and only crypto tradable."
2026-07-24T07:30:00Z,hold,none,approved,hold,,,,282.22,500.94,"Equities are closed so only BTC/ETH trade; BTC is a flat +0.56% with no momentum edge and ETH just re-entered at avg $1902.24 sitting -0.30% with no snap setup, so I hold both crypto positions and wait for a cleaner entry rather than force a trade into two directionless tapes."
2026-07-24T07:40:00Z,buy,ETH-USD,approved,ok,0.021126,1893.37,40.00,242.22,500.57,"ETH at -0.55% vs BTC +0.32% is the widest crypto spread on the tape, and my existing lot is only -0.47% underwater — adding a small 8% tranche presses the same mean-reversion snap toward BTC's stronger bid."
2026-07-24T07:50:00Z,buy,ETH-USD,approved,ok,0.018483,1893.68,35.00,207.22,500.49,"ETH lags at -0.53% while BTC holds +0.25%, the widest crypto spread on the tape — buying the mean-reversion snap on the laggard with room under my 25% cap and dry cash."
2026-07-24T08:00:00Z,sell,BTC-USD,approved,ok,-0.000535,65456.42,35.00,242.22,500.68,"Both crypto positions sit near the 25% cap so I can't add; BTC is my only green name at +0.27% on a flat +0.35% tape with no fresh momentum, so I bank a small partial profit and free cap rather than keep averaging into the lagging ETH position I've overfed all session."
2026-07-24T08:10:00Z,hold,none,approved,hold,,,,242.22,500.64,"Equities are closed so only BTC/ETH trade; ETH already sits at ~$120 against a ~$125 cap so I can't run the usual widest-spread ETH add, BTC shows no fresh momentum at +0.33%, and another sub-dollar rebalance only bleeds spread — no genuine edge this cycle."
2026-07-24T08:20:03Z,hold,none,approved,hold,,,,242.22,500.35,"Equities are closed; BTC is a flat +0.21% with no momentum to chase and ETH is both the weaker tape (-0.65%) and already pinned near the 25% cap, so there is no real edge to press this cycle."
2026-07-24T08:30:01Z,hold,none,approved,hold,,,,242.22,500.16,"Only BTC/ETH are tradable with equities closed; BTC is a flat +0.18% and ETH is a shallow -0.79% with no momentum or clean mean-reversion snap, and both crypto positions already sit near the 25% cap so I can't add size worth chasing."
2026-07-24T08:40:00Z,buy,BTC-USD,approved,ok,0.000459,65403.99,30.00,212.22,500.36,"Equities closed, so only crypto trades; BTC holds +0.27% relative strength while ETH bleeds -0.68%, and BTC is my only position with room under the 25% cap (~$88 of $125), so I add small to the stronger horse."
2026-07-24T08:50:00Z,hold,none,approved,hold,,,,212.22,500.30,"Equities are closed so only BTC/ETH trade, and both already sit at ~24% of equity against the 25% cap so I can't add; BTC is a flat +0.23% with no momentum and ETH's -0.33% dip is noise not worth trimming into a capped book."
2026-07-24T09:00:00Z,hold,none,approved,hold,,,,212.22,499.83,"Equities are closed so only BTC/ETH trade; both already sit at ~24% of equity against the 25% cap leaving no room to add, BTC is dead flat at +0.04% with no momentum to chase, and ETH is slowly bleeding (-0.90%) with no reversal signal — zero edge worth forcing a fill."
2026-07-24T09:10:00Z,buy,BTC-USD,vetoed,position would exceed 25% of equity,,,,212.22,499.37,"Equities closed so only crypto trades; BTC holds relative strength at -0.22% vs ETH -1.02%, and my BTC book is nearly break-even, so I add a small tranche to the stronger leg while trimming risk on the weaker ETH."
2026-07-24T09:10:00Z,sell,ETH-USD,approved,ok,-0.063265,1884.31,119.21,331.43,499.37,"ETH is the weakest tradable name at -1.02% today and sits -0.66% underwater with no momentum, so I cut it to fund the stronger BTC leg and reduce dead-weight risk."
2026-07-24T09:20:00Z,sell,BTC-USD,approved,ok,-0.001808,64946.62,117.43,448.86,499.12,"BTC is red at -0.56% underwater with no relative-strength edge and broad risk-off tape (equities down 2-18% today points to more crypto downside overnight), so I cut the loser and free capital."
2026-07-24T09:30:00Z,buy,BTC-USD,approved,ok,0.000616,64917.97,40.00,408.86,499.12,"Equities closed, so only crypto trades; BTC at -0.48% is the strongest tradable name and holding above ETH's -1.19%, so I take a small ~8% relative-strength entry with cash to spare."
2026-07-24T09:40:01Z,buy,BTC-USD,approved,ok,0.000462,64993.63,30.00,378.86,499.17,"Equities are closed so only crypto trades; BTC at -0.36% is the strongest tradable name versus ETH at -1.06%, and my BTC sleeve sits at only ~8% of equity, leaving room to press relative strength with a small add."
2026-07-24T09:50:00Z,buy,BTC-USD,approved,ok,0.000692,65036.00,45.00,333.86,499.21,"Equities are closed so only crypto trades; BTC at -0.30% holds clear relative strength over ETH at -1.04% and is bouncing off lows, so I add ~9% of equity to the strongest tradable name."
2026-07-24T10:00:00Z,buy,BTC-USD,vetoed,position would exceed 25% of equity,,,,333.86,499.28,"Equities are closed so only crypto trades; BTC holds firmest relative strength at -0.24% vs ETH -0.90% and is already green on my last four entries, so I add to the momentum leader while keeping room under the 25% cap."
2026-07-24T10:10:00Z,hold,none,approved,hold,,,,333.86,499.17,"Equities closed so only crypto is live; BTC already sits ~23% of equity against the 25% cap leaving no room to add and last cycle's add was vetoed, while ETH is the weakest tape at -1.03% with no long edge and no shorting allowed — no actionable momentum this cycle."
2026-07-24T10:20:01Z,hold,none,approved,hold,,,,333.86,499.01,"Equities are closed so only crypto is tradable; BTC-USD (-0.48%) and ETH-USD (-1.18%) are both red with no momentum or relative-strength edge, and BTC already sits at ~23% of equity near the 25% cap, so there is no clean entry to press."
2026-07-24T10:30:01Z,buy,ETH-USD,approved,ok,0.015925,1883.81,30.00,303.86,499.06,"BTC is already ~23% of equity near the 25% cap, so I rotate fresh risk into ETH-USD, the most oversold tradable name (-1.05%), for a small mean-reversion snap while equities stay closed."
2026-07-24T10:40:01Z,hold,none,approved,hold,,,,303.86,499.06,"Only crypto is tradable and both holdings are flat (BTC -0.05%, ETH -0.02%) with BTC already ~23% of equity near the 25% cap; no momentum or mean-reversion edge worth adding fresh risk this cycle."
2026-07-24T10:50:00Z,buy,BTC-USD,vetoed,position would exceed 25% of equity,,,,303.86,499.10,"Equities are closed so only crypto is tradable; BTC-USD holds the firmest relative strength at -0.39% vs ETH -1.05%, so I add to the momentum leader while staying under the 25% single-position cap."
2026-07-24T11:00:03Z,hold,none,approved,hold,,,,303.86,498.95,"Only crypto is live and the whole tape is risk-off (equities down hard, BTC -0.50%, ETH -1.13%) with momentum pointing down, so buying crypto dips fights the tape; both holdings are near-flat with BTC already ~23% of equity against the 25% cap, leaving no clean long edge to press."
2026-07-24T11:10:01Z,buy,ETH-USD,approved,ok,0.021275,1880.11,40.00,263.86,498.95,Only crypto is live; ETH is holding a shallower drawdown near support and I add a small tranche to hunt a mean-reversion bounce while BTC sits near its 25% cap.
2026-07-24T11:20:01Z,buy,ETH-USD,approved,ok,0.015942,1881.85,30.00,233.86,499.12,"ETH is holding the firmest of the crypto pair (+0.01% on our lot vs BTC flat-to-down) and sitting on shallow-drawdown support with equities closed, so I add small to the relative-strength leg while keeping BTC near its 25% cap."
2026-07-24T11:30:02Z,hold,none,approved,hold,,,,233.86,499.04,"Only crypto is live and the whole tape is risk-off — BTC -0.38% and ETH -1.24% with no upward momentum to chase; adding into a bleeding tape has negative edge, so I stay put and wait for a real snap or the equity open."
2026-07-24T11:40:02Z,hold,none,approved,hold,,,,233.86,498.91,"Only crypto is live and the whole tape is risk-off — BTC -0.41% and ETH -1.32% on the day with our ETH lot already underwater and no momentum or mean-reversion snap to lean on, so there's no edge worth committing fresh cash to this cycle."
2026-07-24T11:50:02Z,hold,none,approved,hold,,,,233.86,498.72,"Equities are closed so only crypto is tradable, and the entire tape is hard risk-off — BTC -0.53% and ETH -1.37% on the day with both of our lots underwater and still sliding, so there is no long momentum to hunt and no short/hedge allowed, making cash the only edge this cycle."
2026-07-24T12:00:02Z,hold,none,approved,hold,,,,233.86,499.19,"Equities are closed so only crypto is live, and both BTC (-0.33%) and ETH (-1.14%) are drifting lower in a hard risk-off tape with no momentum edge in either direction — adding to longs here is knife-catching, and BTC is already near the 25% cap, so I sit tight."
2026-07-24T12:10:02Z,hold,none,approved,hold,,,,233.86,499.28,"Equities are closed so only crypto is live, and both BTC (-0.31%) and ETH (-1.08%) are red with no momentum or clean mean-reversion snap to scalp — I already hold ETH/BTC lots slightly green, so adding into a flat risk-off tape offers no edge; I stand pat and wait for a real move."
2026-07-24T12:20:00Z,buy,BTC-USD,vetoed,position would exceed 25% of equity,,,,233.86,499.09,BTC is the firmest name on a hard risk-off tape (-0.39% vs ETH -1.18%) and is basing right at our flat entry — add a small momentum lot to the strongest asset while keeping ample cash.
2026-07-24T12:30:00Z,hold,none,approved,hold,,,,233.86,499.07,"Equities are closed so only crypto is live, and both BTC (-0.41%) and ETH (-1.17%) are bleeding on a hard risk-off tape with no momentum to chase — I already hold both at flat P/L, so adding size into a falling knife has negative edge; staying put."
2026-07-24T12:40:00Z,hold,none,approved,hold,,,,233.86,499.00,"Equities are closed so only crypto is live, and the whole tape is hard risk-off — ETH is bleeding (-1.27%) and BTC (-0.39%) is only flat-firm; my BTC position is already near the 25% cap (a prior add was vetoed for that), and cash-only means I can't short the weakness, so there is no long edge worth"
2026-07-24T12:50:00Z,hold,none,approved,hold,,,,233.86,498.35,"Equities are closed so only crypto is live, and both BTC (-0.68%) and ETH (-1.58%) are grinding lower on a hard risk-off tape with no momentum or reversal signal — chasing here is buying a falling knife, so I stay flat and preserve the small account."
2026-07-24T13:00:00Z,hold,none,approved,hold,,,,233.86,498.20,"Equities are closed so only crypto is live, and both BTC (-0.75%) and ETH (-1.64%) are grinding lower on a hard risk-off tape with my existing crypto positions already red — no long edge and no momentum to chase, so I stay put rather than add into weakness."
2026-07-24T13:10:00Z,sell,ETH-USD,approved,ok,-0.053142,1859.48,98.82,332.68,496.81,"Cut the weakest laggard (ETH -1.18%, worst beta) on a hard uniform risk-off tape with no live equities to hedge — raise cash and keep only the firmer BTC rather than hold two falling knives."
2026-07-24T13:20:00Z,hold,none,approved,hold,,,,332.68,496.95,"Only crypto is live and it's a uniform hard risk-off tape (BTC -1.24%, ETH -1.97%) with no momentum or reversion snap to hunt; I already cut ETH last cycle and buying a falling knife here has negative edge, so I hold my small BTC and wait for a base."
2026-07-24T13:30:00Z,buy,NVDA,approved,ok,0.239509,208.76,50.00,282.68,496.77,NVDA is the only green name on a hard risk-off tape (+2.93%) and my existing lot is already in profit — add to the sole momentum leader while everything else bleeds.
2026-07-24T13:40:00Z,sell,BTC-USD,approved,ok,-0.001770,64222.64,113.65,396.33,495.92,"BTC is red on a uniform risk-off tape (-1.54% today, position -1.17%) with no momentum edge; free the ~$113 into cash and keep only the one green name."
2026-07-24T13:40:00Z,buy,NVDA,vetoed,position would exceed 25% of equity,,,,396.33,495.92,"NVDA is the sole green ticker (+2.24%) against a tape where TSLA -16%, GOOGL -7.6%, META -6.4% — press the only real momentum and average down my existing lot."
2026-07-24T13:50:00Z,buy,NVDA,approved,ok,0.095995,208.34,20.00,376.33,496.39,"NVDA is the lone green ticker (+2.73%) with clear relative strength on a brutal uniform risk-off tape, so I add a small clip to my winning momentum lot while staying under the 25% cap."
2026-07-24T14:00:00Z,sell,NVDA,approved,ok,-0.576259,206.31,118.89,495.22,495.22,NVDA's +1.73% green print is the lone bid on a hard uniform risk-off tape and my lot is down -0.93% with fading relative strength — take it off before the last green name rolls over into the broad selling.
2026-07-24T14:10:00Z,buy,NVDA,approved,ok,0.216959,207.41,45.00,450.22,495.22,"NVDA is the lone green ticker (+2.27%) with persistent relative strength on a brutal risk-off tape where TSLA -17%, GOOGL -7%, META -6%—buying the sole momentum leader with a ~9% starter."
2026-07-24T14:20:04Z,buy,NVDA,approved,ok,0.241066,207.41,50.00,400.22,495.22,"NVDA is the lone green ticker (+2.27%) with persistent relative strength on a brutal risk-off tape, so I add a small tranche to the only real momentum while staying well under the 25% cap."
2026-07-24T14:30:00Z,buy,NVDA,approved,ok,0.120533,207.41,25.00,375.22,495.22,"NVDA is the lone green ticker (+2.27%) with persistent relative strength on a uniform risk-off tape (TSLA -17%, GOOGL -7%), so I press the momentum with a small add while staying under the 25% position cap."
2026-07-24T14:40:00Z,sell,NVDA,approved,ok,-0.578559,208.02,120.35,495.57,495.57,"NVDA is +2.57% and green against a violently red tape but my avg is $207.41 vs $208.02 for only +0.29%; I'm ~24% of equity concentrated in one name after five straight buys, so I lock the small gain and free cash rather than press a fifth add into an extended lone-green print."
2026-07-24T14:50:00Z,buy,NVDA,approved,ok,0.240362,208.02,50.00,445.57,495.57,NVDA is the lone green ticker (+2.57%) with persistent relative strength on a violently red risk-off tape; a 10% starter rides the only real momentum available while everything else bleeds.
2026-07-24T15:00:00Z,hold,none,approved,hold,,,,445.57,495.57,"NVDA position is at breakeven (avg $208.02 = current $208.02) and already sized near the 25% cap at ~$50 of $495 equity; the entire rest of the tape is a uniform violent risk-off (TSLA -17.9%, GOOGL -8%, META/AMZN -6%, everything red) with no clean mean-reversion snap yet confirmed, so chasing a fal"
2026-07-24T15:10:00Z,buy,NVDA,approved,ok,0.240362,208.02,50.00,395.57,495.57,NVDA is the lone green name (+2.57%) holding relative strength against a violently red tape led by TSLA -17.9% and GOOGL -8%; add to the winner while it leads and cut fast if it loses 207.
2026-07-24T15:20:01Z,sell,NVDA,approved,ok,-0.480723,208.02,100.00,495.57,495.57,"NVDA sits at exact breakeven ($208.02 avg vs $208.02 now) after six churn cycles that added zero P/L while racking up hypothetical fees; the account is down to $495.57 and the only green name has stalled — bank the position flat, stop the churn, and wait for a real breakout or a mean-reversion snap "
2026-07-24T15:30:00Z,buy,NVDA,approved,ok,0.239080,209.13,50.00,445.57,495.57,"NVDA is the lone green ticker (+3.12%) showing persistent relative strength against a broadly red tape, so I'm taking a fresh 10% momentum-continuation entry rather than churning at breakeven."
2026-07-24T15:40:00Z,buy,NVDA,approved,ok,0.238589,209.56,50.00,395.57,495.67,"NVDA is the lone green ticker (+3.33% and strengthening from +2.57%) showing persistent relative strength against a violently red tape (TSLA -18%, GOOGL -7%, META/AMZN -5.6%); adding ~10% of equity to the momentum leader keeps me at ~20% exposure, under the 25% cap."
2026-07-24T15:50:00Z,sell,NVDA,approved,ok,-0.477669,209.18,99.92,495.49,495.49,Six-plus churn cycles on NVDA have produced zero net edge with the position now red (-0.08%) despite the ticker being +3.14%; taking the position flat to stop bleeding fees on a name that keeps reverting to my entry.
2026-07-24T16:00:00Z,buy,NVDA,approved,ok,0.237922,210.15,50.00,445.49,495.49,"NVDA is the lone green name (+3.62%, strengthening) with clear relative strength as the tape sells off hard across TSLA/GOOGL/META/AMZN — riding momentum with a small 10% starter and a fast stop."
2026-07-24T16:10:00Z,sell,NVDA,approved,ok,-0.237922,211.43,50.30,495.79,495.79,Take the +0.61% gain on the lone green name after seven churn cycles produced no net edge — lock the profit while NVDA is extended +4.25% and mean-reversion risk is high into a broadly red tape.
2026-07-24T16:20:00Z,buy,NVDA,approved,ok,0.284630,210.80,60.00,435.79,495.79,"NVDA is the only green name at +3.94% and strengthening while everything else bleeds red, so I ride the lone momentum leader with a ~12% starter and will scalp out on the next uptick."
2026-07-24T16:30:00Z,hold,NVDA,approved,hold,,,,435.79,495.78,"Already hold the one edge on the board — NVDA is the lone green name (+3.92%) with relative strength in a broad red tape; the red names (TSLA -18%, GOOGL -8%, META -7%) are falling knives with no reversal signal yet, and six-plus NVDA churn cycles have proven flipping in/out here bleeds fees for zer"
2026-07-24T16:40:00Z,sell,NVDA,approved,ok,-0.284630,210.49,59.91,495.71,495.71,NVDA has churned eight-plus cycles for near-zero net edge and is now underwater at -0.15%; lock in the lone-green position before the +3.79% pop fades rather than paying more round-trip slippage on a name that keeps mean-reverting to my entry.
2026-07-24T16:50:03Z,buy,TSLA,approved,ok,0.160989,310.58,50.00,445.71,495.71,TSLA is capitulating at -18.45% on the day — a snap-back bounce candidate for a fast intraday mean-reversion scalp with a tight stop.
2026-07-24T17:00:00Z,sell,TSLA,approved,ok,-0.160989,309.22,49.78,495.49,495.49,"The snap-back never came — TSLA keeps bleeding at -18.8% with no bounce structure, so I cut the dead mean-reversion trade before it costs more."
2026-07-24T17:00:00Z,buy,NVDA,approved,ok,0.285388,210.24,60.00,435.49,495.49,NVDA is the lone green name at +3.66% and strengthening while the whole tape sells off — rotate the freed cash into the session's only real relative-strength momentum.
2026-07-24T17:10:01Z,hold,NVDA,approved,hold,,,,435.49,495.32,"I already own the only edge on the board — NVDA is the lone green name (+3.37%) still bid while the entire tape bleeds, and the beaten names (TSLA -19%, GOOGL -7.9%) showed no bounce structure last cycle, so there's no cleaner setup to rotate into."
2026-07-24T17:20:01Z,sell,NVDA,approved,ok,-0.285388,210.19,59.99,495.47,495.47,NVDA has churned ten-plus cycles at a net loss and is now underwater on the day's only green name — take the small loss and free the capital rather than keep dead money parked.
2026-07-24T17:30:00Z,buy,NVDA,approved,ok,0.285307,210.30,60.00,435.47,495.47,"NVDA is the only green name on a broadly red tape at +3.69% and firming into the close, so I want a small momentum long rather than catching knives in TSLA/GOOGL/META."
2026-07-24T17:40:00Z,sell,NVDA,approved,ok,-0.285307,210.29,60.00,495.47,495.47,NVDA has gone nowhere across four cycles of churning and the position is flat-to-negative after fees while the broad tape accelerates lower — take the capital back rather than pay commission to sit in a stalled leader.
2026-07-24T17:40:00Z,buy,GOOGL,approved,ok,0.187594,319.84,60.00,435.47,495.47,"GOOGL at -7.77% is a washed-out mega-cap down harder than any peer except TSLA, and unlike TSLA's -19% structural collapse it is a proportionate flush in a name with liquidity — buying a 12% equity slice for a mean-reversion snap with a fast exit if it makes a new low."
2026-07-24T17:50:00Z,sell,GOOGL,approved,ok,-0.187594,319.76,59.98,495.46,495.46,GOOGL knife-catch hasn't snapped back and is stuck flat at -7.79% while the tape keeps bleeding — cut it and free capital rather than sit in a falling mega-cap.
2026-07-24T17:50:00Z,buy,NVDA,approved,ok,0.285497,210.16,60.00,435.46,495.46,"NVDA is the only green name on a deeply red board at +3.62% and holding its highs while everything else sells off — buy relative strength, not falling knives."
2026-07-24T18:00:00Z,sell,NVDA,approved,ok,-0.285497,209.65,59.85,495.31,495.31,NVDA has been round-tripped six times with no follow-through and is now red on the position while the whole tape bleeds — cut it and stop paying spread on a name that won't run.
2026-07-24T18:00:00Z,buy,TSLA,approved,ok,0.193858,309.50,60.00,435.31,495.31,"TSLA at -18.7% is a violent capitulation flush far beyond any peer, the exact washed-out extreme where an intraday mean-reversion snap pays — small 12% starter with a fast exit if it keeps bleeding."
2026-07-24T18:10:00Z,sell,TSLA,approved,ok,-0.193858,308.05,59.72,495.03,495.03,"TSLA has kept making new lows since entry (-18.7% to -19.11%) with zero bounce, so the capitulation-snap thesis is dead and I cut it while the loss is still under half a percent."
2026-07-24T18:10:00Z,buy,NVDA,approved,ok,0.286342,209.54,60.00,435.03,495.03,"NVDA at +3.32% is the only green name on a broadly red tape and relative strength is the single momentum signal actually working, so I rotate the freed cash into it with a tight leash and re-evaluate next cycle."
2026-07-24T18:20:00Z,buy,NVDA,approved,ok,0.239269,208.97,50.00,385.03,494.86,"NVDA is the only green name on a board where four megacaps are down 5-19%, so I'm pressing the single confirmed uptrend rather than catching another falling knife — sizing to ~22% of equity, still under the 25% cap."
2026-07-24T18:20:00Z,buy,DIA,approved,ok,0.105993,518.90,55.00,330.03,494.86,"With QQQ -1.21% and megacap tech bleeding while DIA holds -0.37%, money is rotating out of tech into old-economy breadth — a small long in the strongest index is the low-risk side of that rotation."
2026-07-24T18:20:00Z,hold,none,approved,hold,,,,330.03,494.86,"No knife-catch on TSLA -19%, GOOGL -7.5%, META -6.8% or AMZN -5.9% — the last two attempts at exactly this setup made new lows after entry, so I stay off the broken names until one prints an actual higher low."
2026-07-24T18:30:00Z,sell,NVDA,approved,ok,-0.525610,207.80,109.22,439.25,494.19,"NVDA was bought twice as the lone green name but has since faded from +3.3% to +2.46% and is now underwater at -0.71% on average cost, so the relative-strength thesis has broken and I cut it before a red tape drags the last green name down with it."
2026-07-24T18:30:00Z,buy,GOOGL,approved,ok,0.187500,320.00,60.00,379.25,494.19,"GOOGL at -7.72% is the deepest liquid megacap flush outside the TSLA disaster and is stretched far enough below its peers for a snapback scalp, sized small at ~12% of equity with a fast exit if it makes new lows."
2026-07-24T18:40:01Z,sell,DIA,approved,ok,-0.105993,518.04,54.91,434.16,494.10,"DIA was bought as the rotation-defense trade but has since rolled over from -0.37% to -0.53% with no relative-strength payoff, so I cut it flat and free cash for a better setup."
2026-07-24T18:40:01Z,buy,NVDA,approved,ok,0.265932,206.82,55.00,379.16,494.10,"NVDA is again the only green name on a tape where TSLA -19%, GOOGL -7.8% and META -7.1% are bleeding, and it is holding +1.98% instead of fading, so I re-enter the lone leader with a small starter."
2026-07-24T18:50:00Z,sell,NVDA,approved,ok,-0.265932,206.62,54.95,434.11,493.99,NVDA is the only green name but has faded from +3.3% to +1.88% while the entire tape bleeds — take the flat exit before it rolls over like DIA did rather than hold a lone long into a broad risk-off session.
2026-07-24T18:50:00Z,sell,GOOGL,approved,ok,-0.187500,319.40,59.89,493.99,493.99,"GOOGL has gone from -7.72% to -7.89% since entry with no bounce — the knife is still falling and my mandate is to cut losers fast, not average a megacap flush."
2026-07-24T18:50:00Z,buy,SPY,approved,ok,0.067726,738.27,50.00,443.99,493.99,"With TSLA -18.9%, GOOGL -7.9% and META -7.2% while SPY holds -0.68%, the damage is idiosyncratic single-name carnage, not index collapse — SPY is the least-broken vehicle for a late-day mean-reversion snap."
2026-07-24T19:00:03Z,sell,SPY,approved,ok,-0.067726,738.57,50.02,494.01,494.01,"SPY entry is flat at +0.04% and the whole tape is bleeding lower with megacaps down 6-19%, so I'm taking the scratch and rotating into the only symbol with real momentum."
2026-07-24T19:00:03Z,buy,NVDA,approved,ok,0.290726,206.38,60.00,434.01,494.01,NVDA at +1.76% is the sole green name against a market where every other megacap is red — relative-strength leadership on a flush day is the highest-probability momentum entry available.
2026-07-24T19:10:00Z,sell,NVDA,approved,ok,-0.290726,205.09,59.63,493.64,493.64,"NVDA has faded from +1.76% at entry to +1.13% and is now underwater -0.62% while every other name on the tape bleeds — the lone-green-name trade has stopped working three cycles running, so cut it and hold cash rather than average into a rolling-over market."
2026-07-24T19:20:00Z,buy,NVDA,approved,ok,0.292640,205.03,60.00,433.64,493.64,"NVDA at +1.09% is still the only green name in a broadly red tape and has held relative strength all session, so I take a small 12% probe on the sole leader with a tight leash."
2026-07-24T19:20:00Z,buy,TSLA,approved,ok,0.162082,308.49,50.00,383.64,493.64,"TSLA -19% is a washout-scale dislocation with the largest snapback potential of anything on the board — a 10% starter position sized for a mean-reversion bounce, cut immediately if it makes new lows."
2026-07-24T19:30:00Z,sell,TSLA,approved,ok,-0.162082,309.43,50.15,433.79,493.99,TSLA is up only +0.30% on a -18.75% day where the falling knife has zero confirmed bottom — bank the scalp and stop holding a washout name overnight in a tape where every megacap is bleeding.
2026-07-24T19:30:00Z,buy,NVDA,approved,ok,0.243072,205.70,50.00,383.79,493.99,NVDA at +1.42% is the only green name in a broadly red tape and has held its bid through two sessions of megacap carnage — add to the sole momentum leader while keeping the position under the 25% equity cap.
2026-07-24T19:40:04Z,sell,NVDA,approved,ok,-0.535713,205.72,110.21,494.00,494.00,NVDA is only +0.19% on the position after three round-trips of chop and its +1.43% relative strength is fading while the entire tape bleeds — take the small gain and go flat rather than hold the last long into broad megacap breakdown.
2026-07-24T19:40:04Z,buy,GOOGL,approved,ok,0.187441,320.10,60.00,434.00,494.00,"GOOGL -7.69% is a megacap flush into an oversold extreme with far cleaner snapback mechanics than TSLA's -18.57% knife, sized at ~12% of equity for a fast mean-reversion pop."
2026-07-24T19:50:00Z,sell,GOOGL,approved,ok,-0.187441,320.18,60.01,494.01,494.01,"GOOGL is flat at +0.02% after a full cycle with no snapback traction on a -7.67% tape, so I'm freeing the capital rather than holding a dead-money knife catch."
2026-07-24T19:50:00Z,buy,NVDA,approved,ok,0.291496,205.84,60.00,434.01,494.01,"NVDA at +1.49% is the only green name in a red tape and is making session highs, so I'm re-entering the relative-strength leader at ~12% of equity."
2026-07-24T20:00:00Z,sell,NVDA,approved,ok,-0.291496,206.88,60.30,494.32,494.32,NVDA is only +0.51% on the position and is the lone green name in a tape where TSLA is -17.8% and three megacaps are down 6-8% — take the small win before broad-market beta drags it red.
2026-07-24T20:00:00Z,buy,META,approved,ok,0.100803,595.22,60.00,434.32,494.32,META -7.86% is the deepest megacap flush of the session and the cleanest oversold snapback candidate for a 12% equity starter.
2026-07-24T20:10:00Z,sell,META,vetoed,market closed for this symbol,,,,434.32,494.32,"META is flat at -0.01% with equities closed and untradable — no snapback traction, and the position is dead capital I'd rather hold as cash into the next open."
2026-07-24T20:10:00Z,buy,BTC-USD,approved,ok,0.000935,64139.27,60.00,374.32,494.32,"BTC-USD at -1.67% is the only tradable market this cycle and is holding well above the deeper ETH -2.28% flush, so a small 12% starter rides the relative-strength leg while equities are shut."
2026-07-24T20:20:00Z,buy,ETH-USD,approved,ok,0.029549,1861.29,55.00,319.32,494.32,"ETH -2.23% is the deepest tradable flush with equities closed, and pairing it with the existing BTC hold gives a second crypto snapback leg while both hold above session lows."
2026-07-24T20:30:00Z,buy,ETH-USD,approved,ok,0.021488,1861.50,40.00,279.32,494.36,"ETH is the deepest flush at -2.22% and my existing slice is already green, so I am adding into the only tradable market showing snapback traction with equities closed."
2026-07-24T20:40:00Z,buy,BTC-USD,approved,ok,0.000857,64145.03,55.00,224.32,494.28,"BTC is the shallower flush at -1.66% and my existing slice is already green while ETH lags, so I add to the leader with crypto the only tradable market this cycle."
2026-07-24T20:50:00Z,buy,BTC-USD,vetoed,position would exceed 25% of equity,,,,224.32,494.04,"BTC at -1.75% is the shallower of the two tradable crypto flushes and still holds above its session base, so I add a third slice there rather than chase ETH's deeper -2.41% slide while equities are closed."
2026-07-24T21:00:00Z,buy,ETH-USD,vetoed,position would exceed 25% of equity,,,,224.32,494.14,"ETH is the deepest tradable flush at -2.34% and just made a lower low near $1859 while BTC holds shallower, so I add a third slice to the crypto mean-reversion snap with equities closed."
2026-07-24T21:10:00Z,buy,ETH-USD,vetoed,position would exceed 25% of equity,,,,224.32,494.13,"ETH is the deepest tradable flush at -2.37% with equities closed, and my existing slice is only -0.14% underwater, so I add a 10%-of-equity tranche to the cheapest crypto leg while staying well under the 25% position cap."
2026-07-24T21:20:00Z,buy,ETH-USD,vetoed,position would exceed 25% of equity,,,,224.32,494.04,"ETH is the deepest tradable flush at -2.41% and just extended its low near $1857 while my existing slice sits only -0.19% underwater, so I add a 9%-of-equity scale-in on the crypto leg with the most snapback range."
2026-07-24T21:30:00Z,buy,ETH-USD,vetoed,position would exceed 25% of equity,,,,224.32,494.10,ETH is the deepest tradable flush at -2.39% with equities closed and my slice small; adding a 11% starter here for the mean-reversion snap while keeping cash for BTC.
2026-07-24T21:40:00Z,buy,ETH-USD,vetoed,position would exceed 25% of equity,,,,224.32,494.07,"ETH is the deepest tradable flush at -2.41% with equities closed, my existing slice is only ~9.5% of equity, and I've vetoed this same setup four cycles running — taking the mean-reversion snap now with a ~11% starter that keeps ETH under the 25% cap."
2026-07-24T21:50:00Z,buy,ETH-USD,vetoed,position would exceed 25% of equity,,,,224.32,494.08,"ETH is the deepest tradable flush at -2.42% with equities closed, and adding at $1857 near the session low sizes my smallest position into the sharpest mean-reversion snap available this cycle."
2026-07-24T22:00:00Z,buy,ETH-USD,vetoed,position would exceed 25% of equity,,,,224.32,493.93,"ETH is the deepest tradable flush at -2.53% with equities closed, and I'm adding a small second tranche to my existing 0.051 slice to catch the mean-reversion snap off the $1855 low."
2026-07-24T22:10:00Z,buy,ETH-USD,vetoed,position would exceed 25% of equity,,,,224.32,494.01,"ETH is the deepest tradable flush at -2.45% with equities closed and cash idle — adding a ~11% equity slice to my small existing stake to play the mean-reversion snap off the $1857 low, with a fast cut if it breaks lower."
2026-07-24T22:20:00Z,buy,ETH-USD,approved,ok,0.013455,1858.07,25.00,199.32,494.08,"ETH is the deepest tradable flush at -2.40% with equities closed, and a $25 add is the largest slice that keeps the position under the 25%-of-equity cap ($94.83 of $123.52 used) after six prior oversized proposals were vetoed."
2026-07-24T22:30:00Z,buy,ETH-USD,vetoed,position would exceed 25% of equity,,,,199.32,494.05,"ETH is the deepest tradable flush at -2.43% with equities closed and $199 cash idle, so I add a second $25 tranche to the mean-reversion snap while keeping the position well under the 25% cap."
2026-07-24T22:40:00Z,buy,ETH-USD,vetoed,position would exceed 25% of equity,,,,199.32,494.11,ETH is the deepest tradable flush at -2.40% with equities closed and $199 cash idle; adding at $1858 near my $1860.69 basis keeps the position under the 25% cap while positioning for an overnight mean-reversion snap.
2026-07-24T22:50:00Z,buy,ETH-USD,vetoed,position would exceed 25% of equity,,,,199.32,494.12,ETH is the deepest tradable flush at -2.39% with equities closed and $199 cash idle; adding $30 near $1858 keeps the position under the 25% cap while sizing into the sharpest mean-reversion candidate available this cycle.
2026-07-24T22:50:00Z,buy,BTC-USD,vetoed,position would exceed 25% of equity,,,,199.32,494.12,"BTC is down -1.70% and holding better than ETH, so a $25 add gives a second crypto leg with less downside beta while keeping cash reserve above $140."
2026-07-24T23:00:00Z,buy,ETH-USD,vetoed,position would exceed 25% of equity,,,,199.32,494.05,"ETH is the deepest tradable flush at -2.42% and the only live market with equities closed, so a small $25 add lowers my 0.064 ETH basis for a bounce scalp while keeping the position under the 25% cap."
2026-07-24T23:10:00Z,buy,BTC-USD,vetoed,position would exceed 25% of equity,,,,199.32,494.08,"BTC at -1.73% is the shallower, better-holding crypto flush and my ETH adds keep getting vetoed, so a $25 BTC add spreads the mean-reversion bet across the only two live markets while keeping cash above 30% and each position under the 25% cap."
2026-07-24T23:20:00Z,buy,BTC-USD,vetoed,position would exceed 25% of equity,,,,199.32,494.06,"BTC at -1.76% is the shallower, better-holding of the two live crypto flushes and my existing 0.001793 stake is only ~2.3% of equity, so a $50 add builds a real position into the overnight bounce while equities are closed."
2026-07-24T23:20:00Z,buy,ETH-USD,vetoed,position would exceed 25% of equity,,,,199.32,494.06,"ETH at -2.39% is the deepest tradable washout and my 0.064492 stake is ~24% of equity — a $40 add would breach the 25% cap, so size it as the smaller second leg of the crypto mean-reversion trade."
2026-07-24T23:30:00Z,buy,BTC-USD,vetoed,position would exceed 25% of equity,,,,199.32,494.18,"BTC at -1.71% is the shallower, better-holding of the two live crypto flushes and equities are closed, so a $50 add is the only real momentum entry available this cycle."
2026-07-24T23:40:00Z,buy,BTC-USD,vetoed,position would exceed 25% of equity,,,,199.32,494.15,"BTC at -1.73% is the shallower of the two live crypto flushes and is holding better than ETH, so I add ~9% of equity to my existing 23% BTC stake for a mean-reversion snap while crypto is the only tradable market."
2026-07-24T23:50:00Z,buy,BTC-USD,vetoed,position would exceed 25% of equity,,,,199.32,494.17,"BTC at -1.74% is the shallower of the two live crypto flushes and is holding above its lows better than ETH, so I'm adding a ~11% of equity tranche for the mean-reversion snap while crypto is the only tradable market."
2026-07-24T23:50:00Z,buy,ETH-USD,vetoed,position would exceed 25% of equity,,,,199.32,494.17,"ETH at -2.32% is the deeper washout with more snap-back range, and a $40 add keeps the position near but under the 25% single-name cap."
2026-07-25T00:00:00Z,buy,BTC-USD,vetoed,position would exceed 25% of equity,,,,199.32,494.16,"BTC is down 3.64% on the day and holding above the flush lows while ETH is down 3.55% — I'm adding $50 (~10% of equity) to the shallower, better-holding crypto leg for a mean-reversion snap, keeping BTC around 33 dollars under the 25% cap."
2026-07-25T00:10:01Z,buy,BTC-USD,vetoed,position would exceed 25% of equity,,,,199.32,494.18,"BTC is the shallower of the two live crypto flushes at -3.65% and holding above session lows while equities are closed, so a $50 add takes my only tradable momentum setup and keeps the position near 20% of equity, under the 25% cap."
2026-07-25T00:20:01Z,buy,BTC-USD,vetoed,position would exceed 25% of equity,,,,199.32,494.25,"BTC is the shallower of the two crypto flushes at -3.63% and is holding above its intraday low while ETH keeps bleeding, so I'm adding ~11% of equity to the existing base for the snap-back with $144 cash still in reserve."
2026-07-25T00:30:01Z,buy,ETH-USD,vetoed,position would exceed 25% of equity,,,,199.32,494.33,"ETH is the deeper of the two crypto flushes at -3.43% and my existing lot is already green, so I'm adding to the position showing snap-back before the equity session reopens."
2026-07-25T00:30:01Z,buy,BTC-USD,vetoed,position would exceed 25% of equity,,,,199.32,494.33,"BTC at -3.62% is holding above its flush lows on the only tradable tape this cycle, so I'm sizing a second add rather than sitting on idle cash for the sixth straight cycle."
2026-07-25T00:40:00Z,buy,ETH-USD,vetoed,position would exceed 25% of equity,,,,199.32,494.31,"ETH is the deeper of the two crypto flushes at -3.45% and is ticking green against my lot while BTC still bleeds, so I add a $50 tranche on the only tradable tape for the snap-back."
2026-07-25T00:40:00Z,buy,BTC-USD,vetoed,position would exceed 25% of equity,,,,199.32,494.31,BTC at -3.63% is holding above the day's flush lows and pairs with the ETH add to keep me positioned for a coordinated crypto bounce while equities are closed.
2026-07-25T00:50:01Z,buy,BTC-USD,vetoed,position would exceed 25% of equity,,,,199.32,493.95,BTC is the shallower of the two crypto flushes at -3.72% and is the only tradable tape this cycle — adding a second lot near the day's lows for the mean-reversion snap.
2026-07-25T00:50:01Z,buy,ETH-USD,vetoed,position would exceed 25% of equity,,,,199.32,493.95,"ETH at -3.65% is the deeper flush and my existing lot is only -0.14% underwater, so averaging into the same washout gives a second leg on any crypto bounce."
2026-07-25T01:00:00Z,buy,BTC-USD,vetoed,position would exceed 25% of equity,,,,199.32,493.95,"BTC is the shallower crypto flush at -3.75% and holding above its lows on the only tradable tape this cycle, so I'm adding a 55 lot to my existing 115 position for the bounce."
2026-07-25T01:00:00Z,buy,ETH-USD,vetoed,position would exceed 25% of equity,,,,199.32,493.95,"ETH at -3.61% is the deeper flush and my existing lot is only -0.11% underwater, so I'm scaling in for the mean-reversion snap while keeping ~$94 cash reserve."
2026-07-25T01:10:01Z,buy,ETH-USD,vetoed,position would exceed 25% of equity,,,,199.32,493.97,ETH is the deepest tradable flush at -3.59% and the only market open this cycle; adding into a stabilizing crypto tape lowers my basis on a position that is barely underwater.
2026-07-25T01:10:01Z,buy,BTC-USD,vetoed,position would exceed 25% of equity,,,,199.32,493.97,BTC at -3.76% is holding above its flush lows and pairs with the ETH add for a two-legged mean-reversion snap while equities are closed.
2026-07-25T01:20:01Z,buy,ETH-USD,vetoed,position would exceed 25% of equity,,,,199.32,493.72,ETH is the deepest tradable flush at -3.71% with crypto the only open market this cycle; adding into the washout at $1856 lowers my basis and positions for the mean-reversion snap.
2026-07-25T01:20:01Z,buy,BTC-USD,vetoed,position would exceed 25% of equity,,,,199.32,493.72,BTC at -3.85% is holding above its session lows and pairs with the ETH add for a two-legged crypto reversion bet sized to leave roughly $100 cash buffer.
2026-07-25T01:30:03Z,buy,ETH-USD,vetoed,position would exceed 25% of equity,,,,199.32,493.88,"ETH is the deepest tradable flush at -3.63% with crypto the only open market, so I'm adding ~10% of equity to my small existing lot for the mean-reversion snap off session lows."
2026-07-25T01:30:03Z,buy,BTC-USD,vetoed,position would exceed 25% of equity,,,,199.32,493.88,BTC at -3.79% is holding above its flush lows and pairs with the ETH add as the shallower-drawdown leg of a two-sided crypto bounce.
2026-07-25T01:40:00Z,buy,ETH-USD,vetoed,position would exceed 25% of equity,,,,199.32,493.94,"ETH is down 3.62% into a broad risk flush and is the deepest discount in the only open market, so I add to my existing position at the low end of the range for a bounce scalp."
2026-07-25T01:40:00Z,buy,BTC-USD,vetoed,position would exceed 25% of equity,,,,199.32,493.94,"BTC at -3.76% is holding above session lows while ETH leads the flush, so a smaller paired add gives crypto beta exposure for the same overnight mean-reversion snap."
2026-07-25T01:50:00Z,buy,ETH-USD,vetoed,position would exceed 25% of equity,,,,199.32,494.09,"ETH is the deepest tradable flush at -3.56% with crypto the only open market, and adding to a near-flat cost basis positions for the mean-reversion snap off session lows."
2026-07-25T01:50:00Z,buy,BTC-USD,vetoed,position would exceed 25% of equity,,,,199.32,494.09,BTC at -3.69% is holding above its flush lows and pairs with the ETH add as the second leg of a small crypto dip entry inside the 25% per-position cap.
2026-07-25T02:00:00Z,buy,ETH-USD,vetoed,position would exceed 25% of equity,,,,199.32,493.93,"ETH is the deepest tradable flush at -3.62% with crypto the only open market, so I'm adding to the existing base near the lows for a bounce scalp."
2026-07-25T02:00:00Z,buy,BTC-USD,vetoed,position would exceed 25% of equity,,,,199.32,493.93,BTC at -3.76% is holding above its flush lows and pairs with the ETH add as the higher-quality half of a crypto mean-reversion snap.
2026-07-25T02:10:04Z,sell,ETH-USD,approved,ok,-0.018823,1859.46,35.00,234.32,494.03,"ETH is leading the crypto flush at -3.57% and my ETH and BTC sleeves are both pinned at the 25% cap (which is why the last three buy proposals were vetoed), so I trim the weakest leg to cut downside and open headroom to re-enter lower once crypto stops making session lows."
2026-07-25T02:10:04Z,hold,BTC-USD,approved,hold,,,,234.32,494.03,"BTC is holding above its flush lows but sits at $114.8 of a $123.5 cap, leaving only ~$9 of addable size — not enough to be a real trade, so I keep it and wait for cap room or a confirmed reversal."
2026-07-25T02:20:00Z,buy,ETH-USD,vetoed,position would exceed 25% of equity,,,,234.32,493.82,"ETH is the deepest tradable flush at -3.71% and crypto is the only open market, so I add to the sleeve I just trimmed to buy the washout with cash freed at $1859."
2026-07-25T02:20:00Z,hold,BTC-USD,approved,hold,,,,234.32,493.82,"BTC at -3.80% is still falling with no reversal signal and my BTC sleeve is already sized near its cap, so I let ETH carry the flush trade."
2026-07-25T02:30:00Z,buy,ETH-USD,vetoed,position would exceed 25% of equity,,,,234.32,493.96,"ETH is down 3.60% and has stopped making new lows since the 02:20 print, so I'm adding a 11% sleeve on the flush stabilization with cash to spare."
2026-07-25T02:30:00Z,hold,BTC-USD,approved,hold,,,,234.32,493.96,"BTC at -3.77% is still the weaker crypto leg and my sleeve is already near the 25% cap, so no add here."
2026-07-25T02:30:00Z,hold,META,approved,hold,,,,234.32,493.96,Equity market is closed so the META position is untradable this cycle.
2026-07-25T02:40:00Z,buy,ETH-USD,vetoed,position would exceed 25% of equity,,,,234.32,493.95,"ETH has stopped making new lows since the 02:20 print while BTC keeps grinding down, so I'm adding a small mean-reversion tranche to the stronger crypto leg at -3.60% with room under the 25% cap."
2026-07-25T02:40:00Z,hold,BTC-USD,approved,hold,,,,234.32,493.95,"BTC is the weaker leg still printing lower lows and the sleeve is already near the 25% cap, so no add and no panic exit on a -0.24% unrealized loss."
2026-07-25T02:40:00Z,hold,META,approved,hold,,,,234.32,493.95,"Equity market is closed, so META is untradable this cycle."
2026-07-25T02:50:00Z,buy,ETH-USD,vetoed,position would exceed 25% of equity,,,,234.32,493.88,"ETH has held its 02:20 low for three straight cycles while BTC keeps printing lower lows, so I'm buying the relative-strength leg for a mean-reversion snap off a -3.6% flush."
2026-07-25T02:50:00Z,hold,BTC-USD,approved,hold,,,,234.32,493.88,"BTC is still the weaker crypto leg making new lows, so I keep the existing sleeve but add nothing here."
2026-07-25T02:50:00Z,hold,META,approved,hold,,,,234.32,493.88,"Equity market is closed, so META is untradable this cycle."
2026-07-25T03:00:00Z,buy,ETH-USD,vetoed,position would exceed 25% of equity,,,,234.32,493.87,"ETH has held its 02:20 low for four straight cycles while BTC keeps printing lower lows — that relative-strength divergence is the tradable snap, so I add a 11% sleeve to the stronger leg."
2026-07-25T03:00:00Z,sell,BTC-USD,approved,ok,-0.001793,63980.57,114.71,349.03,493.87,BTC is the weakest crypto leg still making new lows on a -3.8% day; cut it fast and recycle the cash into the leg that stopped going down.
2026-07-25T03:00:00Z,hold,META,approved,hold,,,,349.03,493.87,"Equity market is closed, so META is untradable this cycle."
2026-07-25T03:10:00Z,buy,ETH-USD,vetoed,position would exceed 25% of equity,,,,349.03,493.88,"ETH is holding above its 02:20 low for a fifth straight cycle while BTC keeps printing new lows, so I add a small tranche to the relative-strength leg with cash freed from the BTC exit."
2026-07-25T03:10:00Z,hold,META,approved,hold,,,,349.03,493.88,"Equity market is closed, so META is untradable this cycle."
2026-07-25T03:20:00Z,sell,ETH-USD,approved,ok,-0.045670,1858.13,84.86,433.89,493.89,"Broad risk-off crash tape (TSLA -17.8%, GOOGL -7.8%, META -7.9%) with crypto down ~3.7% and no bottoming signal — META is frozen and untradable, so cutting the only liquid risk leg is the one lever I have to protect against the -5% halt."
2026-07-25T03:30:00Z,buy,ETH-USD,approved,ok,0.029614,1857.25,55.00,378.89,493.89,ETH is the relatively stronger crypto leg (-3.69% vs BTC -3.75%) and has repeatedly defended its 02:20 low while BTC keeps printing new lows; take a small 11% starter for a bounce snap with a fast cut if that low breaks.
2026-07-25T03:30:00Z,hold,META,approved,hold,,,,378.89,493.89,"Equity market is closed, so META is untradable this cycle."
2026-07-25T03:40:00Z,sell,ETH-USD,approved,ok,-0.029614,1857.53,55.01,433.90,493.89,"ETH is flat (+0.02%) after a fifth cycle of failed bounce attempts while BTC keeps making new lows (-3.73%) — no momentum edge in a risk-off crypto tape, so take the flat exit and hold dry powder for a real reversal signal."
2026-07-25T03:40:00Z,hold,META,approved,hold,,,,433.90,493.89,"Equity market is closed, so META is untradable this cycle."
2026-07-25T03:50:00Z,buy,ETH-USD,approved,ok,0.026947,1855.51,50.00,383.90,493.89,ETH is the only tradable leg with equities closed; taking a small 10% starter long into the -3.8% crypto flush with the intent to scalp any bounce and cut fast if BTC breaks lower.
2026-07-25T04:00:00Z,sell,ETH-USD,approved,ok,-0.026947,1856.92,50.04,433.94,493.93,"Crypto is still bleeding (BTC -3.7%, ETH -3.7%) and this starter long is only +0.08% after a sixth failed bounce attempt — take the flat scratch rather than hold a falling knife into a closed-equity tape."
2026-07-25T04:10:04Z,buy,ETH-USD,approved,ok,0.032273,1859.16,60.00,373.94,493.93,"ETH at $1859 is holding above the prior cycle's $1855 low while BTC keeps making new lows, so I'm taking a small 12% starter long on the relative-strength divergence with a tight leash."
2026-07-25T04:10:04Z,hold,META,approved,hold,,,,373.94,493.93,"Equity market is closed, so META is untradable this cycle."
2026-07-25T04:20:00Z,sell,ETH-USD,approved,ok,-0.032273,1858.82,59.99,433.92,493.92,"ETH is flat at my $1859 entry while BTC keeps grinding lower at -3.7%, so this long has no momentum behind it — cut it and hold cash until crypto shows a real bid or equities reopen."
2026-07-25T04:30:00Z,buy,ETH-USD,approved,ok,0.026908,1858.17,50.00,383.92,493.92,"ETH has now held the $1855-1859 shelf for four straight cycles while BTC keeps printing lower lows, so I'm taking a 10% starter long on that relative strength with a fast exit if $1850 breaks."
2026-07-25T04:40:00Z,hold,none,approved,hold,,,,383.92,493.95,"ETH is the only tradable leg and it is flat at my $1858 entry while BTC keeps making new lows at -3.7%; I already hold a 10% starter position and adding into a bleeding crypto tape with equities closed has no edge, so I keep the existing long and wait for either a break of $1855 to cut or a reclaim "
2026-07-25T04:50:00Z,sell,ETH-USD,approved,ok,-0.026908,1860.16,50.05,433.98,493.98,"ETH is only +0.11% after five cycles of chop while BTC keeps making new lows at -3.58%, so I'm taking the flat scratch off the table rather than holding a long into a bleeding crypto tape with equities closed."
2026-07-25T05:00:00Z,buy,ETH-USD,approved,ok,0.029576,1859.63,55.00,378.98,493.98,"ETH is the only tradable leg and it keeps defending the $1855-1860 shelf while BTC makes lower lows, so I'm re-entering the relative-strength divergence with a tight leash and will cut on a break under $1852."
2026-07-25T05:10:00Z,sell,ETH-USD,approved,ok,-0.029576,1860.04,55.01,433.99,493.99,"ETH is dead flat at +0.02% on my third round-trip through the same $1855-1860 shelf while BTC keeps breaking down at -3.59%, so I'm taking the crypto risk off rather than paying chop for a beta that keeps leading lower."
2026-07-25T05:20:00Z,buy,ETH-USD,approved,ok,0.029585,1859.07,55.00,378.99,493.99,"ETH is the only tradable leg and it has defended the $1855-1860 shelf for six straight cycles while BTC keeps making lower lows, so I re-enter small on the relative-strength divergence and scalp the same range again."
2026-07-25T05:30:01Z,sell,ETH-USD,approved,ok,-0.029585,1859.20,55.00,433.99,493.99,"Fourth round-trip through the same $1855-1860 shelf has produced +0.01% while BTC keeps making new lows at -3.63% — the shelf is a range with no edge, so I take the flat exit rather than pay another cycle of risk for zero drift."
2026-07-25T05:40:01Z,buy,ETH-USD,approved,ok,0.032330,1855.88,60.00,373.99,493.99,"ETH is the only tradable leg and has held the $1855 shelf through seven straight cycles while BTC prints new lows, so I re-enter the same range-bottom bounce for a fast scalp back toward $1862."
2026-07-25T05:50:01Z,sell,ETH-USD,approved,ok,-0.032330,1856.24,60.01,434.01,494.00,"Eighth cycle of the same $1855-1860 chop has paid nothing while BTC keeps grinding to new lows at -3.80% — take the flat exit, stop paying the spread on a shelf that is losing its bid, and hold cash until crypto shows a real impulse."
2026-07-25T06:00:00Z,buy,ETH-USD,approved,ok,0.033394,1856.64,62.00,372.01,494.00,"ETH is the only tradable leg and it has now held the $1855 shelf through nine straight cycles while BTC sits -3.83%, so I take the same defined-risk long at the bottom of the range with a fast exit if $1850 breaks."
2026-07-25T06:10:00Z,sell,ETH-USD,approved,ok,-0.033394,1857.52,62.03,434.04,494.03,Ten cycles of the same $1855-1860 chop has paid nothing while BTC breaks down -3.78% and ETH sits -3.67% on the day — take the flat exit rather than hold a losing-tape asset into the next leg down.
2026-07-25T06:20:00Z,buy,ETH-USD,approved,ok,0.029599,1858.20,55.00,379.04,494.03,"Eleven straight cycles have held the $1855 shelf while BTC broke -3.8%, so ETH's relative strength plus a slightly higher $1858 print is the only tradable edge; buying ~11% of equity with a hard exit if $1852 fails."
2026-07-25T06:30:01Z,sell,ETH-USD,approved,ok,-0.029599,1855.06,54.91,433.94,493.94,"Twelve straight cycles of the same $1855-1860 shelf have produced nothing while BTC keeps sliding -3.85% and ETH sits -3.80% below avg, so I'm cutting the losing scalp rather than paying another round-trip for chop."
2026-07-25T06:40:01Z,sell,META,vetoed,market closed for this symbol,,,,433.94,493.94,"META is untradable while the market is closed, but it closed -7.87% on the day and I want the 12% of equity it ties up freed for crypto — queue the full exit."
2026-07-25T06:40:01Z,buy,ETH-USD,approved,ok,0.026955,1854.95,50.00,383.94,493.94,"ETH has broken the $1855 shelf that held thirteen straight cycles and is now at $1854.95 with BTC down -3.82%, so I'm taking a small 10% starter only on the reclaim attempt of that shelf and will cut fast if it loses $1850."
2026-07-25T06:50:00Z,sell,ETH-USD,approved,ok,-0.026955,1853.65,49.96,433.91,493.90,"ETH broke the $1855 shelf and is now -3.88% with BTC -3.92% confirming crypto-wide risk-off, so I cut the fresh long at a small loss rather than average into a breakdown."
2026-07-25T07:00:00Z,hold,none,approved,hold,,,,433.91,493.90,"Every equity is untradable with the market closed, BTC -3.84% and ETH -3.71% are in a synchronized crypto-wide breakdown with no reversal signal after fourteen cycles of failed chop trades that only bled commissions, and buying into a falling knife with $433.91 cash while holding a META bag is worse"
2026-07-25T07:10:00Z,hold,none,approved,hold,,,,433.91,493.90,"All equities are untradable with the market closed, and crypto is in a broad -3.8% downtrend with no reversion signal — three ETH round-trips in the last five cycles all lost money chasing a shelf that finally broke, so I'm staying flat rather than paying spread to churn a falling knife."
2026-07-25T07:20:00Z,hold,none,approved,hold,,,,433.91,493.90,"Every equity is frozen with the market closed, and the only tradable names — BTC -3.83% and ETH -3.77% — are still bleeding in a synchronized crypto-wide downtrend with no reversal signal, so buying a knife here just burns the last cycles' gains."
2026-07-25T07:30:00Z,hold,none,approved,hold,,,,433.91,493.90,"Every equity is frozen with the market closed, and the only tradable names are BTC -3.84% and ETH -3.78% in a sustained crypto-wide downtrend with no basing or reversal signal — buying a knife mid-fall on a $434 cash base is negative edge, so I stay flat until crypto stabilizes or the equity open gi"
2026-07-25T07:40:00Z,hold,none,approved,hold,,,,433.91,493.90,"Every equity is frozen with the market closed, and the only tradable names are BTC -3.80% and ETH -3.74% still bleeding in a broad crypto downtrend with no reversal signal — I sold ETH into this same slide two cycles ago and buying a falling knife on a $434 cash base for a $494 account is negative e"
2026-07-25T07:50:00Z,hold,none,approved,hold,,,,433.91,493.90,"Every equity is frozen with the market closed, and the only tradable names are BTC -3.85% and ETH -3.81% still bleeding lower with no basing action — buying into an uncontested crypto downtrend with 88% cash and a -5% account halt overhead is negative edge, so I stay flat until either crypto shows a"
2026-07-25T08:00:01Z,buy,ETH-USD,approved,ok,0.029658,1854.49,55.00,378.91,493.90,"ETH is down 3.83% into a washed-out crypto session and is the only tradable name with a real mean-reversion snap-back setup, so I take a small 11% starter with a tight leash instead of sitting flat a seventh straight cycle."
2026-07-25T08:10:00Z,buy,ETH-USD,approved,ok,0.026991,1852.50,50.00,328.91,493.85,"ETH is the only tradable name with equities frozen; adding a second 10% tranche at $1852.50 to average into a washed-out -3.94% crypto session ahead of a mean-reversion snap, keeping total ETH exposure near 21% of equity under the 25% cap."
2026-07-25T08:20:00Z,buy,BTC-USD,approved,ok,0.000782,63916.90,50.00,278.91,493.91,BTC is down 3.89% on a washed-out crypto session and is the only tradable liquid name with equities closed — taking a 10% starter tranche for the mean-reversion snap while keeping ETH exposure capped.
2026-07-25T08:30:00Z,buy,BTC-USD,approved,ok,0.000860,63938.34,55.00,223.91,493.94,"BTC is the only tradable liquid name with equities frozen and is holding above its session low while ETH stalls, so I'm adding a second ~11% tranche to the crypto mean-reversion bet."
2026-07-25T08:40:01Z,buy,ETH-USD,vetoed,position would exceed 25% of equity,,,,223.91,493.81,"ETH is down 3.93% and holding a flat base near $1852 while BTC drifts lower, so I'm adding a third ~11% tranche to the only tradable name with equities frozen."
2026-07-25T08:40:01Z,sell,BTC-USD,approved,ok,-0.001642,63900.39,104.95,328.86,493.81,"BTC is bleeding -3.92% with no bounce after two tranches and my position is red, so I cut it and concentrate the crypto risk in the relatively stronger ETH."
2026-07-25T08:50:00Z,sell,ETH-USD,approved,ok,-0.056648,1851.74,104.90,433.76,493.76,"ETH is down 3.97% with no bounce off the $1852 base after two tranches and BTC is leading lower at -4.05%, so I cut the red crypto leg rather than average into a bleeding tape."
2026-07-25T08:50:00Z,hold,META,approved,hold,,,,433.76,493.76,META is frozen with equities closed and untradable this cycle.
2026-07-25T09:00:00Z,buy,ETH-USD,approved,ok,0.026996,1852.11,50.00,383.76,493.76,"ETH is holding the $1852 base while BTC breaks lower to -4.04%, so relative strength in the only tradable market this cycle gets a small starter tranche with a fast cut if $1840 gives way."
2026-07-25T09:10:00Z,buy,ETH-USD,approved,ok,0.027005,1851.50,50.00,333.76,493.74,"ETH is holding the $1852 base while BTC breaks to -4.07%, so I add a second tranche to the relative-strength leg with crypto the only tradable market."
2026-07-25T09:10:00Z,hold,META,approved,hold,,,,333.76,493.74,META is frozen with equities closed and untradable this cycle.
2026-07-25T09:20:02Z,buy,ETH-USD,vetoed,position would exceed 25% of equity,,,,333.76,493.77,"ETH is defending the $1852 base and is now green on my average while BTC keeps bleeding to -4.02%, so I add a third tranche on the relative-strength divergence."
2026-07-25T09:30:01Z,sell,ETH-USD,approved,ok,-0.054001,1854.10,100.12,433.88,493.88,"ETH is only +0.12% on my average while BTC is breaking down -3.95% and ETH is -3.85% on the day — the $1852 base has failed to produce any bounce across four cycles, so I take the small win and go to cash rather than hold a losing tape into a crypto-only session."
2026-07-25T09:40:01Z,buy,ETH-USD,approved,ok,0.032365,1853.88,60.00,373.88,493.88,"ETH just printed a higher low at $1853.88 while BTC sits deeper at -3.97%, so I re-enter the relative-strength leg with a small tranche and cut fast if $1848 breaks."
2026-07-25T09:50:00Z,sell,ETH-USD,approved,ok,-0.032365,1855.43,60.05,433.93,493.93,"ETH is only +0.08% on my average after four cycles of chopping the same $1852-1855 base while BTC keeps bleeding to -3.92% — the relative-strength thesis has stopped paying, so I take the flat trade off and free up cash rather than hold a losing tape into further crypto downside."
2026-07-25T10:00:03Z,buy,ETH-USD,approved,ok,0.029622,1856.75,55.00,378.93,493.93,"ETH is again defending the $1852-1857 base while BTC sits deeper at -3.85%, so I take another small long at the low end of the range with a fast exit on any break below $1850."
2026-07-25T10:10:00Z,hold,none,approved,hold,,,,378.93,493.93,"Equities are closed and crypto is the only live market, but BTC at -3.83% and ETH at -3.71% are both still bleeding with ETH flat on my $1856.75 average after six cycles of chopping the same $1852-1857 band, so there is no edge in paying spread again on a base that keeps refusing to break out."
2026-07-25T10:20:00Z,sell,ETH-USD,approved,ok,-0.029622,1857.49,55.02,433.96,493.95,"ETH is flat +0.04% on my average after six cycles of chopping the same $1852-1857 base while BTC keeps sliding at -3.79%, so I take the scratch off and stop paying spread on a range that refuses to break."
2026-07-25T10:30:01Z,buy,ETH-USD,approved,ok,0.026938,1856.10,50.00,383.96,493.95,"ETH keeps defending the $1852-1857 base while BTC sits deeper at -3.81%, so I'm re-entering the relative-strength leg for another snap toward $1860 with a fast exit if it loses $1850."
2026-07-25T10:40:00Z,hold,none,approved,hold,,,,383.96,493.94,"Equities are closed and ETH has round-tripped the same $1852-1857 band for seven straight cycles with BTC still bleeding at -3.86%, so my existing 10% ETH position at $1856.10 is the only exposure worth carrying — adding into a flat range with no higher low is paying spread for noise."
2026-07-25T10:50:00Z,buy,BTC-USD,approved,ok,0.000782,63968.89,50.00,333.96,493.94,"ETH is dead-center of its $1852-1857 chop band with no edge at mid, so instead I'm opening a fresh ~10% mean-reversion starter in BTC, which is down 3.81% and has lagged ETH's defense of its base — more snap-back room if crypto bounces, and it gives me a second live lever while equities are closed."
2026-07-25T11:00:00Z,sell,BTC-USD,approved,ok,-0.000782,64000.08,50.02,383.98,494.00,BTC is up only +0.05% on my entry and still the weakest of the pair at -3.77% on the day with no bounce impulse — take the flat scratch off the table rather than hold dead weight in a downtrend.
2026-07-25T11:00:00Z,buy,ETH-USD,approved,ok,0.026928,1856.77,50.00,333.98,494.00,"ETH is the relative-strength leg holding the $1852-1857 base tick-for-tick against a heavier BTC, so I'm rotating the BTC capital into a modest add on the stronger name to press the base-defense trade."
2026-07-25T11:10:00Z,sell,ETH-USD,approved,ok,-0.053867,1857.49,100.06,434.04,494.03,"ETH has round-tripped the same $1852-1857 band for eight straight cycles and I'm sitting at +0.06% mid-range with BTC deeper at -3.78% — no edge at the middle of a chop band, so I'm taking the flat exit and holding dry powder for a genuine break of either extreme."
2026-07-25T11:20:00Z,buy,ETH-USD,approved,ok,0.029606,1857.74,55.00,379.04,494.03,"ETH is holding the $1852-1857 base for the ninth straight cycle while BTC bleeds to -3.75% and prints lower lows, so I'm re-entering the relative-strength leg near the band low at $1857 with a tight scratch-or-scale-out plan on the next pop toward $1862."
2026-07-25T11:30:00Z,hold,none,approved,hold,,,,379.04,494.00,"Equities are closed, BTC is bleeding -3.73% with no reversal signal, and ETH is sitting 6 cents under my $1857.74 entry inside the same $1852-1857 band it has chopped for ten cycles — adding here or flipping to BTC just pays spread on noise, so I hold the ETH leg and wait for a clean break of the ba"
2026-07-25T11:40:00Z,sell,ETH-USD,approved,ok,-0.029606,1856.10,54.95,433.99,493.99,"ETH has failed to break out of the $1852-1857 band for ten straight cycles while both it and BTC bleed -3.75% on the day, so I'm cutting the flat position rather than paying more time decay in a chop band with no directional edge."
2026-07-25T11:50:00Z,buy,ETH-USD,approved,ok,0.029625,1856.56,55.00,378.99,493.99,"ETH is again holding the $1852-1857 floor while BTC bleeds -3.78%, so I take the relative-strength leg long for a snap-back scalp with a tight cut below $1850."
2026-07-25T12:00:00Z,sell,ETH-USD,approved,ok,-0.029625,1856.09,54.99,433.97,493.97,"ETH has round-tripped the $1852-1857 band for eleven straight cycles with zero net edge while BTC bleeds -3.76%, so I take the flat entry off the table rather than pay the churn again."
2026-07-25T12:10:00Z,buy,ETH-USD,approved,ok,0.029633,1856.04,55.00,378.97,493.97,"ETH is holding the $1852-1857 floor for a twelfth straight cycle while BTC bleeds -3.78%, so I take the long side at the band bottom for the mean-reversion snap and will flip out near $1857."
2026-07-25T12:20:00Z,sell,ETH-USD,approved,ok,-0.029633,1856.76,55.02,434.00,493.99,"ETH has round-tripped the same $1852-1857 band for thirteen straight cycles with zero net edge while BTC bleeds -3.76%, so I take the flat exit rather than pay churn on a dead range."
2026-07-25T12:30:00Z,buy,ETH-USD,approved,ok,0.032326,1856.11,60.00,374.00,493.99,"ETH is back at the $1856 floor it has defended for fourteen straight cycles while BTC bleeds -3.78%, so I re-enter the same range-bottom long that has been the only working edge with equities closed."
2026-07-25T12:40:00Z,sell,ETH-USD,approved,ok,-0.032326,1856.64,60.02,434.01,494.01,"ETH has round-tripped the same $1852-1857 band for fifteen straight cycles while BTC bleeds -3.73% and the whole tape is red, so I take the small gain, stop paying spread on a dead range, and hold cash until crypto shows a real directional break."
2026-07-25T12:50:00Z,buy,ETH-USD,approved,ok,0.032313,1856.86,60.00,374.01,494.01,"ETH is back at the $1856 floor it has now defended for sixteen straight cycles while BTC matches its -3.71% bleed, so I re-enter the same proven mean-reversion band with crypto being the only tradable market this cycle."
2026-07-25T13:00:00Z,sell,ETH-USD,approved,ok,-0.032313,1858.37,60.05,434.06,494.06,Seventeenth straight cycle of the same $1852-1857 chop — take the +$0.05 at the top of the band and stay disciplined on the round-trip that has paid every cycle.
2026-07-25T13:10:00Z,buy,ETH-USD,approved,ok,0.032240,1861.02,60.00,374.06,494.06,"ETH is back at the $1861 area after eighteen cycles of defending the $1852-1862 band while BTC bleeds harder — same mean-reversion long that has paid every cycle, with a hard stop if it loses $1848."
2026-07-25T13:20:01Z,sell,ETH-USD,approved,ok,-0.032240,1860.72,59.99,434.05,494.05,"ETH is down 3.5% on the day and broke below the $1856-1862 band I've been scalping for nineteen cycles — the range trade is dead, so exit the 0.03224 at -$0.01 rather than ride a fresh leg down alongside BTC's -3.7%."
2026-07-25T13:20:01Z,hold,META,approved,hold,,,,434.05,494.05,Equities are closed this cycle so the META lot can't be touched; it sits flat at -0.01% and will be reassessed at the open.
2026-07-25T13:30:01Z,buy,ETH-USD,approved,ok,0.029535,1862.18,55.00,379.05,494.05,"ETH is down 3.4% and sitting at $1862, right back at the top of the $1852-1862 band I've scalped profitably all session — crypto is the only tradable market this cycle, so take a ~11% equity long here with a fast exit if $1852 breaks."
2026-07-25T13:40:00Z,sell,ETH-USD,approved,ok,-0.029535,1862.64,55.01,434.07,494.06,"ETH is down 3.4% on the day with BTC down 3.6% alongside it, and my $1862 entry is only flat while the whole crypto complex trends lower — take the scratch exit rather than hold a losing-tape long into further downside."
2026-07-25T13:50:00Z,buy,ETH-USD,approved,ok,0.032108,1868.67,60.00,374.07,494.06,"ETH is down 3.1% and holding the $1868 shelf while BTC is down 3.5% — crypto is the only tradable venue with equities closed, so take a small long into the bounce with a fast exit if $1860 breaks."
2026-07-25T14:00:00Z,sell,ETH-USD,approved,ok,-0.032108,1865.26,59.89,433.96,493.95,ETH is bleeding lower with BTC down 3.6% and my $1868.67 entry has already failed the shelf it was supposed to hold — cut the loser fast rather than average into a broad crypto downtrend.
2026-07-25T14:00:00Z,buy,BTC-USD,approved,ok,0.000780,64103.89,50.00,383.96,493.95,"BTC at $64,104 is the stronger of the two crypto legs (-3.6% vs ETH -3.3% but with less relative-weakness follow-through), so I rotate a small 10%-of-equity probe into it for a mean-reversion snap off the day's lows."
2026-07-25T14:10:00Z,buy,BTC-USD,approved,ok,0.000858,64113.55,55.00,328.96,493.96,"BTC is the only line in the book that's green and it has held the $64,100 shelf while ETH keeps failing its bounces, so I'm adding $55 to the working leg — taking BTC to roughly $105, about 21% of equity and inside the 25% cap — with a fast exit if $64,000 breaks."
2026-07-25T14:20:01Z,sell,BTC-USD,approved,ok,-0.001638,64105.00,104.99,433.95,493.95,"BTC is down 3.6% and my two adds at $64,104 and $64,114 are both underwater with the $64,100 shelf now acting as resistance rather than support — cut the loser and free up cash rather than average into a bleeding tape."
2026-07-25T14:20:01Z,buy,ETH-USD,approved,ok,0.032172,1864.95,60.00,373.95,493.95,"ETH at $1864.95 is bouncing off the $1852 floor it defended twice today and is now the relatively stronger crypto leg (-3.29% vs BTC -3.61%), so I want a small 12% mean-reversion snap with a tight leash into the next cycle."
2026-07-25T14:30:01Z,sell,ETH-USD,approved,ok,-0.032172,1864.83,60.00,433.95,493.94,ETH is flat-to-down since my $1864.95 entry with BTC still bleeding -3.6% and no bounce materializing off the $1852 floor — cut the dead leg before it rolls again.
2026-07-25T14:30:01Z,buy,BTC-USD,approved,ok,0.000936,64104.76,60.00,373.95,493.94,"BTC at $64,105 has now held the $64,100 shelf across three separate cycles today while ETH keeps making lower lows — put the crypto exposure in the stronger leg for a snapback."
2026-07-25T14:40:00Z,sell,META,vetoed,market closed for this symbol,,,,373.95,493.96,"META is dead weight — closed, down 7.87% on the day, flat P/L, and it ties up capital I cannot deploy until the open, so I free it the moment the market allows."
2026-07-25T14:40:00Z,buy,ETH-USD,approved,ok,0.029468,1866.43,55.00,318.95,493.96,ETH at $1866 is down 3.2% but holding above the $1852 floor it defended twice today and is outperforming BTC's -3.6% — a small tradable crypto leg alongside my BTC hold while equities are closed.
2026-07-25T14:50:00Z,sell,META,vetoed,market closed for this symbol,,,,318.95,493.92,"META is untradable while the market is closed and dead flat at breakeven after a -7.9% day, so I'm queuing the exit to free ~$60 of capital for crypto, the only live tape this cycle."
2026-07-25T14:50:00Z,sell,ETH-USD,approved,ok,-0.029468,1865.36,54.97,373.91,493.92,ETH is red on the position and down 3.3% with BTC still bleeding 3.6% — cut the loser fast rather than average into a falling knife.
2026-07-25T14:50:00Z,buy,BTC-USD,approved,ok,0.000780,64110.75,50.00,323.91,493.92,"BTC keeps defending the $64,100 shelf across multiple cycles today and my current lot is green, so I'm adding a small tranche to the one thing showing relative strength while keeping it under the 25% cap."
2026-07-25T15:00:00Z,buy,BTC-USD,vetoed,position would exceed 25% of equity,,,,323.91,493.98,"BTC is defending the $64,100 shelf for a fourth straight cycle while crypto is the only tradable market open, so I'm adding to the winning position on the held floor."
2026-07-25T15:00:00Z,hold,META,approved,hold,,,,323.91,493.98,"META is untradable with the market closed, so the dead-flat position stays until the open."
2026-07-25T15:10:02Z,buy,ETH-USD,approved,ok,0.026786,1866.62,50.00,273.91,494.00,"Equities are closed so crypto is the only tape, and ETH is stabilizing at $1866 above the $1852 floor while BTC holds its $64,100 shelf for a fifth cycle — take a 10% starter for the bounce with a tight leash."
2026-07-25T15:20:00Z,buy,BTC-USD,vetoed,position would exceed 25% of equity,,,,273.91,494.09,"BTC has held the $64,100 shelf across five straight cycles while down 3.5% on the day and is now green on my position — adding into the only tradable tape with equities closed."
2026-07-25T15:20:00Z,hold,ETH-USD,approved,hold,,,,273.91,494.09,ETH re-entry from last cycle is +0.07% and still basing at $1867; give it another cycle before scaling or cutting.
2026-07-25T15:30:00Z,sell,BTC-USD,approved,ok,-0.001716,64142.05,110.06,383.97,493.97,"BTC is up +0.05% after six cycles of dead-flat chop at the $64,100 shelf with no breakout materializing while the tape is down 3.55% on the day — take the scratch profit and free the cash rather than keep capital parked in a stalled setup."
2026-07-25T15:30:00Z,hold,ETH-USD,approved,hold,,,,383.97,493.97,"ETH is flat at my $1866.62 entry and still basing; give the position one more cycle before cutting, since it is the only crypto still holding its floor cleanly."
2026-07-25T15:30:00Z,hold,META,approved,hold,,,,383.97,493.97,Equities are closed so META cannot be traded this cycle regardless of its -7.87% day.
2026-07-25T15:40:00Z,sell,ETH-USD,approved,ok,-0.026786,1869.07,50.07,434.04,494.04,ETH is only +0.13% after three cycles of basing while BTC breaks down -3.5% and the whole crypto tape is red — take the small win rather than hold a lagging long into weakening leadership.
2026-07-25T15:40:00Z,hold,META,approved,hold,,,,434.04,494.04,Equities are closed so META cannot be traded this cycle regardless of its -7.87% day.
2026-07-25T15:50:02Z,buy,ETH-USD,approved,ok,0.029467,1866.52,55.00,379.04,494.04,"ETH held its $1866 base while BTC broke down -3.6%, and with equities closed crypto is the only tradable tape — take a small relative-strength long with a tight leash."
2026-07-25T16:00:00Z,sell,ETH-USD,approved,ok,-0.029467,1866.48,55.00,434.04,494.04,"ETH re-entry at $1866.52 has gone nowhere in the last cycle while BTC keeps bleeding -3.58%, and crypto beta is pointing down with equities closed — cut the flat position rather than hold a losing tape."
2026-07-25T16:00:00Z,hold,META,approved,hold,,,,434.04,494.04,Equities are closed so META cannot be traded this cycle despite its -7.87% drop.
2026-07-25T16:10:00Z,buy,ETH-USD,approved,ok,0.029507,1863.95,55.00,379.04,494.04,"ETH is holding the $1864 base for a fourth straight cycle while BTC keeps making lower lows at -3.6%, and with all equities closed crypto is the only tradable relative-strength setup — take a small 11% starter with a fast exit if $1855 breaks."
2026-07-25T16:20:00Z,sell,ETH-USD,approved,ok,-0.029507,1863.85,55.00,434.04,494.03,"ETH has been dead flat at $1864 for four cycles while BTC keeps making new lows at -3.6%, so the base is failing rather than coiling — take the flat exit before crypto's second leg down drags it through support."
2026-07-25T16:30:03Z,buy,ETH-USD,approved,ok,0.032186,1864.19,60.00,374.04,494.03,"ETH has refused to make a new low for five straight cycles while BTC keeps breaking down, so I'm re-entering the relative-strength base at $1864 with a tight leash and equities closed."
2026-07-25T16:40:00Z,sell,ETH-USD,approved,ok,-0.032186,1866.58,60.08,434.11,494.11,"ETH is up +0.13% on this re-entry but BTC just broke to -3.57% and ETH is -3.20% on the day, so I'm taking the small crypto profit off the table rather than holding the only tradable asset into a fresh leg down."
2026-07-25T16:50:00Z,buy,ETH-USD,approved,ok,0.029460,1866.96,55.00,379.11,494.11,"ETH is once again refusing to make a new low near $1867 while BTC prints fresh lows at -3.52%, and this relative-strength base has paid on each prior re-entry, so I re-enter small for the next snap-back."
2026-07-25T17:00:00Z,sell,ETH-USD,approved,ok,-0.029460,1866.33,54.98,434.09,494.09,"ETH is flat at -0.03% on this entry while BTC keeps carving fresh lows at -3.54% — the base-hold thesis has failed to produce a bounce across six cycles, so cut it and hold cash rather than pay the spread again."
2026-07-25T17:10:00Z,buy,ETH-USD,approved,ok,0.029455,1867.27,55.00,379.09,494.09,"ETH has refused to make a new low near $1867 for six straight cycles while BTC keeps printing fresh lows at -3.53%, so I'm re-entering the same relative-strength base trade with a tight leash."
2026-07-25T17:20:01Z,sell,ETH-USD,approved,ok,-0.029455,1868.02,55.02,434.12,494.11,ETH is only +0.04% on this seventh straight fade entry and the pattern has produced nothing but chop while BTC is -3.52% and still leading lower — take the flat exit and preserve cash rather than hold a losing correlation into further BTC weakness.
2026-07-25T17:20:01Z,buy,BTC-USD,approved,ok,0.000935,64161.96,60.00,374.12,494.11,"BTC at -3.52% is the deepest liquid discount available with equities closed, and a $60 (12% of equity) starter positions the account for the oversold snap-back instead of recycling the dead ETH range trade."
2026-07-25T17:30:01Z,sell,BTC-USD,approved,ok,-0.000935,64210.01,60.04,434.16,494.16,"BTC is only +0.07% on this entry and is still the weakest liquid tape at -3.45% with crypto making lower lows all session, so I take the tiny gain rather than hold a falling knife into a closed-equity cycle."
2026-07-25T17:30:01Z,buy,ETH-USD,approved,ok,0.029416,1869.72,55.00,379.16,494.16,ETH at -3.04% continues to outperform BTC at -3.45% and has refused to break $1867 for eight straight cycles — the same relative-strength fade setup that has printed on every prior re-entry.
2026-07-25T17:40:00Z,sell,ETH-USD,approved,ok,-0.029416,1870.68,55.03,434.19,494.19,"ETH is only +0.05% on this eighth straight fade entry and the same tiny-scalp pattern keeps paying, so book it before crypto's -3% tape drags it back under $1867."
2026-07-25T17:40:00Z,sell,META,vetoed,market closed for this symbol,,,,434.19,494.19,META is dead flat at -0.01% but sits at -7.87% on the day with equities closed — no scalp edge in holding overnight gap risk in the session's second-worst large cap.
2026-07-25T17:50:00Z,buy,ETH-USD,approved,ok,0.029379,1872.09,55.00,379.19,494.19,"ETH at -2.92% keeps outperforming BTC at -3.46% and has held $1870 support through nine straight tests, so I re-enter the same fade that has printed small green scalps all afternoon."
2026-07-25T17:50:00Z,sell,META,vetoed,market closed for this symbol,,,,379.19,494.19,META is dead flat with equities closed and no catalyst until the open — freeing the $60 removes overnight gap risk on a name down 7.87% today.
2026-07-25T18:00:00Z,sell,ETH-USD,approved,ok,-0.029379,1871.36,54.98,434.17,494.16,"ETH is flat at -0.04% on this entry and the same tiny-scalp fade has now round-tripped nine straight times for zero net gain, so I take the crypto risk off with equities closed and BTC still bleeding at -3.46%."
2026-07-25T18:00:00Z,buy,BTC-USD,approved,ok,0.000934,64206.20,60.00,374.17,494.16,"BTC is the most washed-out liquid tape at -3.46% and sits near the low end of its session range, so I rotate the freed crypto capital into a small mean-reversion snap rather than re-buying the same ETH level I just sold."
2026-07-25T18:10:00Z,sell,BTC-USD,approved,ok,-0.000934,64281.25,60.07,434.24,494.23,BTC is only +0.12% on the entry and is the weaker of the two crypto tapes at -3.34% versus ETH at -2.99% — book the small gain and rotate into the relative-strength leg.
2026-07-25T18:10:00Z,buy,ETH-USD,approved,ok,0.032073,1870.72,60.00,374.24,494.23,"ETH keeps outperforming BTC on the day and is holding the $1870 shelf that has contained every fade this session, so a ~12% of equity long there is the cleanest momentum entry with equities closed."
2026-07-25T18:20:01Z,sell,ETH-USD,approved,ok,-0.032073,1872.52,60.06,434.30,494.29,ETH is only +0.10% on the entry and stalled at the $1872 shelf after failing to extend — bank the tiny scalp and free cash rather than sit through a -2.90% tape drifting sideways.
2026-07-25T18:20:01Z,buy,BTC-USD,approved,ok,0.000933,64310.31,60.00,374.30,494.29,"BTC at -3.30% has now closed part of the gap versus ETH at -2.90% and sits near the low end of its range, giving the better mean-reversion snap of the two tradable crypto tapes for a fresh ~12% of equity entry."
2026-07-25T18:40:00Z,sell,BTC-USD,approved,ok,-0.000933,64333.53,60.02,434.32,494.31,"BTC is only +0.04% on the entry and has stalled at the $64.3k shelf while the broader tape bleeds, so I take the scratch off and free the cash rather than hold a stalled scalp."
2026-07-25T18:40:00Z,buy,ETH-USD,approved,ok,0.032039,1872.70,60.00,374.32,494.31,"ETH at -2.89% is holding up better than BTC at -3.27% and is basing above the $1870 shelf that has repeatedly bid this session, so I rotate the crypto sleeve into the relatively stronger tape."
2026-07-25T18:50:00Z,buy,ETH-USD,approved,ok,0.029375,1872.31,55.00,319.32,494.30,"ETH is the relative-strength crypto tape at -2.91% versus BTC at -3.23% and is basing on the $1870 shelf that has held all afternoon, so I'm scaling the winner up from 12% to ~22% of equity while staying under the 25% cap."
2026-07-25T19:00:00Z,sell,ETH-USD,approved,ok,-0.061415,1873.74,115.08,434.39,494.39,"ETH is only +0.07% on a stacked average entry after three straight chop-scalps that each stalled at the same $1872-1874 shelf, and with BTC sliding to -3.23% the crypto tape is bleeding rather than basing, so I take the flat scratch and go to cash rather than pay another round of noise."
2026-07-25T19:00:00Z,hold,META,approved,hold,,,,434.39,494.39,"META is down 7.87% but the equity market is closed, so the position cannot be traded this cycle regardless of thesis."
2026-07-25T19:10:00Z,buy,BTC-USD,approved,ok,0.000855,64363.61,55.00,379.39,494.39,"BTC is the laggard of the two tradable crypto names at -3.22% versus ETH at -2.84% and has ticked up off the $64.3k shelf to $64,364, so I'm taking an ~11%-of-equity mean-reversion snap on the wider decliner rather than re-buying ETH at the exact price I just sold it."
2026-07-25T19:20:00Z,buy,ETH-USD,approved,ok,0.029363,1873.08,55.00,324.39,494.38,"ETH is the relative-strength crypto at -2.87% versus BTC at -3.23% and is basing above $1870, so I add a fresh 11% starter alongside the BTC laggard position for a bounce scalp while equities are closed."
2026-07-25T19:30:00Z,sell,BTC-USD,approved,ok,-0.000855,64345.67,54.98,379.38,494.38,BTC is the weakest crypto tape at -3.25% and my entry is underwater with no bounce after three cycles — cut it and concentrate crypto risk in the relative-strength name.
2026-07-25T19:30:00Z,buy,ETH-USD,approved,ok,0.029358,1873.45,55.00,324.38,494.38,"ETH is holding -2.85% versus BTC -3.25% and is basing green on my position, so I add to the relative-strength leg with the freed BTC capital."
2026-07-25T19:40:00Z,sell,ETH-USD,approved,ok,-0.058721,1873.82,110.03,434.41,494.41,"ETH is only +0.03% on a stacked average built from three straight chop-scalps with no follow-through, and the whole crypto tape is bleeding (-2.83% ETH, -3.26% BTC), so I take the flat scratch off the table rather than hold a losing-tape long into further downside."
2026-07-25T19:40:00Z,buy,BTC-USD,approved,ok,0.000855,64335.96,55.00,379.41,494.41,BTC at -3.26% is the deeper-flushed of the two tradable names and sets up the better mean-reversion snap for a small 11%-of-equity probe with a fast cut if it makes a new low.
2026-07-25T19:50:00Z,sell,BTC-USD,approved,ok,-0.000855,64339.88,55.00,434.41,494.41,"BTC is flat at +0.01% after three straight round-trips in the same chop band and remains the weaker crypto tape at -3.26%, so I take the scratch and free the capital."
2026-07-25T19:50:00Z,buy,ETH-USD,approved,ok,0.032028,1873.36,60.00,374.41,494.41,"ETH at -2.85% is the relative-strength name versus BTC -3.26% and has been basing on every prior look, so I redeploy into the stronger side with a ~12% equity clip."
2026-07-25T20:00:00Z,buy,BTC-USD,approved,ok,0.000902,64328.71,58.00,316.41,494.40,"BTC is the deeper-flushed name at -3.27% versus ETH -2.87% and is basing in the same chop band that has paid on every prior snap, so I take a second crypto leg while holding ETH."
2026-07-25T20:10:00Z,buy,ETH-USD,approved,ok,0.029386,1871.61,55.00,261.41,494.31,"ETH is the relative-strength crypto at -2.94% versus BTC -3.34% and my existing lot is only -0.09% underwater, so I'm adding a second tranche to press the basing leader while the market-hours names are untradable."
2026-07-25T20:20:00Z,sell,ETH-USD,approved,ok,-0.061414,1869.74,114.83,376.24,494.22,"ETH is red at -0.15% after two straight chop-scalps built a stacked average with no follow-through, so I'm cutting the loser fast and freeing cash rather than averaging into a -3% tape."
2026-07-25T20:20:00Z,buy,BTC-USD,approved,ok,0.000777,64311.66,50.00,326.24,494.22,"BTC is the shallower-drawdown crypto at -3.30% but is holding a tight base near $64,300 with my existing lot nearly flat, so I add a 10%-of-equity tranche to concentrate the one crypto that isn't leaking."
2026-07-25T20:30:00Z,sell,BTC-USD,approved,ok,-0.001679,64306.62,107.98,434.22,494.22,"BTC has round-tripped four straight chop-scalps to a flat/red average while sliding to -3.31% with no bounce follow-through, so I'm cutting the dead position and freeing cash rather than stacking a fifth losing entry in the same band."
2026-07-25T20:30:00Z,buy,ETH-USD,approved,ok,0.032074,1870.66,60.00,374.22,494.22,"ETH at -2.99% is the relative-strength crypto versus BTC -3.31% and is basing above $1870 after the flush, so I'm rotating into the stronger name with a ~12% of equity entry while the equity market is closed and crypto is the only tradable tape."
2026-07-25T20:40:00Z,sell,ETH-USD,approved,ok,-0.032074,1869.58,59.97,434.18,494.18,"ETH is red again on a fifth straight chop-scalp with crypto broadly sliding (BTC -3.36%, ETH -3.05%) and no bounce materializing off the base — cut the position flat rather than let another round-trip average build."
2026-07-25T20:40:00Z,buy,BTC-USD,approved,ok,0.000934,64267.42,60.00,374.18,494.18,BTC at -3.36% is the deeper-flushed major and is holding the 64.2k shelf while ETH keeps failing its base — take a small 12%-of-equity mean-reversion entry on the flush with a fast exit if 64.1k breaks.
2026-07-25T20:50:00Z,sell,BTC-USD,approved,ok,-0.000934,64274.07,60.01,434.19,494.19,"BTC is flat again on a sixth straight chop-scalp with no follow-through off the 64.2k shelf, so I take the tiny gain and stop paying spread on a symbol that has round-tripped every cycle."
2026-07-25T20:50:00Z,buy,ETH-USD,approved,ok,0.032091,1869.70,60.00,374.19,494.19,"ETH at -3.04% is now the shallower-drawdown major versus BTC -3.35% and is holding above 1865, so I rotate into the relative-strength crypto for a snapback while equities are closed and crypto is the only tradable book."
2026-07-25T21:00:00Z,sell,ETH-USD,approved,ok,-0.032091,1870.51,60.03,434.22,494.21,Seventh straight crypto chop-scalp is flat at +0.04% with ETH still -3.00% on the day and no follow-through off the lows — take the scratch off the table rather than pay the next round-trip.
2026-07-25T21:00:00Z,hold,none,approved,hold,,,,434.22,494.21,"Equities are closed and BTC at -3.35% is in the same directionless slide that has round-tripped six prior entries, so hold cash in crypto until a real impulse move appears instead of re-entering the same chop."
2026-07-25T21:10:00Z,buy,BTC-USD,approved,ok,0.000934,64248.97,60.00,374.22,494.21,"BTC at -3.39% has flushed deeper than ETH -3.11% and is basing on the 64.2k shelf that has held all session, so I take a small long for the mean-reversion snap with equities closed and no other tradable edge."
2026-07-25T21:20:00Z,sell,BTC-USD,approved,ok,-0.000934,64215.11,59.97,434.18,494.18,"BTC has slipped to -3.44% and is making fresh lows under the 64.25k entry with no bounce off the shelf, so cut the eighth chop-scalp before the drift widens."
2026-07-25T21:20:00Z,sell,META,vetoed,market closed for this symbol,,,,434.18,494.18,"META is dead weight at -7.87% into a closed market and cannot be exited or managed this cycle, so queue the full exit to free cash for tradable crypto."
2026-07-25T21:30:01Z,buy,ETH-USD,approved,ok,0.026753,1868.94,50.00,384.18,494.18,"ETH at -3.08% is holding a shallower drawdown than BTC -3.41% and is the only tradable venue this cycle, so I take a small mean-reversion snap on the relative-strength leg with tight tolerance for a fast exit."
2026-07-25T21:40:01Z,sell,ETH-USD,approved,ok,-0.026753,1870.57,50.04,434.23,494.22,"ETH is flat at +0.09% on this scalp with the coin still -3.00% and BTC -3.33% in the same downtrend that has stopped out six straight crypto entries, so I take the tiny gain and stop paying the spread on a directionless slide."
2026-07-25T21:40:01Z,hold,none,approved,hold,,,,434.23,494.22,"With equities closed and both tradable cryptos making lower lows, there is no long momentum setup worth new capital this cycle — META stays as the only carry since it cannot be exited."
2026-07-25T21:50:00Z,buy,BTC-USD,approved,ok,0.000855,64346.72,55.00,379.23,494.22,"BTC at -3.25% has stabilized above the 64.2k shelf it has defended across the last three cycles while ETH keeps making lower lows, so I take a small long on the stronger of the two tradable crypto legs with a fast cut if 64.15k breaks."
2026-07-25T22:00:00Z,sell,BTC-USD,approved,ok,-0.000855,64288.00,54.95,434.18,494.17,"BTC has rolled back to -3.33% and the 64.2k shelf I bought is failing at -0.09%, so I cut the scalp before it becomes the third losing hold in a market where only crypto trades."
2026-07-25T22:00:00Z,buy,ETH-USD,approved,ok,0.029396,1870.99,55.00,379.18,494.17,"ETH at -2.98% is holding a shallower drawdown than BTC -3.33% and has been the relatively stronger of the two tradable cryptos all session, so I rotate the crypto sleeve into the leader for a mean-reversion snap."
2026-07-25T22:10:00Z,sell,ETH-USD,approved,ok,-0.029396,1872.62,55.05,434.23,494.22,ETH scalp is only +0.09% while the coin sits at -2.89% and BTC keeps making lower lows at -3.26% — take the tiny gain off the table rather than hold a losing tape overnight-style with equities closed.
2026-07-25T22:10:00Z,buy,BTC-USD,approved,ok,0.000933,64334.99,60.00,374.23,494.22,"BTC at -3.26% has improved from the -3.33% print I sold into and is reclaiming the 64.3k shelf while ETH deteriorates from -2.98% to -2.89%-and-fading, so rotate the crypto risk into the relatively stronger leg with a small 12% starter."
2026-07-25T22:20:00Z,sell,BTC-USD,approved,ok,-0.000933,64335.26,60.00,434.23,494.22,"BTC is flat at +0.00% on my entry while still printing -3.26% on the day with no reclaim of the 64.4k level I bought for, so I'm cutting the dead scalp rather than holding a losing-tape coin into another leg down."
2026-07-25T22:20:00Z,buy,ETH-USD,approved,ok,0.029359,1873.34,55.00,379.23,494.22,"ETH at -2.85% is the relative-strength leg versus BTC -3.26% and has been the first to bounce on each of the last two rotations, so I'm rotating the freed cash into the stronger coin for a fast mean-reversion scalp."
2026-07-25T22:30:01Z,sell,ETH-USD,approved,ok,-0.029359,1873.31,55.00,434.22,494.22,"ETH scalp is dead flat at -0.00% on entry while ETH still prints -2.86% and BTC has slid to -3.26% with no reclaim, so I take the free exit rather than hold a stalled long into a weakening crypto tape."
2026-07-25T22:30:01Z,sell,META,vetoed,market closed for this symbol,,,,434.22,494.22,"META is closed and untradable this cycle, so this is a no-op placeholder I do not expect to fill — flagging the -7.87% gap-down as the first exit at the next open."
2026-07-25T22:40:02Z,buy,ETH-USD,approved,ok,0.029350,1873.93,55.00,379.22,494.22,"ETH at -2.82% is holding above the -2.86% level I exited and is the relative-strength leg versus BTC at -3.25%, so I re-enter the crypto pair's leader for a fast bounce scalp with crypto being the only tradable market this cycle."
2026-07-25T22:40:02Z,hold,META,approved,hold,,,,379.22,494.22,"META is closed and untradable this cycle, so the 0.100803 share stub stays untouched until the equity session reopens."
2026-07-25T22:50:00Z,sell,ETH-USD,approved,ok,-0.029350,1874.29,55.01,434.24,494.23,"ETH scalp is up only +0.02% on entry while ETH still prints -2.81% on the day and BTC is -3.24% with no bid returning — the relative-strength trade isn't paying, so I take the flat exit and hold cash for a real momentum setup next cycle."
2026-07-25T22:50:00Z,hold,META,approved,hold,,,,434.24,494.23,"META is closed and untradable this cycle, so the 0.100803 share stub stays untouched until the equity session reopens."
2026-07-25T23:00:00Z,buy,ETH-USD,approved,ok,0.032011,1874.36,60.00,374.24,494.23,"ETH is the only tradable name I can act on with crypto open, and at $1874.36 it is holding the same shelf I just scalped twice for small gains while BTC prints a deeper -3.24% — re-entering the relative-strength leg for another quick scalp."
2026-07-25T23:00:00Z,hold,META,approved,hold,,,,374.24,494.23,"META is closed and untradable this cycle, so the 0.100803 share stub stays untouched until the open."
2026-07-25T23:10:00Z,buy,BTC-USD,approved,ok,0.000855,64351.53,55.00,319.24,494.19,"BTC is the deepest flush on the board at -3.24% and is the only other tradable name with crypto open, so I take an 11%-of-equity mean-reversion starter here rather than sit flat."
2026-07-25T23:10:00Z,hold,ETH-USD,approved,hold,,,,319.24,494.19,"ETH scalp is flat at -0.06% and still the relative-strength leg versus BTC, so I keep the 0.032011 stub working instead of churning it for a sixth time."
2026-07-25T23:10:00Z,hold,META,approved,hold,,,,319.24,494.19,"META is closed and untradable this cycle, so the 0.100803 share stub stays untouched."
2026-07-25T23:20:03Z,buy,ETH-USD,approved,ok,0.024034,1872.34,45.00,274.24,494.16,"ETH is down -2.91% and holding better than BTC's -3.26%, so I'm adding to the relative-strength leg on the flush while crypto is the only tradable venue."
2026-07-25T23:20:03Z,hold,BTC-USD,approved,hold,,,,274.24,494.16,"BTC scalp is essentially flat at -0.02% and still bleeding on the day, so I let the existing stub work rather than doubling into the weaker of the two crypto names."
2026-07-25T23:20:03Z,hold,META,approved,hold,,,,274.24,494.16,"META is closed and untradable this cycle, so the 0.100803 share stub stays untouched."
2026-07-25T23:30:00Z,sell,BTC-USD,approved,ok,-0.000855,64344.00,54.99,329.23,494.17,"BTC is the weakest leg at -3.25% on the day with no bounce after two cycles of flat P/L, so I cut it and recycle the capital into the relative-strength crypto rather than holding a losing knife."
2026-07-25T23:30:00Z,buy,ETH-USD,vetoed,position would exceed 25% of equity,,,,329.23,494.17,"ETH keeps outperforming BTC (-2.90% vs -3.25%) and is the only tradable momentum leg with crypto markets open, so I add a small tranche to the relative-strength side while staying under the 25% single-position cap."
2026-07-25T23:30:00Z,hold,META,approved,hold,,,,329.23,494.17,"META is closed and untradable this cycle, so the 0.100803 share stub stays untouched until the market reopens."
2026-07-25T23:40:00Z,sell,ETH-USD,approved,ok,-0.056045,1872.90,104.97,434.20,494.19,"Crypto is the only tradable book tonight and ETH is still trending down -2.88% on the day with the position flat at -0.03%, so I take the stub off rather than hold a losing trend into a closed-equity cycle."
2026-07-25T23:40:00Z,buy,BTC-USD,approved,ok,0.000855,64341.02,55.00,379.20,494.19,BTC at -3.25% is stretched further from its day open than ETH and is the better mean-reversion snap candidate for a small ~11% of equity re-entry with the cash freed from ETH.
2026-07-25T23:40:00Z,hold,META,approved,hold,,,,379.20,494.19,"META is closed and untradable this cycle, so the 0.100803 share stub stays untouched."
2026-07-25T23:50:00Z,sell,BTC-USD,approved,ok,-0.000855,64332.42,54.99,434.19,494.19,"BTC re-entered at 64341 has gone nowhere and is still the weakest tradable leg at -3.27% with no bounce, so cut the flat trade rather than pay for another cycle of drift."
2026-07-25T23:50:00Z,buy,ETH-USD,approved,ok,0.029350,1873.92,55.00,379.19,494.19,"ETH is holding up better than BTC (-2.82% vs -3.27%) and has been the relative-strength leg all night, so rotate the crypto sleeve into the stronger horse for the bounce."
2026-07-25T23:50:00Z,hold,META,approved,hold,,,,379.19,494.19,"META is closed and untradable this cycle, so the 0.100803 share stub stays untouched."
2026-07-26T00:00:04Z,buy,BTC-USD,approved,ok,0.000778,64301.98,50.00,329.19,494.16,"BTC is the relative-strength crypto leg tonight (-2.72% vs ETH -3.13%) and a $50 entry is ~10% of equity, adding a second tradable line without breaching the 25% cap."
2026-07-26T00:00:04Z,hold,ETH-USD,approved,hold,,,,329.19,494.16,"ETH is flat to entry at -0.05% with no break of its intraday range, so I let the position work rather than churning it a third time in thirty minutes."
2026-07-26T00:00:04Z,hold,META,approved,hold,,,,329.19,494.16,"META is closed and untradable this cycle, so the 0.100803 share stub stays untouched."
2026-07-26T00:10:00Z,sell,ETH-USD,approved,ok,-0.029350,1875.44,55.04,384.23,494.27,"ETH is the weaker crypto leg tonight at -3.00% vs BTC -2.64% and is only +0.08% from entry, so I take the flat scratch and free ~$55 of cash rather than hold a downtrending name into a closed-equity cycle."
2026-07-26T00:10:00Z,buy,BTC-USD,approved,ok,0.000777,64355.51,50.00,334.23,494.27,"BTC is the relative-strength crypto leg (-2.64% vs ETH -3.00%) and is green on my entry, so I add a second $50 tranche to concentrate risk in the stronger of the only two tradable instruments."
2026-07-26T00:10:00Z,hold,META,approved,hold,,,,334.23,494.27,"META is closed and untradable this cycle, so the 0.100803 share stub stays untouched until the equity session reopens."
2026-07-26T00:20:00Z,sell,BTC-USD,approved,ok,-0.001555,64360.74,100.05,434.28,494.28,"BTC is up only +0.05% on a -2.63% tape after two consecutive adds, so I bank the small gain on the third add rather than let a losing crypto session grind the stub down."
2026-07-26T00:20:00Z,hold,META,approved,hold,,,,434.28,494.28,"META is closed and untradable this cycle, so the 0.100803 share stub stays untouched."
2026-07-26T00:30:00Z,sell,BTC-USD,vetoed,no position to sell,,,,434.28,494.28,"BTC has slipped from my 64355 entry area to 64405 with the tape now -2.57% and no upside follow-through after two adds and a partial trim, so I flatten the crypto leg rather than hold a drifting position into a weak overnight tape."
2026-07-26T00:30:00Z,hold,META,approved,hold,,,,434.28,494.28,"META is closed and untradable this cycle, so the 0.100803 share stub stays untouched."
2026-07-26T00:40:04Z,buy,BTC-USD,approved,ok,0.000855,64359.98,55.00,379.28,494.28,"BTC at 64360 is holding the same 64355 base it defended all three prior cycles while ETH is 40bps weaker, so I re-enter the relative-strength crypto leg with an 11% clip and will scale out on any push through 64500."
2026-07-26T00:40:04Z,hold,META,approved,hold,,,,379.28,494.28,"META is closed and untradable this cycle, so the 0.100803 share stub stays untouched."
2026-07-26T00:50:00Z,buy,ETH-USD,approved,ok,0.029333,1875.00,55.00,324.28,494.28,"ETH at 1875 is the most oversold liquid name on the board at -3.03% versus BTC's -2.63%, so I take a 11%-of-equity starter for the mean-reversion snap while crypto is the only tradable venue."
2026-07-26T00:50:00Z,hold,BTC-USD,approved,hold,,,,324.28,494.28,"BTC is flat at my 64360 entry and still defending the 64355 base, so I let the fresh 0.000855 position work rather than churning it a fourth time."
2026-07-26T00:50:00Z,hold,META,approved,hold,,,,324.28,494.28,"META is closed and untradable this cycle, so the 0.100803 share stub stays untouched."
2026-07-26T01:00:00Z,buy,BTC-USD,approved,ok,0.000853,64450.00,55.00,269.28,494.49,"BTC is up 0.14% off my 64360 entry while ETH is up 0.24%, both bouncing off session lows, and BTC has now defended the 64355 base across four straight cycles — I add ~11% of equity to the strongest-structured crypto leg with cash to spare."
2026-07-26T01:00:00Z,hold,ETH-USD,approved,hold,,,,269.28,494.49,"ETH is my freshest entry at +0.24% and leading the bounce, so I let the winner run one more cycle rather than clipping a 4-dollar gain."
2026-07-26T01:00:00Z,hold,META,approved,hold,,,,269.28,494.49,"META is closed and untradable this cycle, so the 0.100803 share stub stays untouched."
2026-07-26T01:10:00Z,buy,ETH-USD,approved,ok,0.029289,1877.81,55.00,214.28,494.39,"ETH is the only green position on the board and leading the crypto bounce off the session low, so I add to the winner while it holds above 1875."
2026-07-26T01:10:00Z,hold,BTC-USD,approved,hold,,,,214.28,494.39,"BTC is barely above my blended entry and lagging ETH's bounce, so I keep the existing stake without adding size to the weaker of the two."
2026-07-26T01:10:00Z,hold,META,approved,hold,,,,214.28,494.39,"META is closed and untradable this cycle, so the 0.100803 share stub stays untouched."
2026-07-26T01:20:01Z,sell,ETH-USD,approved,ok,-0.058623,1878.58,110.13,324.41,494.46,ETH is down 2.84% on the day and my average is only 0.12% underwater after the bounce — I take the free exit at breakeven-plus rather than hold a falling-knife crypto through the closed-equity hours.
2026-07-26T01:20:01Z,sell,BTC-USD,approved,ok,-0.001708,64435.89,110.05,434.46,494.46,BTC is down 2.52% today and my blended entry is barely green at +0.05% — flat is the right posture on a broad risk-off tape and it frees $110 of dry powder for the equity reopen.
2026-07-26T01:20:01Z,hold,META,approved,hold,,,,434.46,494.46,"META is closed and untradable this cycle, so the 0.100803 share stub stays untouched until equities reopen."
2026-07-26T01:30:01Z,buy,BTC-USD,approved,ok,0.000699,64420.00,45.00,389.46,494.46,"Crypto is the only live market and BTC has held flat near $64.4k while equities cratered on a broad risk-off day, so I take a small 9% mean-reversion starter in the stronger of the two coins with a tight leash."
2026-07-26T01:30:01Z,hold,ETH-USD,approved,hold,,,,389.46,494.46,"ETH is the weaker leg at -2.88% and has gone nowhere since I flattened it last cycle, so I put the risk in BTC instead of re-buying the laggard."
2026-07-26T01:30:01Z,hold,META,approved,hold,,,,389.46,494.46,"META is closed and untradable this cycle, so the 0.100803 share stub stays untouched."
2026-07-26T01:40:01Z,buy,BTC-USD,approved,ok,0.000854,64430.50,55.00,334.46,494.47,"BTC has stabilized near $64.4k while equities bled hard into the close, and my starter lot is already green — adding to the only live market on relative-strength momentum."
2026-07-26T01:40:01Z,buy,ETH-USD,approved,ok,0.026621,1878.22,50.00,284.46,494.47,"ETH at $1878 is down 2.86% and lagging BTC's stabilization, so I'm taking a small mean-reversion snap entry on the weaker leg while both crypto legs stay under the 25% cap."
2026-07-26T01:40:01Z,hold,META,approved,hold,,,,284.46,494.47,"META is closed and untradable this cycle, so the 0.100803 share stub stays untouched."
2026-07-26T01:50:00Z,buy,BTC-USD,vetoed,position would exceed 25% of equity,,,,284.46,494.42,"BTC is holding $64.4k while ETH bleeds harder at -2.91%, so I'm adding to the stronger crypto leg with roughly 11% of equity in the only live market."
2026-07-26T01:50:00Z,sell,ETH-USD,approved,ok,-0.026621,1877.32,49.98,334.44,494.42,"ETH is the weakest live leg at -2.91% versus BTC's -2.55% and my entry is already underwater, so I'm cutting it fast and rotating that capital into relative strength."
2026-07-26T01:50:00Z,hold,META,approved,hold,,,,334.44,494.42,"META is closed and untradable this cycle, so the 0.100803 share stub stays untouched until the equity open."
2026-07-26T02:00:00Z,sell,BTC-USD,approved,ok,-0.001552,64404.53,99.97,434.41,494.40,"BTC is bleeding -2.57% with no stabilization thesis left intact and my position is underwater at -0.03% while crypto is the only tradable venue, so I take the tiny loss flat rather than hold a losing leg into further downside."
2026-07-26T02:00:00Z,hold,META,approved,hold,,,,434.41,494.40,"META is closed and untradable this cycle, so the 0.100803 share stub stays untouched."
2026-07-26T02:10:00Z,buy,BTC-USD,approved,ok,0.000854,64379.98,55.00,379.41,494.40,"BTC is the relatively stronger crypto leg at -2.60% versus ETH's -2.95% and is basing near $64.4k after a full flush, so I'm taking a small 11%-of-equity momentum re-entry on the only tradable market this cycle."
2026-07-26T02:20:00Z,sell,BTC-USD,approved,ok,-0.000854,64403.34,55.02,434.43,494.42,"BTC is down -2.57% on the day with no reversal confirmation and my fresh entry is only +0.04% green, so I take the flat-to-tiny gain off the table rather than hold an unlevered loser into further crypto bleed."
2026-07-26T02:20:00Z,buy,ETH-USD,approved,ok,0.031968,1876.88,60.00,374.43,494.42,"ETH at -2.93% is the deeper-stretched of the two live crypto legs and sets up the better mean-reversion snap into any overnight bounce, so I rotate roughly 12% of equity from BTC into the more oversold name."
2026-07-26T02:20:00Z,hold,META,approved,hold,,,,374.43,494.42,"META is closed and untradable this cycle, so the 0.100803 share stub stays untouched until the equity session reopens."
2026-07-26T02:30:01Z,sell,ETH-USD,approved,ok,-0.031968,1877.49,60.02,434.45,494.44,ETH is the weakest live leg at -2.90% and my entry is only +0.03% green — I take the flat scratch now rather than hold a downtrending asset into further bleed.
2026-07-26T02:30:01Z,buy,BTC-USD,approved,ok,0.000854,64419.07,55.00,379.45,494.44,"BTC at -2.54% is holding relatively better than ETH's -2.90% and is the only tradable momentum leg with crypto markets open, so I rotate into the stronger horse for a fast scalp."
2026-07-26T02:40:01Z,sell,BTC-USD,approved,ok,-0.000854,64384.75,54.97,434.42,494.41,"BTC is bleeding at -2.60% on the day with no reversal signal and my fresh entry is already red at -0.05%, so I cut the loser fast and go to cash rather than average into a downtrend."
2026-07-26T02:40:01Z,hold,META,approved,hold,,,,434.42,494.41,"META is closed and untradable this cycle, so the 0.100803 share stub stays untouched until the market reopens."
2026-07-26T02:50:00Z,buy,BTC-USD,approved,ok,0.000932,64410.25,60.00,374.42,494.41,"BTC at -2.56% has been the steadier of the two live crypto legs and is holding above its session low while ETH extends to -2.88%, so I take a ~12% equity long in the relatively stronger name for a mean-reversion bounce."
2026-07-26T02:50:00Z,hold,META,approved,hold,,,,374.42,494.41,"META is closed and untradable this cycle, so the 0.100803 share stub stays untouched."
2026-07-26T03:00:00Z,sell,ETH-USD,vetoed,no position to sell,,,,374.42,494.46,"No ETH position remains after the 02:30 exit, so there is nothing to trim there."
2026-07-26T03:00:00Z,hold,BTC-USD,approved,hold,,,,374.42,494.46,BTC is my only tradable leg and it is finally green at +0.08% after three straight round-trip losses this hour — I let this one breathe instead of churning it into another fee-burning flip while ETH at -2.81% remains the weaker leg and equities are closed.
2026-07-26T03:10:02Z,buy,BTC-USD,approved,ok,0.000698,64443.34,45.00,329.42,494.44,"BTC is the only tradable leg holding green against a broadly red tape, so I add ~9% of equity on the reclaim while keeping the position under the 25% cap."
2026-07-26T03:10:02Z,hold,META,approved,hold,,,,329.42,494.44,"META is closed and untradable this cycle, so the 0.100803 share stub stays untouched."
2026-07-26T03:20:00Z,buy,BTC-USD,vetoed,position would exceed 25% of equity,,,,329.42,494.51,"BTC is the only tradable leg and it is holding green against a red tape, so I add a third small tranche near $64,482 while keeping the position under the 25% cap."
2026-07-26T03:20:00Z,hold,META,approved,hold,,,,329.42,494.51,"META is closed and untradable this cycle, so the 0.100803 share stub stays untouched."
2026-07-26T03:30:00Z,buy,ETH-USD,approved,ok,0.025534,1879.81,48.00,281.42,494.53,"ETH is down -2.78% and is the deeper-oversold crypto leg, so I take a ~10% equity starter for a mean-reversion snap alongside my green BTC."
2026-07-26T03:30:00Z,hold,BTC-USD,approved,hold,,,,281.42,494.53,"BTC is my only green position at +0.11% and already sized near my crypto risk limit, so I let it run rather than add at a worse price."
2026-07-26T03:30:00Z,hold,META,approved,hold,,,,281.42,494.53,"META is closed and untradable this cycle, so the 0.100803 share stub stays untouched."
2026-07-26T03:40:01Z,buy,ETH-USD,approved,ok,0.026571,1881.72,50.00,231.42,494.62,"ETH is the deepest-oversold tradable leg at -2.68% and my starter tranche is already green at +0.10%, so I add ~10% of equity to press the bounce while staying under the 25% cap (~$98 total)."
2026-07-26T03:40:01Z,hold,BTC-USD,approved,hold,,,,231.42,494.62,"BTC is green at +0.15% but already my largest position near the crypto risk line, so I let it run rather than adding into a -2.39% tape."
2026-07-26T03:40:01Z,hold,META,approved,hold,,,,231.42,494.62,"META is closed and untradable this cycle, so the 0.100803 share stub stays untouched."
2026-07-26T03:50:00Z,sell,ETH-USD,approved,ok,-0.052106,1880.33,97.98,329.39,494.48,"ETH is my worst leg at -0.02% after two averaging-down tranches and keeps sliding with crypto broadly weak at -2.75%, so I cut the loser fast and free ~$98 of dry powder rather than build a third losing tranche."
2026-07-26T03:50:00Z,buy,BTC-USD,vetoed,position would exceed 25% of equity,,,,329.39,494.48,"BTC is my only green position at +0.09% and is holding better than ETH on the same -2.4% crypto tape, so I rotate a ~10% equity tranche into relative strength while staying inside the 25% single-position cap."
2026-07-26T03:50:00Z,hold,META,approved,hold,,,,329.39,494.48,"META is closed and untradable this cycle, so the 0.100803 share stub stays untouched until the equity session reopens."
2026-07-26T04:00:00Z,buy,BTC-USD,vetoed,position would exceed 25% of equity,,,,329.39,494.46,"BTC is down -2.47% on the day yet is my only green leg and is holding better than ETH on the same crypto selloff, so I add a small tranche into the oversold bounce while staying well under the 25% cap."
2026-07-26T04:00:00Z,buy,ETH-USD,approved,ok,0.023926,1880.81,45.00,284.39,494.46,"ETH at -2.72% is the deepest-oversold tradable name and I am flat it after the last exit, so I re-enter a small starter tranche for the mean-reversion snap with tight cut discipline."
2026-07-26T04:00:00Z,hold,META,approved,hold,,,,284.39,494.46,"META is closed and untradable this cycle, so the 0.100803 share stub stays untouched."
2026-07-26T04:10:00Z,sell,ETH-USD,approved,ok,-0.023926,1880.00,44.98,329.37,494.41,"ETH is the weakest crypto leg at -2.77% on the day and red on my basis after re-entry, so I cut it and free ~$45 of cash rather than average down a third time into a name that keeps making lower lows."
2026-07-26T04:10:00Z,buy,BTC-USD,vetoed,position would exceed 25% of equity,,,,329.37,494.41,"BTC is holding -2.50% versus ETH's -2.77% and is my only green position, so I rotate the ETH proceeds into relative strength for the oversold bounce with a ~10% equity add that keeps me well under the 25% cap."
2026-07-26T04:10:00Z,hold,META,approved,hold,,,,329.37,494.41,"META is closed and untradable this cycle, so the 0.100803 share stub stays untouched until the equity session reopens."
2026-07-26T04:20:00Z,buy,ETH-USD,approved,ok,0.031932,1879.02,60.00,269.37,494.39,ETH is the deepest-oversold tradable name at -2.82% versus BTC's -2.51% and I re-enter small for the mean-reversion snap after banking the last rotation.
2026-07-26T04:20:00Z,hold,BTC-USD,approved,hold,,,,269.37,494.39,"BTC is my only green leg and holding better than ETH, so I let the winner run rather than churning it."
2026-07-26T04:20:00Z,hold,META,approved,hold,,,,269.37,494.39,"META is closed and untradable this cycle, so the 0.100803 share stub stays untouched."
2026-07-26T04:30:00Z,sell,BTC-USD,approved,ok,-0.001630,64489.57,105.11,374.48,494.59,"BTC is my only green leg at +0.10% and crypto is still bleeding -2.4% on the day with no bid, so I bank the small win and free $105 of dry powder rather than hold two correlated red-tape crypto legs into a downtrend."
2026-07-26T04:30:00Z,buy,ETH-USD,approved,ok,0.023903,1882.57,45.00,329.48,494.59,"ETH is the deeper-oversold leg at -2.63% and already green +0.19% on my fresh basis, so I concentrate the crypto book into the name that is actually snapping back off the low."
2026-07-26T04:30:00Z,hold,META,approved,hold,,,,329.48,494.59,"META is closed and untradable this cycle, so the 0.100803 share stub stays untouched until the equity session reopens."
2026-07-26T04:40:00Z,sell,ETH-USD,approved,ok,-0.055835,1883.63,105.17,434.65,494.65,"ETH is up +0.16% on my average after two adds today but is still the weakest tradable leg at -2.58% with BTC also bleeding -2.43%, so I bank the small gain rather than average down a third time into a falling crypto tape."
2026-07-26T04:40:00Z,buy,BTC-USD,approved,ok,0.000930,64495.27,60.00,374.65,494.65,"BTC is holding better than ETH on the day (-2.43% vs -2.58%) and near the $64.5k shelf it defended earlier this session, so I rotate a ~12%-of-equity starter into the relatively stronger crypto leg for the mean-reversion snap."
2026-07-26T04:40:00Z,hold,META,approved,hold,,,,374.65,494.65,"META is closed and untradable this cycle, so the 0.100803-share stub stays untouched until the equity session reopens."
2026-07-26T04:50:01Z,sell,BTC-USD,approved,ok,-0.000930,64503.25,60.01,434.66,494.66,"BTC is the only green leg at +0.01% and crypto is still bleeding -2.42% on the day, so I bank the scratch profit rather than hold a losing tape."
2026-07-26T04:50:01Z,buy,ETH-USD,approved,ok,0.031816,1885.82,60.00,374.66,494.66,ETH is the deeper-oversold crypto leg at -2.47% versus BTC's -2.42% and offers the better mean-reversion snap on a ~12% of equity entry.
2026-07-26T04:50:01Z,hold,META,approved,hold,,,,374.66,494.66,"META is closed and untradable this cycle, so the 0.100803-share stub stays untouched."
2026-07-26T05:00:01Z,sell,ETH-USD,approved,ok,-0.031816,1884.68,59.96,434.62,494.62,"ETH is the weakest leg at -2.52% on the day versus BTC's -2.47% and is red on my average again after a re-entry that has gone nowhere, so I cut it and rotate."
2026-07-26T05:00:01Z,buy,BTC-USD,approved,ok,0.000931,64465.08,60.00,374.62,494.62,"BTC is the relatively stronger crypto leg into a $64.4k support test and is the only tradable momentum vehicle this cycle with equities closed, so I take a ~12% of equity starter."
2026-07-26T05:10:00Z,sell,BTC-USD,approved,ok,-0.000931,64442.00,59.98,434.60,494.60,"BTC is red on my basis at -0.04% and still bleeding -2.51% on the day with no bounce off the $64.4k test, so I cut the loser fast and free the capital."
2026-07-26T05:10:00Z,buy,ETH-USD,approved,ok,0.031840,1884.45,60.00,374.60,494.60,ETH at -2.54% is the deeper-oversold crypto leg and the better mean-reversion snap candidate for a ~12% equity entry with only crypto tradable this cycle.
2026-07-26T05:10:00Z,hold,META,approved,hold,,,,374.60,494.60,"META is market-closed and untradable this cycle, so the 0.100803-share stub stays untouched."
2026-07-26T05:20:00Z,sell,ETH-USD,approved,ok,-0.031840,1884.60,60.00,434.61,494.60,"ETH is flat on my basis at +0.01% with no momentum follow-through and remains the weakest crypto leg at -2.53% versus BTC's -2.50%, so I book the stub and rotate."
2026-07-26T05:20:00Z,buy,BTC-USD,approved,ok,0.000931,64448.70,60.00,374.61,494.60,"BTC is the relatively stronger crypto leg holding the $64.4k shelf, and with every equity name market-closed it is the only tradable momentum vehicle this cycle."
2026-07-26T05:20:00Z,hold,META,approved,hold,,,,374.61,494.60,"META is market-closed and untradable this cycle, so the 0.100803-share stub stays untouched."
2026-07-26T05:30:00Z,sell,BTC-USD,approved,ok,-0.000931,64428.19,59.98,434.59,494.58,"BTC is red on my basis again at -0.03% with no bounce off the $64.4k shelf and still -2.53% on the day, so I cut the churn and free the capital rather than hold a losing crypto leg into further downside."
2026-07-26T05:30:00Z,buy,ETH-USD,approved,ok,0.031860,1883.23,60.00,374.59,494.58,"ETH at -2.60% is the deeper-oversold crypto leg and the better mean-reversion snap-back candidate, so I take a ~12% of equity swing there for the bounce."
2026-07-26T05:30:00Z,hold,META,approved,hold,,,,374.59,494.58,"META is market-closed and untradable this cycle, so the 0.100803-share stub stays put by force."
2026-07-26T05:40:00Z,sell,ETH-USD,approved,ok,-0.031860,1884.13,60.03,434.62,494.61,"ETH is up only +0.05% on my basis with no follow-through off the -2.55% flush and crypto is the only tradable leg, so I take the scratch gain and free the capital rather than sit in a stalled bounce."
2026-07-26T05:40:00Z,buy,BTC-USD,approved,ok,0.000931,64412.95,60.00,374.62,494.61,"BTC is down the same -2.55% but holds the $64.4k shelf with less downside velocity than ETH, so I rotate into the stronger crypto leg for a mean-reversion snap with a ~12% of equity clip."
2026-07-26T05:40:00Z,hold,META,approved,hold,,,,374.62,494.61,"META is market-closed and untradable this cycle, so the 0.100803-share stub stays put until the open."
2026-07-26T05:50:00Z,sell,BTC-USD,approved,ok,-0.000931,64396.81,59.98,434.60,494.60,"BTC is red on my basis with no bounce off the $64.4k shelf after two round-trips, so I cut the stub and stop paying spread on a chop I keep losing."
2026-07-26T05:50:00Z,buy,ETH-USD,approved,ok,0.031857,1883.44,60.00,374.60,494.60,"ETH at -2.59% is the deeper-flushed crypto leg and the better snapback vehicle into the same tape, sized ~12% of equity for a fast mean-reversion trade."
2026-07-26T05:50:00Z,hold,META,approved,hold,,,,374.60,494.60,"META is market-closed and untradable this cycle, so the 0.100803-share stub stays until the open."
2026-07-26T06:00:00Z,sell,ETH-USD,approved,ok,-0.031857,1881.60,59.94,434.54,494.54,"ETH is red on basis at -2.68% with no snapback after two failed crypto round-trips, so cut it fast and stop paying spread on a knife that isn't bouncing."
2026-07-26T06:00:00Z,buy,BTC-USD,approved,ok,0.000932,64357.98,60.00,374.54,494.54,BTC's -2.64% flush with the shallower drawdown velocity of the two crypto legs is the better mean-reversion vehicle while equities are closed and untradable.
2026-07-26T06:00:00Z,hold,META,approved,hold,,,,374.54,494.54,"META is market-closed and untradable this cycle, so the 0.100803-share stub stays as-is."
2026-07-26T06:10:03Z,sell,BTC-USD,approved,ok,-0.000932,64322.99,59.97,434.51,494.51,BTC is red on basis again with no bounce off the $64.3k shelf after three straight failed crypto round-trips — cut it and stop paying the chop tax.
2026-07-26T06:10:03Z,buy,ETH-USD,approved,ok,0.031886,1881.69,60.00,374.51,494.51,"ETH at -2.68% is flushed to the same depth as BTC but with the higher beta, so a 12%-of-equity snapback entry is the better vehicle for the overnight crypto bid."
2026-07-26T06:10:03Z,hold,META,approved,hold,,,,374.51,494.51,"META is market-closed and untradable this cycle, so the 0.100803-share stub stays put until the open."
2026-07-26T06:20:01Z,sell,ETH-USD,approved,ok,-0.031886,1878.50,59.90,434.41,494.40,"ETH is red on basis again at -2.84% with no snapback after four straight crypto round-trips that each bled fees, so I cut the loser and stop paying to churn a falling knife."
2026-07-26T06:20:01Z,hold,META,approved,hold,,,,434.41,494.40,"META is market-closed and untradable this cycle, so the 0.100803-share stub stays put until the open."
2026-07-26T06:30:00Z,buy,ETH-USD,approved,ok,0.029302,1877.00,55.00,379.41,494.40,"ETH is the only tradable market this cycle and at -2.92% it is sitting on the same $1,875 shelf it held twice today, so I take a 11% starter long into the bounce with a tight leash rather than sit flat with equities closed."
2026-07-26T06:30:00Z,hold,META,approved,hold,,,,379.41,494.40,"META is market-closed and untradable this cycle, so the 0.100803-share stub stays."
2026-07-26T06:40:00Z,sell,ETH-USD,approved,ok,-0.029302,1880.76,55.11,434.52,494.52,"ETH is only +0.20% on basis after three straight failed round-trips in the same $1877-1882 chop with BTC still bleeding -2.70%, so I take the small green exit rather than fund a fourth losing loop."
2026-07-26T06:40:00Z,hold,META,approved,hold,,,,434.52,494.52,"META is market-closed and untradable this cycle, so the 0.100803-share stub stays put by force."
2026-07-26T06:50:00Z,buy,BTC-USD,approved,ok,0.000777,64342.01,50.00,384.52,494.52,"Crypto is the only tradable market and BTC at -2.66% is holding above the session low with less downside velocity than ETH, which has round-tripped flat four straight scalps — rotate the same small risk into the stronger of the two majors for a bounce."
2026-07-26T06:50:00Z,hold,META,approved,hold,,,,384.52,494.52,"META is market-closed and untradable this cycle, so the 0.100803-share stub stays put until the open."
2026-07-26T07:00:00Z,buy,BTC-USD,approved,ok,0.000854,64375.73,55.00,329.52,494.54,"Crypto is the only tradable market and BTC is already green on basis while ETH lags at -2.59%, so I add ~11% of equity to the working BTC position to press the relative-strength leg."
2026-07-26T07:00:00Z,hold,META,approved,hold,,,,329.52,494.54,"META is market-closed and untradable this cycle, so the 0.100803-share stub stays put until the equity session reopens."
2026-07-26T07:10:01Z,buy,ETH-USD,approved,ok,0.025497,1882.59,48.00,281.52,494.51,"Crypto is the only tradable market and ETH at -2.63% has stopped making new lows in step with BTC, so I'm taking a small 10%-of-equity mean-reversion re-entry alongside the existing BTC stack rather than sitting flat."
2026-07-26T07:20:00Z,buy,ETH-USD,approved,ok,0.027631,1881.97,52.00,229.52,494.46,"Crypto is the only tradable market and ETH is flat against my fresh basis while holding the -2.6% shelf without new lows, so I add a second tranche to the mean-reversion snap."
2026-07-26T07:20:00Z,hold,META,approved,hold,,,,229.52,494.46,"META is market-closed and untradable this cycle, so the 0.100803-share stub stays put."
2026-07-26T07:30:00Z,buy,BTC-USD,vetoed,position would exceed 25% of equity,,,,229.52,494.39,"Crypto is the only tradable market; BTC at -2.72% is holding just under my basis while ETH already carries a full-size position, so I add a 11%-of-equity tranche to BTC for the mean-reversion snap and keep the book balanced across the two liquid names."
2026-07-26T07:40:00Z,buy,ETH-USD,vetoed,position would exceed 25% of equity,,,,229.52,494.23,"Crypto is the only tradable market and ETH at -2.80% has held the 1879 shelf across three cycles without a new low, so I'm adding a 10%-of-equity tranche for the mean-reversion snap while keeping the position under the 25% cap."
2026-07-26T07:40:00Z,hold,BTC-USD,approved,hold,,,,229.52,494.23,"BTC is making a fresh low at -2.75% just under my basis with no reversal signal, so I hold the existing stub rather than average into a still-falling knife."
2026-07-26T07:50:00Z,buy,ETH-USD,vetoed,position would exceed 25% of equity,,,,229.52,494.33,"ETH is holding the 1879-1880 shelf for three straight cycles while BTC keeps grinding lower, so I am adding to the relative-strength leg at the base of the range with cash I have on hand."
2026-07-26T08:00:00Z,buy,BTC-USD,vetoed,position would exceed 25% of equity,,,,229.52,494.31,"BTC has stopped making new lows just under my basis for three cycles while holding -2.7%, so I'm adding a 11% starter tranche to press the crypto mean-reversion snap since equities are closed."
2026-07-26T08:00:00Z,hold,ETH-USD,approved,hold,,,,229.52,494.31,"ETH is already at a full-size 20% weight after last cycle's add and is grinding the 1879 shelf, so I let the existing position work rather than overconcentrating."
2026-07-26T08:10:00Z,sell,ETH-USD,approved,ok,-0.053127,1878.78,99.81,329.33,494.26,"ETH is the weakest leg at -2.83% with BTC still grinding to fresh lows, and my 1879 shelf thesis has failed for four straight cycles — cut it and hold cash rather than average into a downtrend."
2026-07-26T08:20:00Z,buy,ETH-USD,approved,ok,0.031929,1879.19,60.00,269.33,494.30,"ETH has held the 1879-1880 shelf for four straight cycles while BTC keeps printing fresh lows, so I'm re-entering the relative-strength leg small after last cycle's trim."
2026-07-26T08:30:00Z,sell,BTC-USD,approved,ok,-0.001631,64337.45,104.96,374.30,494.29,"BTC is the only leg still printing fresh lows at -2.67% with no shelf under it, so I'm cutting the weakest crypto and freeing cash while ETH holds its 1879 floor."
2026-07-26T08:30:00Z,hold,ETH-USD,approved,hold,,,,374.30,494.29,"ETH is defending the 1879-1880 shelf for a fifth straight cycle at flat cost basis, so I keep the re-entry and let the base build."
2026-07-26T08:40:00Z,buy,BTC-USD,approved,ok,0.000855,64338.83,55.00,319.30,494.29,"BTC has now stopped printing fresh lows at -2.67% for the second straight cycle after I trimmed into the flush, and with ETH holding its 1879 shelf a small 11% starter re-entry on the crypto leg is the only tradable edge with equities closed."
2026-07-26T08:50:00Z,buy,BTC-USD,approved,ok,0.000699,64405.13,45.00,274.30,494.37,"BTC has stopped printing fresh lows for a third straight cycle and my entry is already green at +0.10%, so I'm pressing the winning leg toward a fuller weight while the shelf holds."
2026-07-26T08:50:00Z,hold,ETH-USD,approved,hold,,,,274.30,494.37,"ETH is defending the 1879-1880 shelf again at +0.04% on cost — no reason to touch a working position, and equities are closed so crypto is the only live tape."
2026-07-26T09:00:00Z,sell,ETH-USD,approved,ok,-0.031929,1879.84,60.02,334.32,494.40,"ETH is flat at +0.03% after six cycles of defending the 1879-1880 shelf while still down -2.77% on the day — the shelf is stalling, not basing, so I take the free exit and redeploy into the stronger leg."
2026-07-26T09:00:00Z,buy,BTC-USD,vetoed,position would exceed 25% of equity,,,,334.32,494.40,"BTC has stopped making fresh lows for a fourth straight cycle and just ticked up to 64423 from the 64337 base, making it the only crypto leg with actual upward momentum to add to."
2026-07-26T09:30:01Z,buy,BTC-USD,vetoed,position would exceed 25% of equity,,,,334.32,494.48,BTC has held above its lows for four straight cycles and my position is green at +0.17% — adding on the confirmed base while crypto is the only tradable venue with market closed.
2026-07-26T09:40:00Z,buy,BTC-USD,vetoed,position would exceed 25% of equity,,,,334.32,494.49,"BTC has refused to make a fresh low for five straight cycles while holding my average, so I'm adding a third tranche into the base with cash still available."
2026-07-26T10:00:00Z,buy,BTC-USD,vetoed,position would exceed 25% of equity,,,,334.32,494.49,"BTC has refused to make a fresh low for six straight cycles while holding my average green — with crypto the only tradable venue and $334 cash idle, I'm adding a second tranche to the one thing showing relative strength."
2026-07-26T10:00:00Z,buy,ETH-USD,approved,ok,0.026566,1882.09,50.00,284.32,494.49,ETH is down -2.66% versus BTC's -2.45% and has been defending the 1879-1880 shelf for seven cycles; re-entering small for the mean-reversion snap now that BTC is leading the bounce.
2026-07-26T10:10:00Z,sell,ETH-USD,approved,ok,-0.026566,1881.98,50.00,334.31,494.44,"ETH is the weakest of the two crypto names at -2.66% versus BTC's -2.50% and my re-entry at 1882.09 has gone nowhere while equities are set to gap down hard on TSLA -17.8% and GOOGL -7.8%, so I take the flat exit and free cash rather than hold a laggard into weekend crypto drift."
2026-07-26T10:10:00Z,buy,BTC-USD,vetoed,position would exceed 25% of equity,,,,334.31,494.44,"BTC has now refused to make a fresh low for seven straight cycles and is holding my average green while ETH bleeds, so I rotate the ETH proceeds into the relatively stronger name with a small add that keeps the position well under the 25% cap."
2026-07-26T10:20:00Z,buy,BTC-USD,vetoed,position would exceed 25% of equity,,,,334.31,494.43,"BTC has refused to make a fresh low for eight straight cycles while holding above my average and outperforming ETH's -2.66%, so I'm adding a small tranche to the only name showing relative strength with equity trading around $494 and cash at $334."
2026-07-26T10:30:00Z,buy,BTC-USD,vetoed,position would exceed 25% of equity,,,,334.31,494.45,"BTC has refused to make a fresh low for nine straight cycles while holding above my average and is outperforming ETH (-2.49% vs -2.57%), so I'm adding to the stronger crypto leg on the basing pattern."
2026-07-26T10:40:00Z,buy,BTC-USD,vetoed,position would exceed 25% of equity,,,,334.31,494.50,"BTC has refused to make a fresh low for ten straight cycles while my existing lot sits +0.19% green and ETH is the weaker leg at -2.53%, so I add a second small tranche to the only name showing relative strength and holding its base."
2026-07-26T10:50:01Z,buy,BTC-USD,vetoed,position would exceed 25% of equity,,,,334.31,494.45,"BTC has refused to make a fresh low for eleven straight cycles while holding above the 64,300 shelf and my existing lot is green — adding a second tranche to press the only base that is actually holding."
2026-07-26T11:00:00Z,buy,BTC-USD,vetoed,position would exceed 25% of equity,,,,334.31,494.44,"BTC has held above its low for twelve straight cycles while my existing lot sits green at +0.13%, and it's the only tradable name with a firm base — adding ~12% of equity to the winner rather than sitting flat with $334 idle."
2026-07-26T11:10:00Z,buy,BTC-USD,vetoed,position would exceed 25% of equity,,,,334.31,494.44,BTC is holding a base above its session low for a thirteenth straight cycle while my existing lot is green — adding a second 11%-of-equity tranche to press the mean-reversion snap in the only liquid market open.
2026-07-26T11:20:00Z,buy,BTC-USD,vetoed,position would exceed 25% of equity,,,,334.31,494.46,"BTC is basing above its session low for a fourteenth straight cycle at -2.48% while equities are shut, so I am adding a small second lot to the only tradable momentum base I have."
2026-07-26T11:30:00Z,buy,BTC-USD,vetoed,position would exceed 25% of equity,,,,334.31,494.42,"BTC has based above its session low for fifteen straight cycles at -2.5% while my existing lot sits green — adding a second small lot on the base rather than sitting flat another cycle, with crypto the only tradable market."
2026-07-26T11:30:00Z,buy,ETH-USD,approved,ok,0.026521,1885.32,50.00,284.31,494.42,ETH is down -2.49% in lockstep with BTC but I hold zero exposure — starting a 10% starter lot to get a second crypto momentum vehicle working while equities are closed.
2026-07-26T11:40:00Z,buy,BTC-USD,vetoed,position would exceed 25% of equity,,,,284.31,494.42,BTC has based above its session low for sixteen straight cycles at -2.5% while crypto is the only tradable venue with the equities market closed — adding a second ~11% lot to the working long.
2026-07-26T11:50:00Z,sell,BTC-USD,approved,ok,-0.001554,64450.00,100.13,384.44,494.42,"BTC is my only green position at +0.13% on a -2.5% tape — take the small scalp profit rather than hold a losing-day crypto into further downside, freeing cash to re-enter lower."
2026-07-26T11:50:00Z,sell,ETH-USD,approved,ok,-0.026521,1884.80,49.99,434.43,494.42,ETH is bleeding in lockstep with BTC at -2.52% and my fresh lot is already underwater — cut it fast per the mandate rather than average into a broad crypto downtrend.
2026-07-26T12:00:01Z,buy,BTC-USD,approved,ok,0.000776,64450.48,50.00,384.43,494.42,"Crypto is the only tradable tape and BTC keeps holding its -2.5% shelf while ETH makes lower lows — re-entering a small 10% equity lot in the relatively stronger of the two for a bounce scalp, with a fast cut if the shelf breaks."
2026-07-26T12:10:00Z,sell,BTC-USD,approved,ok,-0.000776,64512.92,50.05,434.48,494.47,BTC is my only green position at +0.10% on a weak -2.4% crypto tape and this is the third round-trip of the same shelf — bank the scalp and hold dry powder rather than ride a fresh leg down.
2026-07-26T12:10:00Z,buy,ETH-USD,approved,ok,0.029146,1887.03,55.00,379.48,494.47,"ETH at $1887 is down the identical -2.40% as BTC but has lagged the last bounce, so rotate the freed capital into the higher-beta name for the mean-reversion snap with a ~11% of equity starter."
2026-07-26T12:20:03Z,buy,ETH-USD,approved,ok,0.023856,1886.29,45.00,334.48,494.45,"Crypto is the only tradable tape and ETH has flattened at $1886 after matching BTC's -2.44% flush, so I'm adding a second small lot to my existing lot to press the mean-reversion snap."
2026-07-26T12:20:03Z,buy,BTC-USD,approved,ok,0.000775,64481.95,50.00,284.48,494.45,"BTC keeps defending its -2.45% shelf near $64.5k cycle after cycle, which has been my most reliable quick-scalp setup today, so I'm re-entering a fresh small lot to ride the next bounce."
2026-07-26T12:30:02Z,buy,ETH-USD,vetoed,position would exceed 25% of equity,,,,284.48,494.59,"ETH is the only tradable tape and has flipped green on my avg while BTC lags, so I add to the strongest crypto leg on the -2.3% shelf bounce."
2026-07-26T12:30:02Z,sell,BTC-USD,approved,ok,-0.000775,64520.61,50.03,334.51,494.59,"BTC is barely +0.06% and stalling at $64.5k after repeated failed pushes, so I take the scratch profit and rotate the capital into the leading ETH leg."
2026-07-26T12:40:00Z,buy,ETH-USD,vetoed,position would exceed 25% of equity,,,,334.51,494.49,"Crypto is the only tradable tape and ETH has held the $1886 shelf flat for three straight cycles while BTC slides further from its highs, so I'm adding to the relative-strength leg with an entry near my avg."
2026-07-26T12:40:00Z,buy,BTC-USD,approved,ok,0.000698,64478.08,45.00,289.51,494.49,"BTC has repeatedly defended $64.4-64.5k intraday and just pulled back to the low end of that range, giving a fresh mean-reversion entry after I sold the last tranche higher."
2026-07-26T12:50:00Z,buy,ETH-USD,vetoed,position would exceed 25% of equity,,,,289.51,494.38,"ETH is pinned flat at the $1885 shelf it has defended for four cycles while BTC slid further, so I'm adding into the relative-strength leg with ~11% of equity."
2026-07-26T12:50:00Z,sell,BTC-USD,approved,ok,-0.000698,64405.53,44.95,334.45,494.38,"BTC broke below the $64.4k floor I bought for defense and is now the weaker of the two crypto tapes at -0.11% on my cost, so I cut it and rotate the cash into ETH."
2026-07-26T13:00:01Z,buy,ETH-USD,vetoed,position would exceed 25% of equity,,,,334.45,494.35,"ETH is the only tradable tape and has held the $1884-1886 shelf for five straight cycles while BTC keeps breaking lower, so I'm adding to the relative-strength leg on the flat base with a tight leash."
2026-07-26T13:10:00Z,sell,ETH-USD,approved,ok,-0.053003,1881.37,99.72,434.17,494.17,"ETH lost the $1884-1886 shelf it defended for five straight cycles and is now -2.70% and underperforming BTC, so I cut the loser fast rather than hold a broken support into a weak crypto tape."
2026-07-26T13:20:00Z,buy,ETH-USD,approved,ok,0.029199,1883.64,55.00,379.17,494.17,"ETH is -2.58% and just broke the $1884-1886 shelf I sold into, extending down to $1883.64 — I am buying the flush for a mean-reversion snap back toward the reclaimed shelf, with a fast exit if it loses $1875."
2026-07-26T13:20:00Z,sell,META,vetoed,market closed for this symbol,,,,379.17,494.17,META is -7.87% on the day and dead flat at my cost basis with the equity market closed — freeing the $60 of dead capital into the only tradable tape is the better use of a small account.
2026-07-26T13:30:00Z,sell,ETH-USD,approved,ok,-0.029199,1884.47,55.02,434.20,494.19,"ETH is +0.04% since my entry two cycles ago and has gone dead flat again at $1884 while BTC keeps bleeding to -2.56% — the breakdown momentum I bought never followed through, so I take the scratch and free cash rather than hold a stalled position in the only tradable tape."
2026-07-26T13:40:00Z,buy,ETH-USD,approved,ok,0.029192,1884.05,55.00,379.20,494.19,"ETH is the only tradable tape and has now built a five-cycle base at $1884 that it keeps reclaiming after every probe lower, so I'm re-entering ~11% of equity long the shelf with a tight exit if it loses $1878."
2026-07-26T13:50:00Z,hold,none,approved,hold,,,,379.20,494.23,"ETH is +0.07% one cycle into a fresh entry at the $1884 shelf I've now round-tripped four times for pennies, BTC is -2.45% with no snap-back impulse, and every equity name is untradable with the market closed — so the only two actions available are churning the same flat ETH shelf again or selling M"
2026-07-26T14:00:00Z,sell,ETH-USD,approved,ok,-0.029192,1885.01,55.03,434.22,494.22,"ETH is +0.05% two cycles into this entry and has gone flat at the same $1884-1885 shelf I've now round-tripped four times for essentially zero net P/L, while BTC at -2.47% shows crypto beta is still bleeding — I'd rather bank the position and hold cash than pay spread again on a base that keeps fail"
2026-07-26T14:10:00Z,buy,ETH-USD,approved,ok,0.031699,1892.79,60.00,374.22,494.22,"ETH just broke $1892 — the first clean push above the $1884-1885 shelf I've round-tripped four times, so I'm buying the breakout of the base instead of fading it again."
2026-07-26T14:20:01Z,sell,ETH-USD,approved,ok,-0.031699,1891.86,59.97,434.20,494.19,ETH failed the $1892 breakout I bought and is back to -0.05% with BTC -2.26% and the whole crypto tape rolling over — cut the entry immediately rather than round-trip a fourth time.
2026-07-26T14:30:00Z,buy,ETH-USD,approved,ok,0.031728,1891.10,60.00,374.20,494.19,"Crypto is the only tradable tape and ETH at $1891 is holding a higher shelf than the $1884 base I round-tripped all session while BTC leads down -2.31%, so I'm taking a small 12% mean-reversion long with a fast cut if it loses $1885."
2026-07-26T14:40:00Z,sell,ETH-USD,approved,ok,-0.031728,1892.05,60.03,434.23,494.22,"ETH is only +0.05% two cycles into this entry and stalling at $1892 — the exact level that failed me last cycle — with BTC -2.27% dragging the whole crypto tape lower, so I'm taking the flat trade off and keeping cash ready for a real break rather than paying for another round-trip at the same shelf"
2026-07-26T14:50:00Z,buy,ETH-USD,approved,ok,0.031656,1895.40,60.00,374.23,494.22,"ETH at $1895 is now holding the highest shelf of the session, above the $1884-1892 range I've been scalping, and it's the only tradable tape — taking a ~12% equity entry with a fast exit if it loses $1888."
2026-07-26T15:00:00Z,sell,ETH-USD,approved,ok,-0.031656,1897.08,60.05,434.28,494.28,"ETH is only +0.09% two cycles into this entry and stalling right where the last three rotations died, with BTC still -2.18% and no equity tape open — bank the flat and stay in cash rather than pay another round-trip on a $1884-1897 chop I've now churned five times."
2026-07-26T15:10:00Z,buy,ETH-USD,approved,ok,0.031606,1898.40,60.00,374.28,494.28,"ETH is grinding a stair-step of higher shelves all session (1884 -> 1891 -> 1895 -> 1897) while BTC bleeds -2.21%, so relative strength favors another small long with a tight exit if 1893 breaks."
2026-07-26T15:20:00Z,buy,ETH-USD,approved,ok,0.020994,1905.35,40.00,334.28,494.50,"ETH broke to $1905, the highest shelf of the session and a clean stair-step above 1884/1891/1895, while BTC bleeds -2.11% — that relative strength is the tell, so I'm adding to the winner instead of scalping out at +0.37% like the last three cycles that left gains on the table, taking the position t"
2026-07-26T15:30:03Z,sell,ETH-USD,approved,ok,-0.052599,1905.72,100.24,434.52,494.51,ETH is up only +0.24% on a doubled-up position that was averaged in at the session high of $1905 and is now stalling there while BTC bleeds -2.12% — take the small gain off the highest shelf rather than hold the top-tick add into a fading crypto tape.
2026-07-26T15:40:01Z,buy,ETH-USD,approved,ok,0.028733,1914.20,55.00,379.52,494.51,"ETH is the only tradable asset with constructive tape — it held $1898-1905 shelves all session while BTC bleeds -2.06% and ETH only -1.00%, so I'm re-entering ~11% of equity on the relative-strength divergence with a tight leash."
2026-07-26T15:50:00Z,sell,ETH-USD,approved,ok,-0.028733,1911.35,54.92,434.44,494.43,"ETH is -1.15% on the day and my $1914.20 entry was the top tick of the session's stair-step — the stack has stalled below the shelf while BTC bleeds -2.10%, so I cut the crypto leg before the shelf breaks rather than defend a top-of-range fill."
2026-07-26T15:50:00Z,hold,META,approved,hold,,,,434.44,494.43,META is untradable with equities closed; the position rides until the cash session reopens.
2026-07-26T16:00:00Z,buy,ETH-USD,approved,ok,0.028746,1913.29,55.00,379.44,494.43,"ETH held the 1898-1905 shelf all session and is back at 1913 with the weakest daily loss (-1.04%) of any tradable asset while BTC is -2.10%, so I'm taking a small relative-strength long with a tight leash under 1898."
2026-07-26T16:10:00Z,buy,ETH-USD,approved,ok,0.028835,1907.40,55.00,324.44,494.26,"ETH is holding the $1898-1907 shelf that has contained every dip this session while BTC bleeds harder (-2.20% vs -1.35%), so I'm adding on relative strength into the only tradable tape with crypto the sole open market."
2026-07-26T16:20:00Z,sell,ETH-USD,approved,ok,-0.057581,1911.78,110.08,434.52,494.52,"ETH is -1.12% and rolling with BTC -2.14%, and my two adds at 1913.29 and 1907.40 are only breakeven at 1911.78 — take the flat exit off the shelf before crypto beta drags it through 1898 support with equities closed and no way to hedge."
2026-07-26T16:30:00Z,buy,ETH-USD,approved,ok,0.031283,1918.00,60.00,374.52,494.52,"ETH is the only tradable name and it has defended the $1898-1907 shelf on every dip this session while holding a much shallower loss (-0.80%) than BTC (-2.05%), so I'm re-entering long at $1918 against that shelf with a tight leash."
2026-07-26T16:40:01Z,buy,ETH-USD,approved,ok,0.028677,1917.88,55.00,319.52,494.51,"ETH is holding the $1898-1907 shelf that has contained every dip today and is the only tradable name with the market closed, so I add ~11% of equity on the shelf retest with a stop below 1898."
2026-07-26T16:50:00Z,sell,ETH-USD,approved,ok,-0.059960,1919.05,115.07,434.59,494.58,"ETH is only +0.06% against my blended 1917.94 basis after four adds while BTC leads risk down -2.02% and ETH is -0.75% on the day — I take the flat-to-green exit rather than keep 23% of equity in a crypto tape making lower highs, and I'll re-enter on a clean reclaim of 1930 or a flush into the 1898-"
2026-07-26T17:00:00Z,buy,ETH-USD,approved,ok,0.031338,1914.59,60.00,374.59,494.58,"ETH is the only tradable market and it is holding the $1898-1907 shelf that has absorbed every dip today while outperforming BTC (-0.98% vs -2.16%), so I take a fresh 12% starter near $1914 with a hard stop under the shelf."
2026-07-26T17:10:00Z,buy,ETH-USD,approved,ok,0.015677,1913.66,30.00,344.59,494.55,"ETH is the only tradable market and is again testing the top of the $1898-1907 shelf that has held every dip today, so I'm adding a small tranche just below my 1914.59 basis to scalp the bounce while keeping the position near 18% of equity, well under the 25% cap, and I cut the whole thing if 1898 b"
2026-07-26T17:20:00Z,sell,ETH-USD,approved,ok,-0.047015,1912.81,89.93,434.52,494.51,"ETH has failed to break above 1920 across six cycles of adds and is now back under my 1914.28 blended basis while BTC leads lower at -2.13%, so I'm taking the flat exit on a chop position that has produced nothing but churn and reloading only on a clean reclaim of 1920."
2026-07-26T17:30:00Z,buy,ETH-USD,approved,ok,0.028757,1912.57,55.00,379.52,494.51,"ETH is the only tradable market and has again reclaimed the $1898-1907 shelf that has held every dip today, so I take a small 11% starter long against that well-defined floor with a fast exit if it breaks."
2026-07-26T17:40:00Z,sell,ETH-USD,approved,ok,-0.028757,1909.67,54.92,434.43,494.43,"ETH has failed the $1920 level across seven straight cycles of adds and is now printing lower lows under the $1912 basis while BTC leads down -2.24%, so the shelf thesis is broken and I take the small loss rather than average into a bleed."
2026-07-26T17:40:00Z,buy,BTC-USD,approved,ok,0.000928,64622.83,60.00,374.43,494.43,"BTC at $64,623 is down -2.24% and is the deeper-liquidity leader that ETH has been lagging all session — a $60 starter (12% of equity) puts the crypto risk in the stronger horse for a mean-reversion snap, with ETH exposure recycled rather than added to."
2026-07-26T17:50:01Z,sell,ETH-USD,vetoed,no position to sell,,,,374.43,494.44,No ETH position remains to sell; skipping.
2026-07-26T17:50:01Z,buy,BTC-USD,approved,ok,0.000774,64629.00,50.00,324.43,494.44,"BTC is holding $64,600 flat against ETH's -1.18% and its own -2.23% washout while my existing tag is green, so I add a second tranche to the deeper-liquidity leader for a bounce, keeping total BTC exposure near 24% of equity under the position cap."
2026-07-26T18:00:00Z,buy,BTC-USD,vetoed,position would exceed 25% of equity,,,,324.43,494.43,"BTC is the only tradable leader and is holding $64,600 flat while ETH bleeds another -1.24%, so I'm adding on the relative-strength divergence with a stop-out if $64,400 breaks."
2026-07-26T18:10:00Z,buy,BTC-USD,vetoed,position would exceed 25% of equity,,,,324.43,494.45,"BTC is the only tradable leader still holding $64,600 flat while ETH bleeds another -1.2%, so I add to the existing winner rather than sit on idle cash."
2026-07-26T18:10:00Z,sell,ETH-USD,vetoed,no position to sell,,,,324.43,494.45,"No ETH position remains after the 17:40 exit and ETH keeps failing the $1920 shelf, so I stay out of it this cycle."
2026-07-26T18:20:00Z,buy,BTC-USD,vetoed,position would exceed 25% of equity,,,,324.43,494.42,"BTC is the only tradable name, it's holding $64,600 flat while ETH bleeds another -1.10%, so I'm adding a third small tranche into the relative-strength leader with cash to spare."
2026-07-26T18:30:00Z,buy,BTC-USD,vetoed,position would exceed 25% of equity,,,,324.43,494.45,"BTC is the only tradable name holding $64,600 flat after a -2.2% washout while ETH keeps bleeding, so I'm adding to the relative-strength leader with a tight leash."
2026-07-26T18:40:02Z,buy,BTC-USD,vetoed,position would exceed 25% of equity,,,,324.43,494.51,"BTC is the only tradable name and it's absorbing a -2.16% flush while holding $64,600 and outperforming ETH's continued bleed, so I'm adding a small tranche to the existing winner rather than sitting flat with $324 idle."
2026-07-26T18:50:01Z,buy,BTC-USD,vetoed,position would exceed 25% of equity,,,,324.43,494.50,"BTC is the only tradable leader and it's holding $64,666 above the day's flush low while ETH keeps making new lows — adding a small 11% starter on relative-strength divergence with a fast exit under $64,300."
2026-07-26T19:00:01Z,buy,ETH-USD,approved,ok,0.028755,1912.74,55.00,269.43,494.53,"BTC adds keep getting vetoed on the 25% cap so I'm rotating the risk into ETH, the only other tradable name, taking an ~11% equity starter at $1912 where ETH's -1.07% lag versus a stabilizing BTC sets up a catch-up snap toward $1930."
2026-07-26T19:10:00Z,buy,BTC-USD,vetoed,position would exceed 25% of equity,,,,269.43,494.43,"BTC is the only tradable name showing relative strength — holding $64,644 above the flush low while ETH keeps making lower lows — and I have room under the 25% cap after ETH took the last allocation."
2026-07-26T19:20:00Z,buy,BTC-USD,vetoed,position would exceed 25% of equity,,,,269.43,494.40,"BTC is the only tradable name showing relative strength — flat at $64,642 while ETH keeps bleeding — and a $50 add keeps the position near 25% of equity without breaching the cap that vetoed every prior attempt."
2026-07-26T19:30:00Z,buy,BTC-USD,vetoed,position would exceed 25% of equity,,,,269.43,494.49,"BTC is the only tradable name showing relative strength — pinned at $64,666 above the flush low while ETH keeps bleeding, and a $55 add keeps the position near 22% of equity, under the 25% cap that vetoed the last five attempts."
2026-07-26T19:40:00Z,buy,BTC-USD,vetoed,position would exceed 25% of equity,,,,269.43,494.52,"BTC is the only tradable name and it's holding $64,668 well above the day's flush low while equities gapped down hard — adding a small tranche keeps me under the 25% single-name cap while the relative-strength bid persists."
2026-07-26T19:50:00Z,buy,ETH-USD,approved,ok,0.021965,1912.10,42.00,227.43,494.45,"ETH is the tradable name with the shallowest drawdown (-1.11% vs BTC -2.20%) and my position is flat at entry, so I'm adding a second tranche to press relative strength while staying under the 25% cap."
2026-07-26T20:00:00Z,buy,ETH-USD,vetoed,position would exceed 25% of equity,,,,227.43,494.46,"ETH is the shallowest-drawdown tradable name and has stopped making lower lows near $1912 while BTC still bleeds, so I'm adding a third tranche to the relative-strength leg with room under the 25% cap."
2026-07-26T20:10:01Z,buy,BTC-USD,vetoed,position would exceed 25% of equity,,,,227.43,494.43,"BTC has stopped making lower lows and is basing near $64,650 after the -2.2% flush, and it's one of only two tradable names — adding a 11% starter to the existing small position to catch the snap-back."
2026-07-26T20:10:01Z,sell,ETH-USD,approved,ok,-0.050720,1911.74,96.96,324.40,494.43,ETH is the weaker crypto leg with a flat-to-negative P/L and no reclaim of its intraday range — recycling that capital into the stronger BTC base rather than holding two correlated losers.
2026-07-26T20:20:00Z,buy,BTC-USD,vetoed,position would exceed 25% of equity,,,,324.40,494.34,"BTC is basing near $64,595 after the -2.3% flush and is the only tradable name with a clean intraday floor, so I'm adding a small starter tranche on the stabilization rather than sitting flat with $324 idle."
2026-07-26T20:30:00Z,buy,BTC-USD,vetoed,position would exceed 25% of equity,,,,324.40,494.34,"BTC has stopped making lower lows and is basing near $64,596 after the -2.3% flush, so I'm adding a small tranche to the existing leg to press the only tradable momentum setup this cycle."
2026-07-26T20:40:00Z,buy,BTC-USD,vetoed,position would exceed 25% of equity,,,,324.40,494.36,"BTC has stopped making lower lows and is basing near $64,604 after the -2.3% flush, so I'm adding a small second tranche to the existing crypto leg while it's the only tradable market open."
2026-07-26T20:50:00Z,buy,BTC-USD,vetoed,position would exceed 25% of equity,,,,324.40,494.35,"BTC has held $64,600 across four straight cycles without a new low after the -2.3% flush, so I'm adding to the existing base position as the only tradable name showing stabilization."
2026-07-26T21:00:00Z,buy,BTC-USD,vetoed,position would exceed 25% of equity,,,,324.40,494.34,"BTC has held $64,600 for five straight cycles without a new low after the -2.3% flush, and it is the only tradable name this cycle — adding a small 12% starter on the base rather than sitting flat again."
2026-07-26T21:10:00Z,buy,BTC-USD,vetoed,position would exceed 25% of equity,,,,324.40,494.35,"BTC has held $64,600 for six straight cycles with no new low after the -2.3% flush and is the only tradable name this cycle, so I'm taking a small 11% starter long on the base with a tight leash under $64,450."
2026-07-26T21:20:01Z,buy,BTC-USD,vetoed,position would exceed 25% of equity,,,,324.40,494.49,"BTC has held $64,600 for seven straight cycles with no new low after the -2.3% flush and is the only tradable market this cycle, so I'm adding an 11% starter to the existing small position on the base."
2026-07-26T21:30:01Z,buy,BTC-USD,vetoed,position would exceed 25% of equity,,,,324.40,494.62,"BTC has held $64,600 for eight straight cycles without a new low and is now printing higher lows into $64,758 — adding to the existing winner on confirmed basing."
2026-07-26T21:40:03Z,buy,BTC-USD,vetoed,position would exceed 25% of equity,,,,324.40,494.60,"BTC has held $64,600 for nine straight cycles with no new low and is now printing higher lows into $64,748 — adding a small tranche to the winning position with the base intact."
2026-07-26T21:50:01Z,buy,BTC-USD,vetoed,position would exceed 25% of equity,,,,324.40,494.73,"BTC has held the $64,600 shelf for ten straight cycles without a new low and is now trading above my $64,625 average with crypto the only tradable market this cycle — adding to the winning position on confirmed base support."
2026-07-26T22:00:00Z,buy,BTC-USD,vetoed,position would exceed 25% of equity,,,,324.40,494.67,"BTC has defended the $64,600 shelf for eleven straight cycles with no new low while equities bled hard, and my existing lot is green — adding on the shelf hold with cash to spare."
2026-07-26T22:00:00Z,sell,META,vetoed,market closed for this symbol,,,,324.40,494.67,"META is -7.87% on the day, flat versus my cost, and untradable overnight risk into a broken tape isn't worth holding a losing-momentum name — exiting to free cash for crypto momentum."
2026-07-26T22:10:00Z,buy,BTC-USD,vetoed,position would exceed 25% of equity,,,,324.40,495.27,"BTC has defended $64,600 for twelve straight cycles with no new low and is now trading $65,142 with my existing lot +0.80% — adding on confirmed strength while equities are closed and BTC is the only tradable momentum."
2026-07-26T22:20:00Z,buy,BTC-USD,vetoed,position would exceed 25% of equity,,,,324.40,495.26,"BTC has defended the $64,600 shelf for thirteen straight cycles without a new low and is now +0.79% on my existing lot with crypto the only tradable market — adding a second small tranche to press the base that keeps holding."
2026-07-26T22:30:00Z,buy,BTC-USD,vetoed,position would exceed 25% of equity,,,,324.40,495.27,"BTC has defended the $64,600 shelf for fourteen straight cycles without a new low and my existing lot is already +0.80%, so I am adding a small 10%-of-equity tranche to press the only tradable trend while overnight equities are shut."
2026-07-26T22:40:00Z,buy,BTC-USD,vetoed,position would exceed 25% of equity,,,,324.40,495.64,"BTC has defended the $64,600 shelf for fifteen straight cycles without a new low and is the only tradable, trending name with the equity market closed — adding a ~11% equity tranche to the winning position while keeping cash for a re-entry."
2026-07-26T22:50:00Z,buy,ETH-USD,approved,ok,0.030812,1947.27,60.00,264.40,495.73,"ETH is the only tradable name showing green today (+0.71%) while BTC is -1.04%, so I'm buying relative strength in the one live market instead of adding to BTC, which is already near its 25% position cap."
2026-07-26T23:00:00Z,sell,BTC-USD,approved,ok,-0.001702,65347.96,111.23,375.63,495.73,BTC is +1.12% on my basis but -1.14% on the day and just failed to hold higher — bank the gain into cash while crypto is the only tradable venue.
2026-07-26T23:00:00Z,buy,ETH-USD,approved,ok,0.025633,1950.60,50.00,325.63,495.73,"ETH is the only name green today (+0.88%) and already +0.17% for me, so add on relative strength while BTC bleeds."
2026-07-26T23:10:00Z,buy,ETH-USD,vetoed,position would exceed 25% of equity,,,,325.63,496.32,"ETH is the only tradable name with real momentum (+1.43% today, extending from +0.88% two cycles ago) and my existing lot is already +0.64%, so I add on strength while BTC bleeds -0.94%."
2026-07-26T23:10:00Z,hold,BTC-USD,approved,hold,,,,325.63,496.32,BTC is red on the day and I just exited it — no edge re-entering a laggard while capital is better used in the leader.
2026-07-26T23:20:00Z,buy,ETH-USD,vetoed,position would exceed 25% of equity,,,,325.63,495.87,"ETH is the only tradable name holding green (+1.02%) while BTC sits -1.22%, and my existing lot is already +0.23% — add on relative strength while crypto is the only open market."
2026-07-26T23:30:00Z,buy,ETH-USD,vetoed,position would exceed 25% of equity,,,,325.63,495.80,"ETH is the only tradable name holding green (+0.95%) with BTC -1.25%, and my existing ETH lot is already +0.16% — add on the relative-strength leader while cash sits idle."
2026-07-26T23:40:00Z,buy,ETH-USD,vetoed,position would exceed 25% of equity,,,,325.63,495.63,"ETH is the only tradable name green today (+0.80%) with BTC -1.26%, so I add a small tranche to the leading crypto and keep the position under the 25% cap."
2026-07-26T23:50:00Z,buy,ETH-USD,vetoed,position would exceed 25% of equity,,,,325.63,495.86,"ETH is the only tradable name green today (+1.01%) with BTC -1.15%, so I add a small tranche to the sole momentum leader while my existing lot sits +0.21%."
2026-07-27T00:00:00Z,buy,ETH-USD,vetoed,position would exceed 25% of equity,,,,325.63,495.88,"ETH is the only tradable name with real momentum (+4.06% today vs BTC +0.47%) and my existing lot is already green, so I add a starter to press the breakout."
2026-07-27T00:10:01Z,buy,ETH-USD,vetoed,position would exceed 25% of equity,,,,325.63,495.59,"ETH is the only tradable name with real momentum (+3.79% today vs BTC +0.15%) and my existing stake is only 22% of equity, so I add a small crypto-session momentum tranche while equities are closed."
2026-07-27T00:20:01Z,buy,ETH-USD,vetoed,position would exceed 25% of equity,,,,325.63,495.28,"ETH is the only tradable name with real momentum (+3.49% vs BTC +0.06%) and my existing lot is only 22% of a full position, so I add a small tranche on relative strength."
2026-07-27T00:30:01Z,buy,ETH-USD,vetoed,position would exceed 25% of equity,,,,325.63,495.31,"ETH is the only tradable name with real momentum (+3.52% today vs BTC +0.13%) and my existing stake is only 22% of equity, so I add a small clip on the relative-strength leader while equities are closed."
2026-07-27T00:40:01Z,buy,ETH-USD,vetoed,position would exceed 25% of equity,,,,325.63,495.12,"ETH is the only tradable name with real momentum (+3.34% today vs BTC +0.03%) and my existing stake is only ~22% of equity, so I add a small tranche to ride the crypto-session strength while equities are closed."
2026-07-27T00:50:00Z,buy,ETH-USD,vetoed,position would exceed 25% of equity,,,,325.63,495.17,"ETH is the only tradable name with real strength (+3.39% vs BTC +0.09%) and my existing stake is only 22% of equity, so I add a small tranche on the intraday uptrend while keeping the position under the 25% cap."
2026-07-27T01:00:00Z,buy,ETH-USD,vetoed,position would exceed 25% of equity,,,,325.63,495.16,"ETH is the only tradable name with real strength (+3.38% vs BTC +0.04%) and my existing 0.056 ETH is a small underweight stake, so I'm adding ~11% of equity to press the sole live momentum trade while crypto is the only open market."
2026-07-27T01:10:00Z,buy,ETH-USD,vetoed,position would exceed 25% of equity,,,,325.63,495.44,"ETH is the only tradable name with real strength (+3.64% vs BTC +0.12%) and is now ticking back up off the session low, so I'm adding to my starter position while keeping total ETH exposure under the 25% cap."
2026-07-27T01:20:02Z,buy,ETH-USD,vetoed,position would exceed 25% of equity,,,,325.63,495.28,"ETH is the only tradable name with real momentum (+3.50% vs BTC -0.04%) and my existing 0.056 ETH stake is only ~22% of equity, so adding ~$55 keeps me under the 25% cap while pressing the strongest relative-strength move available with market closed."
2026-07-27T01:30:00Z,buy,ETH-USD,vetoed,position would exceed 25% of equity,,,,325.63,495.11,ETH is the only tradable name with real momentum (+3.33% vs BTC -0.14%) and my existing 0.056 ETH position is small — adding ~11% of equity keeps ETH under the 25% cap while pressing the strongest relative-strength trade available with crypto the sole open market.
2026-07-27T01:40:00Z,buy,ETH-USD,vetoed,position would exceed 25% of equity,,,,325.63,495.25,"ETH is the only tradable name with real momentum (+3.46% vs BTC -0.03%), it is holding its intraday strength six cycles running, and my existing 0.056 ETH stake is only ~22% of equity — adding $55 keeps me under the 25% single-position cap while pressing the one live trend available."
2026-07-27T01:50:00Z,buy,ETH-USD,vetoed,position would exceed 25% of equity,,,,325.63,495.34,"ETH is the only tradable name with real strength (+3.56% while BTC is flat at +0.10%), so I'm adding a ~11% of equity tranche to the existing crypto position to press the sole momentum leg available while equities are closed."
2026-07-27T02:00:03Z,buy,ETH-USD,vetoed,position would exceed 25% of equity,,,,325.63,495.48,"ETH is the only tradable name with real momentum (+3.69% while BTC is flat at +0.15%), so I'm adding a starter-sized second tranche to my existing position while crypto is the only open market."
2026-07-27T02:10:00Z,buy,ETH-USD,vetoed,position would exceed 25% of equity,,,,325.63,495.47,"ETH is the only tradable name with real strength (+3.67% while BTC is flat at +0.16%), it is holding its highs into a sixth straight cycle, and my existing 0.056 position is only ~22% of equity — adding $55 keeps ETH under the 25% single-position cap while pressing the one live momentum trade availa"
2026-07-27T02:20:00Z,buy,ETH-USD,vetoed,position would exceed 25% of equity,,,,325.63,495.41,"ETH is the only tradable name with real momentum (+3.62% while BTC is flat at +0.18%), and with $325.63 idle cash a $55 add keeps ETH near 22% of equity — under the 25% cap — while riding the relative-strength leg."
2026-07-27T02:30:00Z,buy,ETH-USD,vetoed,position would exceed 25% of equity,,,,325.63,495.35,"ETH is the only tradable name with real relative strength (+3.56% while BTC sits flat at +0.12%), so I'm adding a ~10.5% equity tranche to the existing crypto leg to press the intraday momentum leader."
2026-07-27T02:40:04Z,buy,ETH-USD,vetoed,position would exceed 25% of equity,,,,325.63,495.46,"ETH is the only tradable name with real relative strength (+3.67% vs BTC +0.22%), holding its gains rather than fading, so I'm adding a ~10% equity tranche to the existing crypto position while equities are closed."
2026-07-27T02:50:00Z,buy,ETH-USD,vetoed,position would exceed 25% of equity,,,,325.63,495.28,"ETH is the only tradable name with real relative strength (+3.50% vs BTC +0.18%), and six straight vetoed cycles have left me under-allocated — adding ~11% of equity to the existing position while crypto is the only open market."
2026-07-27T03:00:00Z,buy,BTC-USD,approved,ok,0.000845,65115.97,55.00,270.63,495.22,"Six straight ETH buys got vetoed because ETH is already 22% of equity against a 25% cap, so I'm rotating into the other tradable name: BTC is flat at +0.11% while ETH ran +3.4%, giving a laggard catch-up entry at 11% of equity with room under position limits."
2026-07-27T03:10:00Z,buy,ETH-USD,vetoed,position would exceed 25% of equity,,,,270.63,495.25,"ETH is the only real momentum name tradable right now at +3.44% versus BTC's flat +0.15%, and after six vetoed attempts the position sits at ~22% of equity — a $50 add keeps it under the 25% cap while pressing the strongest relative-strength move available."
2026-07-27T03:20:04Z,buy,ETH-USD,vetoed,position would exceed 25% of equity,,,,270.63,495.43,"ETH is the only tradable name with real relative strength (+3.55% vs BTC +0.28%) and my ETH stake is now only ~22% of equity, so a $55 add keeps it under the 25% cap while pressing the strongest momentum available."
2026-07-27T03:30:00Z,sell,ETH-USD,approved,ok,-0.056446,1944.42,109.75,380.38,495.49,"ETH is up 3.59% on the day but my entry is underwater at -0.22% — the move happened before I got in and momentum has stalled flat across three cycles, so I recycle the capital rather than hold a stale chase."
2026-07-27T03:30:00Z,buy,BTC-USD,approved,ok,0.000843,65254.65,55.00,325.38,495.49,"BTC is the only tradable name grinding higher into my cost basis (+0.21% on position, +0.32% day) and adding $55 keeps it near 22% of equity — under the 25% cap — riding the one clean uptrend available while equities are closed."
2026-07-27T03:40:00Z,buy,ETH-USD,approved,ok,0.024697,1943.53,48.00,277.38,495.44,"ETH is the strongest tradable name at +3.54% while BTC sits flat at +0.28%, and after the prior 0.056 ETH scale-out my ETH allocation is well under the 25% cap, so I'm re-entering momentum with a ~10% equity clip."
2026-07-27T03:50:00Z,buy,ETH-USD,approved,ok,0.028275,1945.19,55.00,222.38,495.53,"ETH is the strongest tradable name at +3.63% and my fresh entry is already green (+0.09%) with BTC lagging at +0.32%, so I'm adding to the winner while staying under the 25% single-position cap."
2026-07-27T03:50:00Z,sell,BTC-USD,approved,ok,-0.001687,65253.83,110.12,332.49,495.53,BTC is up only 0.32% and grinding sideways at +0.11% on my basis — dead money that funds the ETH add and frees cash for the next momentum print.
2026-07-27T04:00:00Z,sell,ETH-USD,approved,ok,-0.052972,1948.06,103.19,435.69,495.68,"ETH is up 3.78% and just tagged a new high while my average sits only 0.19% below it — a stretched, extended crypto move into an illiquid overnight tape is where I take the scalp profit rather than hold it into a fade."
2026-07-27T04:00:00Z,buy,BTC-USD,approved,ok,0.000920,65227.72,60.00,375.69,495.68,"With equities closed, BTC at +0.28% is the only tradable name that hasn't already made its move, so I rotate ETH's stretched gain into the coiled name for the next leg."
2026-07-27T04:10:01Z,sell,BTC-USD,approved,ok,-0.000920,65228.85,60.00,435.69,495.69,BTC is flat at +0.28% and my basis is dead even after fees — recycle the capital into the only name with real momentum.
2026-07-27T04:10:01Z,buy,ETH-USD,approved,ok,0.030771,1949.90,60.00,375.69,495.69,ETH is the strongest tradable name at +3.88% and just made a new high while BTC grinds sideways — put the cash where the trend is.
2026-07-27T04:20:01Z,sell,ETH-USD,approved,ok,-0.030771,1955.16,60.16,435.85,495.85,ETH is up 4.16% and extended after a fast run from my 1949.90 basis — bank the +0.27% gain into cash rather than hold an overextended crypto move with equities closed.
2026-07-27T04:20:01Z,buy,BTC-USD,approved,ok,0.000919,65318.98,60.00,375.85,495.85,BTC at +0.42% is the only other tradable name and is quietly making higher lows while ETH is stretched — rotate a small 12% starter into the laggard for a catch-up move.
2026-07-27T04:30:00Z,sell,BTC-USD,approved,ok,-0.000919,65260.58,59.95,435.80,495.79,BTC has stalled at -0.09% below my 65318.98 basis while ETH ripped to +4.01% — cut the dead-money position and redeploy into the only name with real momentum.
2026-07-27T04:30:00Z,buy,ETH-USD,approved,ok,0.030731,1952.40,60.00,375.80,495.79,ETH at +4.01% is the strongest tradable name on the board and making new session highs while BTC chops flat — take a ~12% equity momentum entry.
2026-07-27T04:40:00Z,sell,META,vetoed,market closed for this symbol,,,,375.80,495.82,META is dead flat at my basis and the equity market is closed so it cannot move for hours — that capital is frozen and should be recycled into the only tradable momentum.
2026-07-27T04:40:00Z,buy,ETH-USD,approved,ok,0.025598,1953.29,50.00,325.80,495.82,ETH is the strongest tradable name at +4.06% and just printed a new session high above my 1952.40 basis while BTC lags at +0.40% — add to the winner.
2026-07-27T04:50:00Z,sell,ETH-USD,approved,ok,-0.056329,1953.70,110.05,435.85,495.84,"ETH is up 4.08% and my last two adds are barely above water at +0.05% — the run has stalled at the session high, so I bank the position and keep dry powder rather than hold a stretched crypto move with equities closed."
2026-07-27T04:50:00Z,buy,BTC-USD,approved,ok,0.000766,65301.69,50.00,385.85,495.84,BTC at +0.39% is quietly grinding higher lows while ETH goes parabolic and flat-lines — rotate a small 10% starter into the laggard that has room to catch up.
2026-07-27T05:00:00Z,buy,ETH-USD,approved,ok,0.029716,1951.78,58.00,327.85,495.79,ETH is the strongest tradable name at +3.98% and I just took profits into the run — re-entering on the pullback from the session high with crypto the only live market.
2026-07-27T05:00:00Z,sell,BTC-USD,approved,ok,-0.000766,65229.53,49.94,377.79,495.79,BTC is red at -0.11% below basis and lagging ETH badly; cut it fast and concentrate capital in the leader.
2026-07-27T05:10:01Z,sell,ETH-USD,approved,ok,-0.029716,1953.66,58.06,435.85,495.85,"ETH is up 4.08% on the day and my position is only +0.10% after two adds — the momentum has stalled at the highs, so take the crypto risk off flat rather than hold an extended move into a closed-equity session."
2026-07-27T05:10:01Z,buy,BTC-USD,approved,ok,0.000843,65265.72,55.00,380.85,495.85,"BTC at +0.34% is the only tradable name still making higher lows without being extended, so rotate a small 11% slice there for a fresh momentum leg."
2026-07-27T05:20:00Z,sell,BTC-USD,approved,ok,-0.000843,65324.40,55.05,435.90,495.89,"BTC is only +0.09% after three straight round-trips that each netted near zero — the chop is eating me, so I'm cutting it and moving the cash to the actual momentum leader."
2026-07-27T05:20:00Z,buy,ETH-USD,approved,ok,0.030676,1955.93,60.00,375.90,495.89,"ETH at +4.20% is extending to a new high on the day and is the strongest tradable name by a wide margin, so I want size in the leader rather than the laggard."
2026-07-27T05:30:00Z,sell,ETH-USD,approved,ok,-0.030676,1957.92,60.06,435.96,495.96,"ETH is up 4.31% on the day and my position is only +0.10% after chasing the extension — I've now round-tripped this name three times for nothing, so I take the small gain and stop paying the spread on a move I keep entering late."
2026-07-27T05:30:00Z,buy,BTC-USD,approved,ok,0.000918,65362.50,60.00,375.96,495.96,"BTC at +0.49% is quietly making higher lows while ETH is extended 4%+ into a blow-off, so I rotate into the less-crowded crypto with room to run rather than buying ETH's third top."
2026-07-27T05:40:00Z,sell,BTC-USD,approved,ok,-0.000918,65327.04,59.97,435.93,495.92,"BTC is flat at -0.05% after three round-trips that all netted near zero — the chop has no edge, so free the capital rather than pay another spread."
2026-07-27T05:40:00Z,buy,ETH-USD,approved,ok,0.030631,1958.77,60.00,375.93,495.92,"ETH at +4.35% is the strongest tradable name on the board and just printed a new high on the day, so ride the leader with a ~12% equity clip instead of grinding BTC's flat range."
2026-07-27T05:50:00Z,sell,ETH-USD,approved,ok,-0.030631,1958.20,59.98,435.91,495.91,ETH is +4.32% on the day and my entry at 1958.77 is now underwater at 1958.20 after chasing the extension — the momentum has stalled at the high and I cut it before it rolls over.
2026-07-27T05:50:00Z,buy,BTC-USD,approved,ok,0.000919,65310.00,60.00,375.91,495.91,BTC at +0.41% is grinding higher lows off the flat base while ETH stalls at a blowoff high — rotating into the untapped mover with room to run.
2026-07-27T06:00:00Z,sell,BTC-USD,approved,ok,-0.000919,65403.99,60.09,436.00,495.99,"BTC is only +0.14% after four consecutive round-trips that all netted near zero — the chop is eating me, so I take the small win and rotate into the one name with real trend."
2026-07-27T06:00:00Z,buy,ETH-USD,approved,ok,0.030555,1963.64,60.00,376.00,495.99,ETH at +4.61% is extending to a new session high while BTC grinds at +0.55% — this is the only genuine momentum on a board where every equity is closed and most are deeply red.
2026-07-27T06:10:00Z,sell,ETH-USD,approved,ok,-0.030555,1967.25,60.11,436.11,496.10,ETH is +4.80% and extended to a fresh session high with my entry now +0.18% in the green — take the fast profit into strength rather than give back another round-trip like the last three.
2026-07-27T06:10:00Z,buy,BTC-USD,approved,ok,0.000916,65511.35,60.00,376.11,496.10,"BTC at +0.72% is making higher lows off the flat base and is the only other tradable name still trending up, so rotate the freed ETH capital into the fresh BTC leg for a small momentum entry."
2026-07-27T06:30:00Z,sell,BTC-USD,approved,ok,-0.000916,65436.55,59.93,436.04,496.03,BTC has faded from my 65511 entry to 65436 (-0.11%) while ETH is the clear momentum leader at +4.66% — cut the laggard rather than let another flat round-trip bleed.
2026-07-27T06:30:00Z,buy,ETH-USD,approved,ok,0.030541,1964.56,60.00,376.04,496.03,"ETH at +4.66% is the strongest tradable name on the tape and holding near session highs, so rotate BTC capital into the leader for a ~12% equity momentum entry."
2026-07-27T06:40:00Z,sell,ETH-USD,approved,ok,-0.030541,1967.52,60.09,436.13,496.12,ETH is +4.82% and stalled at the session high with my entry only +0.15% after 20 minutes — take the small win rather than hold a stretched crypto into a fade.
2026-07-27T06:40:00Z,buy,BTC-USD,approved,ok,0.000840,65452.00,55.00,381.13,496.12,"BTC at +0.63% is the only other tradable name and is grinding higher off its base while ETH looks exhausted, so rotate a small starter into the fresher trend."
2026-07-27T06:50:00Z,sell,BTC-USD,approved,ok,-0.000840,65395.26,54.95,436.08,496.08,BTC has faded from my 65452 entry to 65395 (-0.09%) and is only +0.54% today while ETH runs +4.82% — cut the laggard and free the cash.
2026-07-27T06:50:00Z,buy,ETH-USD,approved,ok,0.030493,1967.64,60.00,376.08,496.08,"ETH at +4.82% is the strongest tradable name on the tape and is pressing the session high again, so I'm re-entering the momentum leader with roughly 12% of equity."
2026-07-27T07:00:00Z,sell,ETH-USD,approved,ok,-0.030493,1966.76,59.97,436.05,496.05,"ETH has gone nowhere in the 10 minutes since my 1967.64 entry (-0.04%) and is stalling at the session high after a +4.8% run, so I take the flat trade off and free capital rather than hold a fading breakout."
2026-07-27T07:00:00Z,buy,BTC-USD,approved,ok,0.000918,65348.99,60.00,376.05,496.05,"BTC at +0.47% is basing above 65300 and is the only other tradable name while equities are closed, so I rotate into it for a small momentum probe."
2026-07-27T07:10:01Z,sell,BTC-USD,approved,ok,-0.000918,65360.34,60.01,436.06,496.06,BTC is flat at +0.02% from my 65348.99 entry and only +0.49% today while ETH runs +4.79% — rotate the dead capital into the leader.
2026-07-27T07:10:01Z,buy,ETH-USD,approved,ok,0.030503,1967.04,60.00,376.06,496.06,"ETH at +4.79% is the strongest tradable name on the tape by a wide margin and is holding near session highs, so I want size in the momentum leader rather than the laggard."
2026-07-27T07:20:01Z,sell,ETH-USD,approved,ok,-0.030503,1969.68,60.08,436.14,496.14,ETH is up only 0.13% from my 1967.04 entry and has stalled around 1970 for three straight cycles at the top of a +4.9% day — I take the small gain rather than hold a stalled leader into an overbought fade.
2026-07-27T07:20:01Z,buy,BTC-USD,approved,ok,0.000918,65373.98,60.00,376.14,496.14,"BTC at +0.51% is grinding higher off the 65350 base and is the only other tradable name overnight, so I rotate into it for a fresh 12%-of-equity momentum leg while equities are closed."
2026-07-27T07:30:00Z,sell,BTC-USD,approved,ok,-0.000918,65344.27,59.97,436.12,496.11,BTC is dead flat at -0.05% from my 65373.98 entry and only +0.46% today while ETH runs +4.83% — rotate the capital into the strongest tape.
2026-07-27T07:30:00Z,buy,ETH-USD,approved,ok,0.030490,1967.85,60.00,376.12,496.11,"ETH at +4.83% is by far the strongest tradable name and has held its highs across the last several cycles, so I want size back in the leader with ~12% of equity."
2026-07-27T07:40:00Z,sell,ETH-USD,approved,ok,-0.030490,1962.15,59.83,435.94,495.94,ETH is -0.29% from my 1967.85 entry and has faded from its highs for three straight cycles — cut the loser and stop re-buying the same stall.
2026-07-27T07:40:00Z,buy,BTC-USD,approved,ok,0.000921,65181.47,60.00,375.94,495.94,"BTC at +0.21% is holding the 65100-65400 base and is the only other tradable name, so rotate into it while ETH's momentum decays."
2026-07-27T07:50:02Z,sell,BTC-USD,approved,ok,-0.000921,65249.22,60.06,436.01,496.00,BTC is only +0.10% from my 65181.47 entry and dead flat at +0.31% today while ETH runs +4.80% — rotate the capital to the strong horse.
2026-07-27T07:50:02Z,buy,ETH-USD,approved,ok,0.030499,1967.27,60.00,376.01,496.00,"ETH at +4.80% is the strongest tradable name by a wide margin and has reclaimed 1967 after the 1962 fade, so I re-enter the leader with a ~12% equity slug."
2026-07-27T08:00:01Z,buy,ETH-USD,approved,ok,0.025459,1963.92,50.00,326.01,495.90,"ETH is the only tradable name with real momentum at +4.63% while the equity tape bleeds (TSLA -17.8%, GOOGL -7.8%), and it's holding 1960 support just 0.17% under my entry — I'm adding a second tranche to size the leader up to ~22% of equity, still inside the 25% cap."
2026-07-27T08:00:01Z,hold,BTC-USD,approved,hold,,,,326.01,495.90,"BTC at +0.20% is dead flat with no breakout structure; capital belongs in the stronger crypto leg, not split into a chop trade I've already round-tripped twice."
2026-07-27T08:10:01Z,sell,ETH-USD,approved,ok,-0.055958,1962.20,109.80,435.81,495.80,"ETH is red against my blended 1965.75 entry after three straight adds into a fading move, and its +4.53% day print is already 0.3% off where I kept buying, so I'm taking the full exit rather than averaging deeper into a stalling leader."
2026-07-27T08:10:01Z,buy,BTC-USD,approved,ok,0.000921,65136.11,60.00,375.81,495.80,"BTC at +0.14% is the only other tradable name and it's holding the 65100 base tightly with no distribution, so I'm rotating a 12%-of-equity starter there to stay engaged in crypto while ETH's momentum resets."
2026-07-27T08:20:01Z,sell,BTC-USD,approved,ok,-0.000921,65180.16,60.04,435.85,495.84,BTC is dead flat at +0.21% with no breakout structure and only +0.07% on my entry — free the capital for the one name actually trending.
2026-07-27T08:20:01Z,buy,ETH-USD,approved,ok,0.030526,1965.55,60.00,375.85,495.84,"ETH at +4.71% is the only tradable name with real momentum and has held above 1960 across the last three cycles, so I'm re-entering on strength with ~12% of equity."
2026-07-27T08:30:03Z,sell,ETH-USD,approved,ok,-0.030526,1966.86,60.04,435.89,495.88,ETH is up 4.78% on the day and my entry is only +0.07% after re-buying near the highs — take the flat exit rather than hold a stalled extended move into a red equity tape.
2026-07-27T08:30:03Z,buy,BTC-USD,approved,ok,0.000921,65179.51,60.00,375.89,495.88,"BTC is holding +0.21% above the 65100 base with no distribution while ETH stalls, so rotate a 12%-of-equity starter into the steadier crypto leg."
2026-07-27T08:40:00Z,sell,BTC-USD,approved,ok,-0.000921,65104.30,59.93,435.82,495.81,BTC is flat at +0.09% and my entry is underwater -0.12% with no breakout structure — recycle the capital into the only name actually trending.
2026-07-27T08:40:00Z,buy,ETH-USD,approved,ok,0.030546,1964.24,60.00,375.82,495.81,ETH at +4.64% is the sole tradable name with real momentum and is pushing back toward the day's highs above 1960.
2026-07-27T08:50:00Z,sell,ETH-USD,approved,ok,-0.030546,1966.48,60.07,435.89,495.88,ETH is up 4.76% on the day and my entry is only +0.11% after three round-trips at the same 1964-1967 level — the move is stalled and I'm taking the small gain rather than paying the chop again.
2026-07-27T08:50:00Z,buy,BTC-USD,approved,ok,0.000844,65143.51,55.00,380.89,495.88,"BTC at +0.15% is holding the 65100 base without distribution and is the only other tradable name, so I rotate into it for a base-breakout attempt while ETH ranges."
2026-07-27T09:00:00Z,sell,BTC-USD,approved,ok,-0.000844,65113.93,54.98,435.86,495.86,"BTC is stalled at +0.11% and my entry is underwater -0.05% with no breakout structure, so recycle the capital into the only name actually trending."
2026-07-27T09:00:00Z,buy,ETH-USD,approved,ok,0.030557,1963.53,60.00,375.86,495.86,"ETH at +4.60% is the strongest tradable momentum on the board and the only crypto with real trend, so redeploy BTC proceeds plus cash into it."
2026-07-27T09:10:04Z,sell,ETH-USD,approved,ok,-0.030557,1956.40,59.78,435.64,495.64,ETH has faded from +4.60% at my entry to +4.22% and my position is underwater -0.36% with no reclaim of 1963 — cut the loser fast per the rules.
2026-07-27T09:10:04Z,buy,BTC-USD,approved,ok,0.000845,65058.69,55.00,380.64,495.64,"With ETH rolling over and every equity closed, BTC holding flat at +0.02% above the 65000 base is the only tradable vehicle left, so I take a small ~11% probe for a rotation bounce."
2026-07-27T09:20:00Z,sell,BTC-USD,approved,ok,-0.000845,65073.45,55.01,435.66,495.65,BTC is flat at +0.04% with my entry only +0.02% and no breakout structure — recycle the capital into the only real momentum on the board.
2026-07-27T09:20:00Z,buy,ETH-USD,approved,ok,0.030681,1955.61,60.00,375.66,495.65,"ETH is the strongest tradable name at +4.18% and has stabilized after the fade from +4.60%, so I re-enter small on the hold of the 1955 shelf."
2026-07-27T09:30:00Z,sell,ETH-USD,approved,ok,-0.030681,1958.81,60.10,435.75,495.75,"ETH is up only +0.16% from my entry and has faded from +4.35% intraday high momentum with two prior round-trips showing chop, not trend — bank the small gain rather than round-trip it a third time."
2026-07-27T09:30:00Z,buy,BTC-USD,approved,ok,0.000921,65163.93,60.00,375.75,495.75,"With every equity closed and ETH chopping, BTC at +0.18% is quietly grinding higher off its lows and is the only tradable name with a constructive base — take a 12% equity starter."
2026-07-27T09:40:00Z,sell,BTC-USD,approved,ok,-0.000921,65268.13,60.10,435.85,495.85,BTC is up only +0.16% from my entry and grinding sideways with no breakout impulse — recycle the capital into the day's clear momentum leader.
2026-07-27T09:40:00Z,buy,ETH-USD,approved,ok,0.030540,1964.64,60.00,375.85,495.85,"ETH is the strongest tradable name at +4.66% today and has pushed to a new intraday high above my earlier exit at $1958.81, confirming the trend rather than fading it."
2026-07-27T09:50:00Z,sell,ETH-USD,approved,ok,-0.030540,1965.69,60.03,435.88,495.88,"ETH is only +0.05% from my entry after a fourth straight round-trip that netted nothing — the +4.7% move is stale and I'm churning fees on chop, so I'm taking it off."
2026-07-27T09:50:00Z,buy,BTC-USD,approved,ok,0.000920,65246.40,60.00,375.88,495.88,"BTC at +0.31% is making a higher intraday push while ETH stalls, so I'm rotating the crypto exposure into the name with the cleaner grind and no stalled-momentum baggage."
2026-07-27T10:00:00Z,sell,BTC-USD,approved,ok,-0.000920,65188.51,59.95,435.83,495.83,"BTC is red from my entry at -0.09% and has stalled at +0.22% today while ETH runs +4.59%, so I'm cutting the laggard and freeing capital."
2026-07-27T10:00:00Z,buy,ETH-USD,approved,ok,0.030563,1963.19,60.00,375.83,495.83,"ETH is by far the strongest tradable name at +4.59% with crypto the only live market, so I'm rotating into the leader with a ~12% equity position."
2026-07-27T10:10:00Z,sell,META,vetoed,market closed for this symbol,,,,375.83,495.84,"META is dead flat at my entry, down -7.87% on the day, and the equity market is closed so it can only gap against me overnight — but this is untradable this cycle, so the real action is crypto."
2026-07-27T10:10:00Z,buy,ETH-USD,approved,ok,0.022915,1963.79,45.00,330.83,495.84,"ETH is the strongest live name at +4.62% and holding near session highs while BTC stalls at +0.24%, so I'm adding to the winner with cash I already have."
2026-07-27T10:20:00Z,sell,ETH-USD,approved,ok,-0.053477,1963.10,104.98,435.81,495.81,"ETH is up 4.58% today and my third re-entry is flat at -0.02% after repeated round-trips that netted nothing — momentum has stalled at session highs, so I'm taking the whole position off before the fade."
2026-07-27T10:20:00Z,buy,BTC-USD,approved,ok,0.000920,65220.05,60.00,375.81,495.81,BTC at +0.27% is the only other live market and is basing quietly while ETH is extended after a 4.5% run — rotating a 12% starter into the laggard for the mean-reversion catch-up.
2026-07-27T10:30:00Z,sell,BTC-USD,approved,ok,-0.000920,65317.64,60.09,435.90,495.90,BTC is only +0.42% and up a scratch +0.15% from entry while ETH runs +4.73% — recycle the dead capital into the actual momentum leader.
2026-07-27T10:30:00Z,buy,ETH-USD,approved,ok,0.030520,1965.91,60.00,375.90,495.90,"ETH is the strongest live name at +4.73% and extending to session highs, so I want size back on in the only market that is actually trending."
2026-07-27T10:40:00Z,sell,ETH-USD,approved,ok,-0.030520,1967.73,60.06,435.96,495.95,"ETH is +4.83% on the day and my fourth re-entry is only +0.09% after three flat round-trips — the trend is extended and no longer paying me, so I take the scratch profit and stand aside from a stalling leader."
2026-07-27T10:40:00Z,buy,BTC-USD,approved,ok,0.000918,65333.36,60.00,375.96,495.95,"BTC at +0.44% is quietly firming off its base while equities are closed and ETH stalls at highs, so I rotate into the laggard crypto for the catch-up move with a ~12% of equity clip."
2026-07-27T11:00:00Z,sell,BTC-USD,approved,ok,-0.000918,65277.71,59.95,435.90,495.90,BTC is a scratch loser at -0.09% and only +0.36% on the day while ETH runs +4.71% — cut the dead weight and rotate to the actual momentum name.
2026-07-27T11:00:00Z,buy,ETH-USD,approved,ok,0.030525,1965.57,60.00,375.90,495.90,"ETH is the strongest live market at +4.71% and holding near session highs with equities closed, so I want size back on the leader rather than the laggard."
2026-07-27T11:10:00Z,sell,ETH-USD,approved,ok,-0.030525,1963.09,59.92,435.83,495.83,"ETH re-entry is red at -0.13% and this is my fifth flat-to-losing round trip in the same name at the same price — the +4.6% move has gone sideways since 10:30, so I cut it and stop paying spread to chase a stalled tape."
2026-07-27T11:10:00Z,buy,BTC-USD,approved,ok,0.000920,65227.51,60.00,375.83,495.83,"BTC at +0.28% is the only other live market and is basing quietly while ETH chops, so I rotate into a ~12% starter position for the next leg with equities closed."
2026-07-27T11:20:00Z,sell,BTC-USD,approved,ok,-0.000920,65192.73,59.97,435.80,495.79,"BTC entry is red at -0.05% and only +0.23% on the day — this is my sixth straight flat-to-losing crypto round trip, so I am cutting the dead position rather than paying more chop tax."
2026-07-27T11:20:00Z,buy,ETH-USD,approved,ok,0.028026,1962.47,55.00,380.80,495.79,"ETH at +4.55% is by far the strongest live market with real momentum behind it, and roughly 11% of equity is a proper small-and-fast entry into the only symbol actually trending while equities are closed."
2026-07-27T11:30:00Z,sell,META,vetoed,market closed for this symbol,,,,380.80,495.69,"META is dead capital with the market closed — the order can't fill this cycle anyway, and it's down 7.87% on the day with no way to manage risk until the open, so I want it flat."
2026-07-27T11:30:00Z,buy,ETH-USD,approved,ok,0.028080,1958.66,55.00,325.80,495.69,ETH is the strongest live market at +4.35% and my current entry is only -0.19% underwater — adding into the one asset with real momentum rather than churning another scratch round trip.
2026-07-27T11:40:00Z,sell,ETH-USD,approved,ok,-0.056106,1959.50,109.94,435.74,495.73,"ETH is my only real momentum name at +4.39% but my entry is red at -0.05% and this is the seventh consecutive flat-to-losing round trip — the chop is eating me alive, so I take the full exit and stop paying spread on a range that isn't trending."
2026-07-27T11:40:00Z,buy,BTC-USD,approved,ok,0.000768,65127.22,50.00,385.74,495.73,BTC at +0.13% is the only other live market and is coiling in a tight range near the highs of the session — a small 10% probe positions me for a breakout without repeating the ETH round-trip bleed.
2026-07-27T11:50:01Z,sell,BTC-USD,approved,ok,-0.000768,65086.44,49.97,435.71,495.70,"BTC is flat at +0.06% and my entry is red — dead capital in a coiling range with no momentum, so free the cash."
2026-07-27T11:50:01Z,buy,ETH-USD,approved,ok,0.028075,1959.06,55.00,380.71,495.70,"ETH at +4.37% is the only market with real momentum and it's holding near highs while BTC stalls, so concentrate the live-market exposure there."
2026-07-27T12:00:00Z,sell,ETH-USD,approved,ok,-0.028075,1958.30,54.98,435.68,495.68,ETH is my only live-market position and it's red at -0.04% after a +4.33% day — the momentum has stalled at highs and I'd rather bank the capital than hold a fading extended move into a closed-equity cycle.
2026-07-27T12:00:00Z,buy,BTC-USD,approved,ok,0.000845,65053.17,55.00,380.68,495.68,"BTC at +0.01% is flat and coiled near $65k — a small 11% starter here gives me exposure to the only other live market for a breakout out of this tight range, sized so a fast stop costs almost nothing."
2026-07-27T12:10:02Z,buy,ETH-USD,approved,ok,0.030583,1961.90,60.00,320.68,495.78,"ETH is the only market with real momentum at +4.52% and it's pushing to new session highs near $1962 — I keep selling this winner too early, so I'm taking a fresh ~12% starter to ride the strongest name into the close."
2026-07-27T12:10:02Z,sell,BTC-USD,approved,ok,-0.000845,65167.52,55.10,375.78,495.78,BTC is a coiled +0.19% flat-liner and my +0.18% gain is noise — recycle that dead capital into the one asset actually trending.
2026-07-27T12:20:01Z,buy,ETH-USD,approved,ok,0.025623,1951.39,50.00,325.78,495.46,"ETH is the only asset showing real momentum (+3.96% on the day) and the pullback to $1951 is a shallow dip in an intact uptrend, so I'm adding a second tranche to take my position to ~22% of equity — still under the 25% cap — while BTC sits dead flat at -0.05% with no edge to chase."
2026-07-27T12:30:00Z,sell,ETH-USD,approved,ok,-0.056205,1946.55,109.41,435.19,495.18,"ETH is up 3.70% on the day but has faded from +4.52% highs and my position is red at -0.54% — the momentum I bought has rolled over, so cut it and recycle the cash."
2026-07-27T12:30:00Z,buy,BTC-USD,approved,ok,0.000924,64944.01,60.00,375.19,495.18,"With ETH momentum broken and every equity closed, BTC at -0.15% near $65k is the only other live market — a small starter keeps me positioned for the crypto session without chasing a fading ETH move."
2026-07-27T12:40:00Z,buy,ETH-USD,approved,ok,0.028252,1946.78,55.00,320.19,495.16,"ETH is the only asset with real upside momentum (+3.71%) and every equity is closed, so I'm re-entering the leader with an 11% starter after the mid-session shakeout rather than sitting on dead BTC beta."
2026-07-27T12:40:00Z,sell,BTC-USD,approved,ok,-0.000924,64915.33,59.97,380.16,495.16,BTC is flat-to-red at -0.20% with no thrust and my position is at -0.04% noise — recycle that capital into the only symbol actually trending.
2026-07-27T12:50:01Z,sell,ETH-USD,approved,ok,-0.028252,1955.08,55.23,435.40,495.39,ETH is +4.15% on the day and my entry is green at +0.43% — take the fast profit into strength rather than round-trip it again like the last two ETH cycles.
2026-07-27T12:50:01Z,buy,BTC-USD,approved,ok,0.000923,65020.00,60.00,375.40,495.39,"With every equity closed and ETH profit banked, BTC at -0.04% flat near $65k is the only other live venue — take a small 12% starter position for a mean-reversion snap while ETH cools."
2026-07-27T13:00:00Z,sell,BTC-USD,approved,ok,-0.000923,65024.19,60.00,435.40,495.40,BTC is dead flat at -0.03% with my position at +0.01% noise — recycle the capital into the only asset actually moving.
2026-07-27T13:00:00Z,buy,ETH-USD,approved,ok,0.030673,1956.09,60.00,375.40,495.40,"ETH is the sole live mover at +4.21%, pushing back toward day highs while BTC and every equity are flat-to-red — buy the strength with ~12% of equity."
2026-07-27T13:10:00Z,sell,ETH-USD,approved,ok,-0.030673,1955.70,59.99,435.39,495.38,ETH is stalled at -0.02% after a +4.19% run to day highs and my entry has gone nowhere for a full cycle — bank the capital before the momentum unwinds.
2026-07-27T13:10:00Z,buy,BTC-USD,approved,ok,0.000923,64996.16,60.00,375.39,495.38,"With equities closed, rotate the freed crypto capital into BTC at -0.07% flat near $65k as the lower-beta vehicle to hold overnight risk while ETH digests its extended move."
2026-07-27T13:20:00Z,buy,ETH-USD,approved,ok,0.030696,1954.66,60.00,315.39,495.35,"ETH is the only symbol showing real strength at +4.13% with equities closed, so put ~12% of equity back into the day's lone trending mover rather than sitting in flat BTC."
2026-07-27T13:30:00Z,sell,META,approved,ok,-0.100803,607.57,61.24,376.63,496.40,"META is down 5.93% today and bleeding with the mega-cap tape (GOOGL -7.5%, TSLA -15.4%); bank the +2.07% gain before the sector unwind takes it back."
2026-07-27T13:30:00Z,sell,BTC-USD,approved,ok,-0.000923,64878.74,59.89,436.52,496.40,"BTC is flat-to-red at -0.26% with my position underwater at -0.18% — dead capital, recycle it into the only symbol actually moving."
2026-07-27T13:30:00Z,buy,ETH-USD,approved,ok,0.025634,1950.55,50.00,386.52,496.40,"ETH at +3.91% is the sole sustained mover on the board while equities and BTC sell off, so add to the existing position to concentrate size in the day's real momentum leader."
2026-07-27T13:40:02Z,sell,ETH-USD,approved,ok,-0.056330,1966.14,110.75,497.28,497.28,ETH is up 4.74% and my position is +0.68% into the day-high extension after multiple round-trips in this name — bank the gain while it's green rather than give it back on the next stall.
2026-07-27T13:40:02Z,buy,AAPL,approved,ok,0.178545,336.05,60.00,437.28,497.28,"AAPL at +2.90% is the strongest equity on a broadly red mega-cap tape (GOOGL -6.9%, META -6.5%, TSLA -15%), which is exactly the kind of relative-strength divergence that keeps trending — take a ~12% equity starter."
2026-07-27T13:40:02Z,buy,DIA,approved,ok,0.095278,524.78,50.00,387.28,497.28,DIA +1.32% with IWM +1.05% and SPY +0.39% shows money rotating out of mega-cap tech into value/breadth — buy the leading index expression of that rotation for a ~10% equity position.
2026-07-27T13:50:00Z,sell,AAPL,approved,ok,-0.178545,335.31,59.87,447.14,497.11,AAPL has rolled over from +2.90% to +2.67% and my entry is now underwater at -0.22% — cut the fading leader fast rather than ride a stalling mega-cap on a red tape.
2026-07-27T13:50:00Z,sell,DIA,approved,ok,-0.095278,524.43,49.97,497.11,497.11,"DIA slipped from +1.32% to +1.25% and the position is red at -0.07% — the rotation trade has stopped paying, so free the capital."
2026-07-27T13:50:00Z,buy,ETH-USD,approved,ok,0.030463,1969.60,60.00,437.11,497.11,ETH at +4.93% has extended past the level I sold into and is the single strongest sustained mover on the board while every mega-cap bleeds — re-enter the leader.
2026-07-27T13:50:00Z,buy,IWM,approved,ok,0.169400,295.16,50.00,387.11,497.11,IWM +0.97% with SPY +0.24% keeps the small-cap rotation bid intact and gives a cleaner momentum vehicle than the fading Dow proxy.
2026-07-27T14:00:00Z,sell,ETH-USD,approved,ok,-0.030463,1958.90,59.67,446.78,496.66,ETH has faded from my +4.93% entry to +4.36% and the position is red at -0.54% — cut the loser fast per the scalp rules rather than let a crypto fade compound.
2026-07-27T14:00:00Z,sell,IWM,approved,ok,-0.169400,294.41,49.87,496.66,496.66,"IWM has slipped from +0.97% at entry to +0.72% and is underwater at -0.25% — the small-cap rotation bid is deflating, so exit and free capital."
2026-07-27T14:00:00Z,buy,AAPL,approved,ok,0.178806,335.56,60.00,436.66,496.66,"AAPL at +2.75% is the only genuinely strong large-cap on a tape where GOOGL, META, AMZN and TSLA are all down 6%+, making it the clear defensive-momentum leader worth a ~12% equity scalp."
2026-07-27T14:00:00Z,buy,DIA,approved,ok,0.105085,523.38,55.00,381.66,496.66,"DIA +1.05% versus QQQ -1.46% is a clean, still-widening Dow-over-Nasdaq rotation spread and the strongest index vehicle on the board for an ~11% equity position."
2026-07-27T14:10:00Z,sell,AAPL,approved,ok,-0.178806,336.30,60.13,441.79,496.77,AAPL is up only +0.22% from entry while every other large-cap on the tape is bleeding — take the small gain before the broad tech risk-off drags the last relative-strength name down with it.
2026-07-27T14:10:00Z,sell,DIA,approved,ok,-0.105085,523.21,54.98,496.77,496.77,"DIA has stalled at -0.03% since entry and the Dow-over-Nasdaq spread stopped widening, so the rotation edge I bought is gone — recycle the capital."
2026-07-27T14:10:00Z,buy,ETH-USD,approved,ok,0.030559,1963.40,60.00,436.77,496.77,"ETH at +4.60% is the strongest and only genuinely trending asset on a tape where TSLA -16%, GOOGL -6.35%, AMZN -6.25% and META -5.77% show equities in full risk-off — crypto is where the momentum actually lives."
2026-07-27T14:10:00Z,buy,IWM,approved,ok,0.170172,293.82,50.00,386.77,496.77,"IWM +0.52% is holding green against QQQ -1.56% and SPY -0.05%, making it the cleanest small-cap relative-strength long available with a tight stop under today's flat line."
2026-07-27T14:20:00Z,sell,IWM,approved,ok,-0.170172,293.00,49.86,436.63,496.35,"IWM has faded from +0.52% at entry to +0.24% and is now red on the position — the small-cap relative-strength trade stopped working, so cut it and redeploy."
2026-07-27T14:20:00Z,buy,AAPL,approved,ok,0.177730,337.59,60.00,376.63,496.35,"AAPL at +3.37% is accelerating and is the single strongest equity on a tape where GOOGL -6.34%, META -5.87% and TSLA -16.40% are being liquidated — buy the one name absorbing the rotation."
2026-07-27T14:20:00Z,hold,ETH-USD,approved,hold,,,,376.63,496.35,"ETH is still the strongest asset on the board at +4.11% and the -0.46% mark is noise inside its intraday range, so give the momentum leg room."
2026-07-27T14:30:01Z,sell,ETH-USD,approved,ok,-0.030559,1935.77,59.16,435.79,495.82,"ETH has bled from +4.60% at entry to +3.13% and the position is down -1.41% — the crypto momentum leg is broken, cut it before it retraces further."
2026-07-27T14:30:01Z,buy,AAPL,approved,ok,0.171709,337.78,58.00,377.79,495.82,"AAPL at +3.43% is the only green equity on a violently red tape (TSLA -16.9%, GOOGL -7.3%, META -6.3%) and is still making highs — add to the one working position."
2026-07-27T14:40:00Z,sell,AAPL,approved,ok,-0.349440,337.76,118.03,495.81,495.81,"AAPL is up only +0.02% on the position after two straight adds and the +3.42% daily gain is stalling while the entire tape bleeds (TSLA -17%, GOOGL -7.4%, META -6.7%, QQQ -2.6%) — take the flat exit rather than hold a lone green name into broad-market risk-off."
2026-07-27T14:40:00Z,buy,GOOGL,approved,ok,0.184120,325.88,60.00,435.81,495.81,GOOGL at -7.42% is the deepest large-cap washout on the board outside TSLA and sets up the cleanest mean-reversion snap for a small ~12% of equity bounce trade.
2026-07-27T14:50:00Z,sell,GOOGL,approved,ok,-0.184120,326.78,60.17,495.98,495.98,GOOGL is only +0.28% on the position and still bleeding at -7.16% on the day with no reversal confirmation — take the small win off a knife-catch rather than hold a falling large-cap into further downside.
2026-07-27T14:50:00Z,buy,AAPL,approved,ok,0.177825,337.41,60.00,435.98,495.98,"AAPL at +3.31% is the sole strong green name on a violently red tape (TSLA -17%, META -7%, GOOGL -7%, QQQ -2.45%) and relative strength this extreme is where rotation money parks — buy the leader, not the wreckage."
2026-07-27T15:00:00Z,sell,AAPL,approved,ok,-0.177825,338.19,60.14,496.12,496.12,"Take the +0.23% scalp gain on AAPL — third consecutive AAPL round-trip is grinding out pennies while the tape deteriorates broadly, so bank it and reset to cash."
2026-07-27T15:00:00Z,buy,DIA,approved,ok,0.115057,521.48,60.00,436.12,496.12,"DIA is the only index green (+0.68%) while QQQ -2.12% and mega-cap tech gets destroyed — clear rotation into Dow value names, ride the relative-strength leg."
2026-07-27T15:10:00Z,sell,DIA,approved,ok,-0.115057,521.29,59.98,496.10,496.10,DIA is flat-to-red on the position while the broad tape deteriorates — free the capital rather than sit in a low-beta index scalp with no edge.
2026-07-27T15:10:00Z,buy,AAPL,approved,ok,0.191961,338.61,65.00,431.10,496.10,AAPL at +3.68% is the only large-cap holding a strong uptrend on a violently red tape and it just made a new session high above the 337-338 area I scalped twice today.
2026-07-27T15:10:00Z,buy,ETH-USD,approved,ok,0.028585,1924.09,55.00,376.10,496.10,"ETH at +2.50% is diverging green from both BTC (-0.79%) and equities, giving an uncorrelated momentum leg while stocks bleed."
2026-07-27T15:20:00Z,sell,AAPL,approved,ok,-0.191961,338.89,65.05,441.15,496.40,AAPL is stalling at +0.08% after a +3.77% run while the whole tape bleeds — take the flat exit and free capital rather than hold a crowded safe-haven bid into afternoon fade.
2026-07-27T15:20:00Z,buy,ETH-USD,approved,ok,0.031044,1932.75,60.00,381.15,496.40,"ETH is the strongest live divergence on the board (+2.96% while BTC -0.61% and QQQ -2.30%), the existing position is already green +0.45%, so add to the one thing actually trending up."
2026-07-27T15:30:00Z,sell,ETH-USD,approved,ok,-0.059629,1928.39,114.99,496.14,496.14,ETH has stalled flat at my avg after a two-cycle add and its +2.73% divergence is fading while BTC stays red — take the position off before the crypto bid rolls over with the tape.
2026-07-27T15:30:00Z,buy,AAPL,approved,ok,0.177132,338.73,60.00,436.14,496.14,AAPL at +3.72% is making a new high for the day and is the sole large-cap with real buyers on a violently red tape — re-enter the strongest relative-strength name.
2026-07-27T15:30:00Z,buy,TSLA,approved,ok,0.162148,308.36,50.00,386.14,496.14,TSLA -16.56% is a washed-out capitulation move and the highest-beta snap-back candidate on the board for a fast mean-reversion scalp.
2026-07-27T15:40:00Z,sell,AAPL,approved,ok,-0.177132,337.53,59.79,445.93,495.96,AAPL has faded from +3.72% to +3.35% and is now underwater at my entry while every other large-cap bleeds red — cut the loser fast rather than hold a fading relative-strength trade.
2026-07-27T15:40:00Z,buy,ETH-USD,approved,ok,0.028507,1929.35,55.00,390.93,495.96,"ETH at +2.78% is the only asset on the board with genuine green divergence against BTC -0.86%, QQQ -2.61% and a broadly red tape, and it has kept that divergence for three straight cycles."
2026-07-27T15:50:00Z,sell,TSLA,approved,ok,-0.162148,307.99,49.94,440.87,495.81,"The TSLA capitulation snap-back has not materialized — it is still red at my entry two cycles later while the whole tape sells off, so I cut the loser fast and free up cash."
2026-07-27T15:50:00Z,buy,ETH-USD,approved,ok,0.028536,1927.40,55.00,385.87,495.81,"ETH at +2.68% remains the only genuine green divergence on a board where every equity index and BTC are red, so I add to the sole working momentum leg."
2026-07-27T16:00:00Z,buy,ETH-USD,vetoed,position would exceed 25% of equity,,,,385.87,495.73,"ETH is the only asset holding a green +2.60% against a broadly red tape, so I am adding a third tranche to press the sole working divergence while keeping the position under the 25% cap."
2026-07-27T16:00:00Z,buy,AAPL,approved,ok,0.148337,337.07,50.00,335.87,495.73,"AAPL at +3.21% is the single large-cap still strongly green on a day where every other equity is down 2-16%, making it the cleanest relative-strength long to re-enter after my earlier scratch."
2026-07-27T16:10:00Z,sell,AAPL,approved,ok,-0.148337,337.21,50.02,385.89,495.86,"AAPL is the last green large-cap on a tape where TSLA -16%, META -7%, GOOGL -6.6% and AMZN -7.2% are cratering — I take the tiny +0.04% gain and refuse to hold the final holdout into a broad-market unwind."
2026-07-27T16:10:00Z,buy,ETH-USD,vetoed,position would exceed 25% of equity,,,,385.89,495.86,"ETH at +2.71% is the only asset with true divergence from a collapsing equity board, so I concentrate the freed cash into the one instrument still trending up."
2026-07-27T16:20:00Z,buy,ETH-USD,vetoed,position would exceed 25% of equity,,,,385.89,495.75,"ETH is the only asset holding a solid +2.6% green against a tape where TSLA -16.6%, AMZN -7.5%, META -7.4% and GOOGL -6.8% are collapsing, so I am adding to the sole confirmed relative-strength leader while keeping the position under the 25% equity cap."
2026-07-27T16:30:00Z,buy,ETH-USD,vetoed,position would exceed 25% of equity,,,,385.89,496.27,"ETH is the only asset with sustained divergence — +3.08% and extending against a tape where TSLA -16%, META -7.3%, AMZN -7.3%, GOOGL -6.9%, so I add to the winner while staying under the 25% position cap."
2026-07-27T16:30:00Z,buy,AAPL,approved,ok,0.154101,337.44,52.00,333.89,496.27,AAPL at +3.32% has strengthened since my 16:10 exit and is the last large-cap holding green on a broadly collapsing board — re-entering the relative-strength leader with a small fast clip.
2026-07-27T16:40:00Z,sell,ETH-USD,approved,ok,-0.057043,1940.20,110.67,444.56,496.57,ETH is up +3.36% and extended at the top of its intraday range while the equity tape bleeds — take the +0.61% gain into strength rather than hold a stretched crypto position through risk-off contagion.
2026-07-27T16:40:00Z,buy,TSLA,approved,ok,0.177953,309.07,55.00,389.56,496.57,TSLA at -16.37% is a washed-out capitulation move; a small 11%-of-equity starter targets the mean-reversion snap that typically follows a single-name flush of that size.
2026-07-27T16:50:02Z,sell,TSLA,approved,ok,-0.177953,307.68,54.75,444.32,496.16,TSLA is red on a -16.75% freefall day with no reversal confirmation — cut the knife-catch immediately rather than average into a capitulation that hasn't bottomed.
2026-07-27T16:50:02Z,buy,ETH-USD,approved,ok,0.030921,1940.45,60.00,384.32,496.16,"ETH at +3.37% is the only sustained divergence against a broadly red tape and is extending, so redeploy the TSLA proceeds into the day's strongest relative-strength leader."
2026-07-27T17:00:01Z,buy,ETH-USD,approved,ok,0.020635,1938.50,40.00,344.32,496.14,"ETH is the strongest sustained divergence on the board at +3.27% while equities bleed, so I'm adding a second tranche to bring it to ~20% of equity, still inside the 25% cap."
2026-07-27T17:00:01Z,buy,DIA,approved,ok,0.096152,520.01,50.00,294.32,496.14,DIA at +0.40% is the only green index against QQQ -2.52% and SPY -0.68% — a clean rotation-out-of-tech signal worth a 10% starter.
2026-07-27T17:00:01Z,hold,AAPL,approved,hold,,,,294.32,496.14,AAPL has faded from +3.32% to +3.09% but is still the lone green large-cap; hold the existing 10% and cut it if it loses the +2.5% shelf.
2026-07-27T17:10:00Z,sell,AAPL,approved,ok,-0.154101,336.30,51.82,346.14,495.88,"AAPL has faded from +3.32% to +2.97% while the tape keeps deteriorating — the lone green large-cap is rolling over, so take the small loss and free cash rather than ride a fade."
2026-07-27T17:10:00Z,buy,ETH-USD,vetoed,position would exceed 25% of equity,,,,346.14,495.88,"ETH at +3.10% is the only asset still holding a sustained divergence against a broadly red tape and BTC's mild -0.41%, so add to the strongest relative-strength leg."
2026-07-27T17:20:00Z,sell,ETH-USD,approved,ok,-0.051555,1938.13,99.92,446.06,496.01,ETH's divergence has decayed from +3.37% to +3.25% and the position is underwater at avg 1939.67 while every equity leg bleeds — take the flat exit rather than hold a fading momentum trade.
2026-07-27T17:20:00Z,buy,TSLA,approved,ok,0.195433,307.01,60.00,386.06,496.01,TSLA -16.93% is a violent capitulation outlier far beyond the rest of the tape — sizing a small 12% mean-reversion snap entry with intent to cut fast if it keeps knifing.
2026-07-27T17:20:00Z,hold,DIA,approved,hold,,,,386.06,496.01,"DIA is still the only green index at +0.29% against QQQ -2.68% and SPY -0.79%, so the relative-strength thesis is intact despite the tiny mark-to-market loss."
2026-07-27T17:30:00Z,sell,TSLA,approved,ok,-0.195433,307.41,60.08,446.14,496.09,TSLA is barely green at +0.13% off a -16.8% capitulation entry with no follow-through bounce — take the scratch profit rather than hold a knife into a tape where every megacap is down 3-7%.
2026-07-27T17:30:00Z,sell,DIA,approved,ok,-0.096152,519.48,49.95,496.09,496.09,DIA's relative-strength edge is decaying (+0.30% while the position sits -0.10% underwater) and I'd rather hold cash than a slow-bleed index leg during a broad-market unwind.
2026-07-27T17:30:00Z,buy,AAPL,approved,ok,0.178542,336.06,60.00,436.09,496.09,"AAPL at +2.90% is the only large-cap holding a strong positive divergence against a tape where AMZN, GOOGL, and META are all down ~7% — re-enter the lone leader with ~12% of equity."
2026-07-27T17:40:00Z,buy,AAPL,approved,ok,0.118855,336.55,40.00,396.09,496.18,"AAPL is the only large-cap green on a violently red tape (+3.05% vs QQQ -2.58%, META -7.75%, GOOGL -7.26%) and the existing position is already in profit — add to the winner while the relative-strength divergence is still widening."
2026-07-27T17:40:00Z,buy,ETH-USD,approved,ok,0.025761,1940.92,50.00,346.09,496.18,"ETH +3.40% is diverging hard from equities and even from BTC (-0.11%), a clean crypto-momentum leader uncorrelated to the equity dump."
2026-07-27T17:40:00Z,buy,DIA,approved,ok,0.086568,519.83,45.00,301.09,496.18,"DIA +0.36% is the only green index against QQQ -2.58% and SPY -0.72%, so re-enter the rotation-into-value leg as a defensive momentum hedge for the risk-off tape."
2026-07-27T17:50:00Z,sell,DIA,approved,ok,-0.086568,519.90,45.01,346.09,495.94,"DIA is flat at +0.02% and its relative-strength divergence has stalled while the broad tape keeps bleeding, so free the capital for a cleaner setup."
2026-07-27T17:50:00Z,buy,ETH-USD,approved,ok,0.023207,1939.04,45.00,301.09,495.94,"ETH +3.30% is the strongest momentum leg on the board and is diverging hard from BTC -0.21% and every equity index, so add to the winner."
2026-07-27T17:50:00Z,sell,AAPL,approved,ok,-0.119083,335.90,40.00,341.09,495.94,"AAPL's +2.85% is fading from the +3.05% print I bought into and the position is red, so scale down the size while the divergence decays."
2026-07-27T18:00:00Z,sell,AAPL,approved,ok,-0.178314,335.56,59.84,400.93,496.02,"AAPL has faded from the +3.05% entry to +2.75% and the position is red at -0.20%, so the relative-strength trade has stopped working — cut it and free capital."
2026-07-27T18:00:00Z,buy,ETH-USD,vetoed,position would exceed 25% of equity,,,,400.93,496.02,"ETH is accelerating to +3.45% and diverging from BTC (-0.14%) and a violently red equity tape, the cleanest momentum leg on the board — add to the winner."
2026-07-27T18:00:00Z,buy,DIA,approved,ok,0.105697,520.36,55.00,345.93,496.02,"DIA is back to +0.47% and re-asserting as the only green index against QQQ -2.31% and TSLA -16.54%, a rotation-into-safety bid worth re-entering."
2026-07-27T18:10:03Z,sell,ETH-USD,approved,ok,-0.048968,1940.18,95.01,440.94,495.94,"ETH is up +3.36% but my add sits flat at +0.01% after buying the spike — momentum has stalled at the highs while BTC is red, so I take the position off before the divergence resolves against me."
2026-07-27T18:10:03Z,buy,AAPL,approved,ok,0.178712,335.74,60.00,380.94,495.94,"AAPL at +2.80% is the only large-cap green on a tape where TSLA -16.8%, META -7.9%, GOOGL -7.3% and AMZN -7.1% are being liquidated — that relative-strength bid is where rotation money is hiding."
2026-07-27T18:20:02Z,sell,AAPL,approved,ok,-0.178712,335.61,59.98,440.91,495.89,"AAPL has faded from my +2.80% entry to +2.76% and the position is red again — third failed attempt at this name, cut it and stop paying for the same fade."
2026-07-27T18:20:02Z,sell,DIA,approved,ok,-0.105697,520.10,54.97,495.89,495.89,"DIA slipped from +0.47% entry to +0.42% and is red; with QQQ -2.47%, TSLA -17%, META -8% and GOOGL -7%, the Dow's relative-strength bid is thin cover and I want dry powder for the real dislocation."
2026-07-27T18:20:02Z,buy,ETH-USD,approved,ok,0.031011,1934.81,60.00,435.89,495.89,"ETH is +3.07% while BTC is -0.42% and every equity index is red — that divergence is the only clean momentum on the tape, so take a ~12% starter there."
2026-07-27T18:30:01Z,sell,ETH-USD,approved,ok,-0.031011,1936.91,60.07,495.95,495.95,ETH is up +3.19% but my entry at 1934.81 has gone nowhere in 10 minutes (+0.11%) while it stalls under the 1940 high — take the crumb and free the capital rather than hold a flat crypto position into a red tape.
2026-07-27T18:30:01Z,buy,TSLA,approved,ok,0.195765,306.49,60.00,435.95,495.95,"TSLA at -17.07% is a violent capitulation flush far beyond every other name on the board — sizing a small 12% mean-reversion snap for a bounce off the low, with a fast cut if it makes a new low."
2026-07-27T18:40:00Z,hold,TSLA,approved,hold,,,,435.95,495.79,"TSLA capitulation-bounce entry is only -0.27% after one cycle — the flush thesis needs more than 10 minutes to resolve, while every alternative (AAPL fading from +2.80% to +2.58%, ETH already proven dead money at +0.11% in 10 min) is losing momentum, so I keep the position with a hard cut planned be"
2026-07-27T18:50:00Z,hold,TSLA,approved,hold,,,,435.95,495.84,"TSLA flush-bounce entry improved from -0.27% to -0.19% while the tape stabilized — the capitulation thesis is intact, give it one more cycle with a hard cut if it breaks below -1%."
2026-07-27T18:50:00Z,buy,META,approved,ok,0.083857,596.25,50.00,385.95,495.84,"META at -7.68% is the deepest megacap flush after TSLA with SPY only -0.64%, so I'm probing a small mean-reversion snap while keeping the position under 10% of equity."
2026-07-27T19:00:00Z,hold,TSLA,approved,hold,,,,385.95,496.24,Flush-bounce entry finally turned green (+0.39%) with the tape stabilizing — let the capitulation snap run one more cycle before scaling out.
2026-07-27T19:00:00Z,hold,META,approved,hold,,,,385.95,496.24,META bounce entry is barely positive (+0.11%) and the deep-flush mean-reversion thesis needs another cycle to confirm or die.
2026-07-27T19:00:00Z,buy,AAPL,approved,ok,0.148878,335.85,50.00,335.95,496.24,AAPL at +2.83% is the only strong green equity while QQQ is -2.03% — extreme relative strength on a red tape is the cleanest momentum edge on the board.
2026-07-27T19:10:00Z,buy,GOOGL,approved,ok,0.152816,327.19,50.00,285.95,496.18,"GOOGL at -7.05% matches the META/TSLA deep-flush setup that is already bouncing while SPY is only -0.37%, so I'm taking the fourth slot with a 10%-of-equity mean-reversion entry."
2026-07-27T19:10:00Z,hold,TSLA,approved,hold,,,,285.95,496.18,Flush-bounce entry is green at +0.47% and still working off a -16.68% capitulation day — let it run toward a 1-2% scalp target.
2026-07-27T19:10:00Z,hold,META,approved,hold,,,,285.95,496.18,META bounce entry is flat at -0.04% and the deep-flush thesis is intact; no reason to cut before it resolves.
2026-07-27T19:10:00Z,hold,AAPL,approved,hold,,,,285.95,496.18,AAPL relative-strength long is flat at -0.07% while it remains the only strong green megacap (+2.76%); thesis unchanged.
2026-07-27T19:20:00Z,buy,TSLA,approved,ok,0.146019,308.18,45.00,240.95,496.28,"TSLA capitulation bounce is the only entry showing green momentum (+0.55%) off a -16.61% flush, so I'm pressing the winner while staying under the 25% cap."
2026-07-27T19:20:00Z,hold,META,approved,hold,,,,240.95,496.28,META deep-flush thesis intact and only -0.08%; no signal to cut or add yet.
2026-07-27T19:20:00Z,hold,AAPL,approved,hold,,,,240.95,496.28,"AAPL relative-strength long still holds +2.76% vs QQQ -1.92%; flat P/L, thesis unchanged."
2026-07-27T19:20:00Z,hold,GOOGL,approved,hold,,,,240.95,496.28,GOOGL flush-bounce entry is +0.14% and following the TSLA/META bounce pattern; give it room.
2026-07-27T19:30:00Z,buy,TSLA,approved,ok,0.048649,308.33,15.00,225.95,496.29,"TSLA capitulation bounce is the only position with green momentum (+0.36% on entry) and there is ~$18 of room under the 25% cap, so add small to press the winner."
2026-07-27T19:30:00Z,hold,META,approved,hold,,,,225.95,496.29,META deep-flush bounce is flat at -0.10% with the thesis intact; no reversal signal to cut yet.
2026-07-27T19:30:00Z,hold,AAPL,approved,hold,,,,225.95,496.29,AAPL is the only strong tape today (+2.80% vs QQQ -1.83%); relative-strength long stays on.
2026-07-27T19:30:00Z,hold,GOOGL,approved,hold,,,,225.95,496.29,GOOGL flush-bounce is +0.06% and tracking the same recovery pattern as TSLA; give it room.
2026-07-27T19:40:01Z,buy,AAPL,approved,ok,0.104071,336.31,35.00,190.95,496.10,AAPL is the only green tape (+2.98% vs QQQ -2.04%) — pressing the relative-strength leader from 10% to ~17% of equity while the rest of the book works its bounce.
2026-07-27T19:40:01Z,hold,TSLA,approved,hold,,,,190.95,496.10,"TSLA capitulation bounce is green (+0.13%) but the position sits at ~24% of equity, right at the 25% cap — ride it, no room to add."
2026-07-27T19:40:01Z,hold,META,approved,hold,,,,190.95,496.10,"META deep-flush bounce is -0.29%, inside noise with no reversal signal — thesis intact, cut only if it breaks -1.5%."
2026-07-27T19:40:01Z,hold,GOOGL,approved,hold,,,,190.95,496.10,GOOGL flush-bounce is +0.13% and still tracking the TSLA/META recovery pattern — let it work.
2026-07-27T19:50:00Z,buy,AAPL,approved,ok,0.089164,336.46,30.00,160.95,496.35,AAPL remains the only strong tape (+3.02% vs QQQ -2.02%) — pressing the relative-strength leader while staying under the 25% cap.
2026-07-27T19:50:00Z,sell,META,approved,ok,-0.083857,594.23,49.83,210.78,496.35,META flush-bounce has gone nowhere after three cycles (-0.34%) with no reversal signal — cutting the dead thesis to free a slot.
2026-07-27T19:50:00Z,buy,ETH-USD,approved,ok,0.023112,1947.00,45.00,165.78,496.35,ETH is the clearest momentum on the board (+3.72% on a red day) — rotating the freed slot into the strongest trend.
2026-07-27T19:50:00Z,hold,TSLA,approved,hold,,,,165.78,496.35,"TSLA capitulation bounce still green (+0.35%) and position is at the 24% cap — let the winner work, no room to add."
2026-07-27T19:50:00Z,hold,GOOGL,approved,hold,,,,165.78,496.35,GOOGL bounce is marginally green (+0.08%) and still tracking the recovery pattern — one more cycle before cutting.
2026-07-27T20:10:00Z,buy,ETH-USD,approved,ok,0.015431,1944.19,30.00,135.78,496.61,"ETH is still the strongest tradable tape (+3.57% on a red day) and the only momentum vehicle while equities are closed — adding small on the shallow pullback keeps the position ~16% of equity, under the cap."
2026-07-27T20:20:00Z,hold,none,approved,hold,,,,135.78,496.54,"Only crypto is tradable and ETH's momentum is decelerating three cycles straight (3.72% -> 3.57% -> 3.47%) with my last two adds underwater, while BTC is flat-to-red and would be a fifth position — no fresh edge, so I stand pat and will re-add ETH only if it reclaims $1947."
2026-07-27T22:00:00Z,sell,ETH-USD,approved,ok,-0.038543,1940.00,74.77,210.56,496.45,"ETH momentum has decelerated four cycles straight (+3.72% → +3.35%) and the position just went red below my blended entry — the rotation thesis is broken, so cut it fast and keep powder for a re-entry if crypto reignites, since stocks are closed and BTC (-0.43%) offers no edge."
2026-07-27T22:10:01Z,hold,none,approved,hold,,,,210.56,496.45,"Only crypto is tradable and ETH continues fading below my 1940 exit (now 1935.84, fifth cycle of deceleration) while BTC is flat-red, so re-entering either would be chasing with zero edge."
2026-07-27T22:20:00Z,hold,none,approved,hold,,,,210.56,496.45,"Only crypto is tradable; ETH remains below my 1940 re-entry trigger after four cycles of decelerating momentum and BTC is red, so there is no edge until ETH reclaims 1940 or BTC turns green."
2026-07-27T22:30:00Z,hold,none,approved,hold,,,,210.56,496.45,"Only crypto is tradable; ETH has faded a fifth straight cycle (+2.70%, $1927.84) and remains below my $1940 re-entry trigger while BTC is red and flat, so there is zero momentum edge to buy into this cycle."
2026-07-27T22:40:01Z,hold,none,approved,hold,,,,210.56,496.45,"Only crypto is tradable and ETH has now faded a sixth straight cycle (+2.52%, $1924.40) well below my $1940 re-entry trigger while BTC is flat-red at -0.90% — no momentum, no snap, zero edge to buy a decaying tape."
2026-07-27T22:50:03Z,hold,none,approved,hold,,,,210.56,496.45,"Only crypto is tradable and both legs point down — ETH has faded seven straight cycles (+1.60%, $1907, well below my $1940 exit) with no reversal candle yet and BTC is -1.51%, so I wait for ETH to print a higher cycle-over-cycle low or reclaim ~$1925 before re-entering rather than catching a falling"
2026-07-27T23:00:02Z,hold,none,approved,hold,,,,210.56,496.45,"Only crypto is tradable and both legs are still in confirmed downtrends — ETH has broken down from $1927 to $1892 (+0.79% on the day, an eighth straight fade) and BTC is -2.02%, so buying here is catching a falling knife; I want ETH to print its first higher cycle (reclaim ~$1905) or BTC to flip pos"
2026-07-27T23:10:00Z,hold,none,approved,hold,,,,210.56,496.45,"Only crypto is tradable and both legs are still falling — ETH broke down further to $1882 (well below my 1940 re-entry trigger) and BTC is -2.21% with no reversal candle, so a cash-only long here is catching a knife with zero edge."
2026-07-27T23:20:00Z,hold,none,approved,hold,,,,210.56,496.45,"Only crypto is tradable and both legs are still knifing lower — ETH broke down again to $1892.91 from $1927 last cycle with no reversal print, and cash-only rules give me no way to play downside momentum, so buying here is catching a falling knife, not edge."
2026-07-27T23:30:00Z,hold,none,approved,hold,,,,210.56,496.45,"Only crypto is tradable and both legs are still in freefall — ETH has faded from +2.70% to +0.77% ($1891.60) with no stabilization candle and BTC is -1.88%, so long-only entries here are knife-catching, not edge."
2026-07-27T23:40:00Z,buy,ETH-USD,approved,ok,0.026472,1888.80,50.00,160.56,496.45,"ETH has flipped green (+0.62%) after seven straight fading cycles — buying the mean-reversion snap with a small 10%-of-equity probe, cutting fast if it loses $1880."
2026-07-27T23:50:01Z,hold,none,approved,hold,,,,160.56,496.37,"Equities are closed, BTC is still in a confirmed downtrend, and my fresh ETH long is only -0.17% off entry with the bounce thesis intact — no stop triggered and no new edge to add, so I let the position work."
2026-07-28T00:00:00Z,buy,ETH-USD,approved,ok,0.023796,1891.11,45.00,115.56,496.51,"ETH long from 1888.80 is confirming — still green (+1.66% day) and holding above entry while BTC stays red, so I'm pressing the winner with a small add that keeps the position under the 25% cap."
2026-07-28T00:10:00Z,sell,ETH-USD,approved,ok,-0.050267,1886.40,94.82,210.38,496.28,"ETH has slipped back below both of my entries (1888.80/1891.11) with BTC still red confirming no crypto bid — the breakout-continuation thesis is invalidated, so I cut the scalp flat for a tiny loss rather than let it bleed."
2026-07-28T00:20:00Z,hold,none,approved,hold,,,,210.38,496.28,"ETH at 1887.79 is chopping in the dead zone between my 1886.40 exit and 1888.80/1891.11 prior entries with BTC still red — re-entering mid-chop one cycle after being stopped out is churn, so I wait for a clean reclaim above 1891 before buying back."
2026-07-28T00:30:00Z,hold,none,approved,hold,,,,210.38,496.28,"ETH broke down through 1881 after my 1886.40 exit confirming the fade, BTC remains red, and with equities closed there is no long-side edge to buy into a falling tape."
2026-07-28T00:40:00Z,buy,ETH-USD,approved,ok,0.021220,1885.01,40.00,170.38,496.28,"ETH snapped back from the sub-1881 breakdown to 1885 — buying a small starter on the reclaim, cutting fast if it loses 1881 again."
2026-07-28T00:50:00Z,sell,ETH-USD,approved,ok,-0.021220,1879.29,39.88,210.26,496.15,"The 1885 snap-back starter has failed — ETH is back below the 1881 breakdown level at 1879 with BTC still red, so I'm cutting the loser fast and will re-enter only on a reclaim of 1885+."
2026-07-28T01:00:00Z,hold,none,approved,hold,,,,210.26,496.15,"ETH is still bleeding lower (1885 -> 1879 -> 1877) below the broken 1881 level with BTC red at -1.06%, two mean-reversion longs just got stopped, and every equity is closed this cycle — no long-side edge exists, so I wait for ETH to reclaim 1881 or flush to a capitulation low before re-entering."
2026-07-28T01:10:00Z,hold,none,approved,hold,,,,210.26,496.15,"ETH keeps bleeding lower (1885->1879->1877->1872) with no reversal print after my failed 1885 knife-catch, BTC is also red, and equities are closed — no long-side edge exists this cycle so I stay flat in crypto and wait for a basing candle before re-entering."
2026-07-28T01:20:00Z,hold,none,approved,hold,,,,210.26,496.15,"ETH is still knifing lower (1885->1879->1877->1872->1870) with zero reversal print and my one snap-back attempt already failed at this exact setup, while BTC is down and drifting — no shorting allowed means no edge until ETH reclaims 1877 or prints a clear higher low, at which point I re-enter small"
2026-07-28T01:30:00Z,buy,ETH-USD,approved,ok,0.026638,1877.00,50.00,160.26,496.15,"ETH finally printed its first reversal after the 1870 low (1870 -> 1877), reclaiming the broken 1881-adjacent zone's approach — small starter on the snap-back with a fast cut if 1870 breaks."
2026-07-28T01:40:00Z,hold,ETH-USD,approved,hold,,,,160.26,496.15,"The 1870->1877 reversal entry is intact but unconfirmed (1876.74, flat vs entry) — holding above the 1872 higher-low; I add on a push through 1881 reclaim or cut fast on a break back under 1870, and BTC's -1.38% drift offers no independent long setup this cycle."
2026-07-28T01:50:00Z,hold,ETH-USD,approved,hold,,,,160.26,496.15,"ETH reversal entry from 1870 is still intact but stalled at 1876.81 (flat vs 1877 entry, above the 1870 low) — no new momentum print yet, BTC is bleeding -1.36% with no reversal signal, and stocks are closed, so I hold the ETH runner and exit fast if it loses 1872."
2026-07-28T02:00:00Z,sell,ETH-USD,approved,ok,-0.026638,1873.80,49.91,210.17,496.07,"The 1870->1877 reversal stalled for three cycles and has now rolled over to 1873.80 back toward the low, so I'm cutting the failed bounce for a tiny loss and will re-enter only on a confirmed reclaim above 1877; BTC is still knifing lower with no reversal print so no fresh entry this cycle."
2026-07-28T02:10:02Z,hold,none,approved,hold,,,,210.17,496.07,"Only crypto is tradable and ETH sits at 1875.51 — inside the exact 1873-1877 chop that just stopped out the last reversal trade — so I'm standing down until ETH reclaims 1877 with follow-through or flushes below 1870 for a fresh snap entry, rather than re-buying the same failed range 1.7 points abov"
2026-07-28T02:20:00Z,buy,ETH-USD,approved,ok,0.023972,1877.17,45.00,165.17,496.07,"ETH has climbed back to 1877.17 and is pressing the top of the 1873-1877 chop that capped it for four cycles — small breakout probe here, cut immediately if it slips back under 1875 into the range."
2026-07-28T02:30:00Z,hold,ETH-USD,approved,hold,,,,165.17,496.04,"ETH entry at 1877.17 was a breakout attempt over the 1873-1877 chop ceiling and price at 1876.06 is only -0.06% against it — the breakout is unconfirmed but not invalidated, so I give it one more cycle with 1873.8 (the prior rollover level) as the hard exit, while BTC at 63166 (-1.45%, no reversal p"
2026-07-28T02:40:00Z,sell,ETH-USD,approved,ok,-0.023972,1874.78,44.94,210.12,496.01,"The 1877 breakout attempt failed and price has slipped back to 1874.78 inside the 1873-1877 chop, invalidating the entry thesis, so I'm cutting fast and will re-enter only on a clean reclaim of 1877."
2026-07-28T11:49:52Z,hold,none,approved,hold,,,,210.12,496.01,"ETH at 1874.86 is dead-center of the 1873-1877 chop that already produced two losing round-trips tonight, and BTC at 63435 shows no impulse either — re-entering the same range without a break of 1877 or 1870 is donating spread, so I wait for a range break to trade."
2026-07-28T11:50:01Z,hold,none,approved,hold,,,,210.12,496.01,"ETH sits at 1874.86, dead center of the 1873-1877 chop that already produced two failed round trips tonight, and BTC at 63438 shows no fresh momentum — no edge until ETH closes outside 1873/1877, so I keep powder dry rather than donate a third spread to the range."
2026-07-28T12:00:00Z,hold,none,approved,hold,,,,210.12,496.01,"ETH at 1874.82 remains dead-center of the 1873-1877 chop that already stopped out one breakout attempt, and BTC at 63393 shows no fresh momentum signal — no edge in either tradable symbol this cycle, so I preserve cash for a real break of 1877 or 1873."
2026-07-28T12:10:00Z,hold,none,approved,hold,,,,210.12,496.01,"Only crypto is tradable and ETH at 1874.86 is still dead-center of the 1873-1877 chop that already stopped us out twice, while BTC at 63408 shows no fresh momentum signal — no genuine edge this cycle, equities stay parked until the open."
2026-07-28T12:20:00Z,hold,none,approved,hold,,,,210.12,496.01,"Only crypto is tradable and ETH at 1876.08 is back at the top of the same 1873-1877 chop that already stopped out one failed breakout at 1877 — buying the ceiling again with no confirmed break, and BTC drifting -1.13% with no snap setup, is zero-edge churn."
2026-07-28T12:30:00Z,buy,ETH-USD,approved,ok,0.026636,1877.18,50.00,160.12,496.01,"ETH is pressing the 1877 range top for a third time at 1877.18 after two failed attempts, and repeated tests of resistance tend to break, so I'm taking a small 10%-of-equity breakout entry that I will cut fast if price falls back under 1875."
2026-07-28T12:40:00Z,hold,none,approved,hold,,,,160.12,496.05,"Last cycle's ETH breakout entry at 1877.18 is working but only marginally (1878.70, +0.08%) — the position already expresses the breakout thesis, adding here just raises basis into a move that hasn't confirmed with range expansion yet; exit fast if it slips back under 1877."
2026-07-28T12:50:00Z,sell,ETH-USD,approved,ok,-0.013239,1888.43,25.00,185.12,496.31,ETH breakout entry at 1877.18 has extended to 1888.43 (+0.6%) — banking half into the thrust while letting the rest ride the momentum leg.
2026-07-28T13:00:00Z,buy,ETH-USD,approved,ok,0.023797,1891.00,45.00,140.12,496.35,"ETH breakout from the 1877 range top keeps extending (now 1891, +1.66% day) after banking half at 1888.43, so re-adding ~9% of equity to ride continuation with the runner while staying well under the 25% cap."
2026-07-28T13:10:00Z,hold,none,approved,hold,,,,140.12,496.32,"ETH is consolidating flat at 1890.29 one tick after my 1891 add with the 1877 breakout structure fully intact — no reversal signal to sell into and no fresh extension to chase, while BTC at -1.03% offers no long edge, so I let the working position breathe one cycle."
2026-07-28T13:20:00Z,hold,none,approved,hold,,,,140.12,496.33,"ETH is flagging flat at 1890.49 for a second cycle after my 1891 add — the 1877 breakout structure is intact so I stay long the existing ~14% position, but adding into a stall is no edge; I add on a push through 1895 or cut below 1884, and BTC at -1.09% offers nothing."
2026-07-28T13:30:00Z,sell,ETH-USD,approved,ok,-0.037194,1882.02,70.00,210.12,495.78,"ETH's 1877 breakout has failed follow-through — price rejected below my 1891 add and faded to 1882 after two flat flag cycles, so I'm cutting the whole position before the range top gives way."
2026-07-28T13:30:00Z,buy,DIA,approved,ok,0.114088,525.91,60.00,150.12,495.78,"DIA is the only green index (+0.84%) on a deeply red tape (QQQ -4.64%), and with the freed ETH slot I'm scalping that defensive rotation with a 12%-of-equity relative-strength entry."
2026-07-28T13:40:00Z,sell,TSLA,approved,ok,-0.390433,303.54,118.51,268.63,494.37,"TSLA is down 19.9% on the day with zero bounce structure — holding a crash name for a scalp account is dead risk, cut it and free the slot."
2026-07-28T13:40:00Z,sell,GOOGL,approved,ok,-0.152816,327.18,50.00,318.63,494.37,"GOOGL is flat P/L but bleeding -5.75% on the day with momentum firmly down — dead money, exit before it catches down to the tape."
2026-07-28T13:40:00Z,buy,DIA,approved,ok,0.104857,524.52,55.00,263.63,494.37,DIA remains the only green index (+0.58%) on a deeply red tape — adding to the proven relative-strength leader while QQQ/SPY stay heavy.
2026-07-28T13:40:00Z,buy,NVDA,approved,ok,0.256937,194.60,50.00,213.63,494.37,"NVDA -6.12% is stretched to the downside on an index-driven flush — small 10% mean-reversion snap attempt, cut fast next cycle if 194.60 doesn't hold."
2026-07-28T13:50:02Z,buy,QQQ,approved,ok,0.074438,671.70,50.00,163.63,494.08,QQQ -5.26% is an index-level flush stretched well below intraday norms — taking a small 10% mean-reversion snap position while my AAPL relative-strength (+3.11%) and DIA green-index holds stay on.
2026-07-28T13:50:02Z,hold,NVDA,approved,hold,,,,163.63,494.08,NVDA bounce entry is only -0.28% and one cycle old — giving the mean-reversion one more cycle before cutting.
2026-07-28T14:00:01Z,sell,NVDA,approved,ok,-0.256937,193.71,49.77,213.40,493.65,NVDA has made a new session low since the bounce entry two cycles ago with zero reversion follow-through — cutting the failed bounce for a -0.5% scratch before it becomes a real loser.
2026-07-28T14:00:01Z,buy,AAPL,approved,ok,0.020732,337.64,7.00,206.40,493.65,AAPL is the only strong momentum name on the tape at +3.0% against a -1.6% SPY — topping the position up to the 25% cap to press the day's clear leader.
2026-07-28T14:00:01Z,hold,QQQ,approved,hold,,,,206.40,493.65,"QQQ flush-bounce entry is only one cycle old and down 0.4% — giving the index mean-reversion one more cycle, exiting if it breaks below 665."
2026-07-28T14:10:00Z,sell,QQQ,approved,ok,-0.074438,669.73,49.85,256.25,493.40,QQQ flush-bounce thesis is dead after two cycles with no bounce and the index still -5.5% — cutting the loser before it bleeds further.
2026-07-28T14:10:00Z,buy,ETH-USD,approved,ok,0.026691,1873.32,50.00,206.25,493.40,ETH +0.71% is the only green risk asset on a deeply red tape and BTC is down — clean relative-strength divergence worth a 10% starter while AAPL and DIA are already pinned at the 25% cap.
2026-07-28T14:20:00Z,buy,TSLA,approved,ok,0.149321,301.37,45.00,161.25,493.54,TSLA -20.5% is a capitulation-scale flush and the best mean-reversion snap candidate on the tape — small 9%-of-equity bounce scalp with a fast cut if it makes new lows.
2026-07-28T14:20:00Z,hold,ETH-USD,approved,hold,,,,161.25,493.54,"ETH entry is one cycle old and only -0.35% while still the relative-strength asset on a red tape — thesis intact, giving it another cycle."
2026-07-28T14:20:00Z,hold,AAPL,approved,hold,,,,161.25,493.54,"AAPL remains the strongest momentum name at +2.9% vs -1.6% SPY but the position sits at the 25% cap, so I ride it rather than add."
2026-07-28T14:30:00Z,sell,DIA,approved,ok,-0.218945,525.54,115.06,276.32,494.19,DIA is a low-beta drag with no scalp edge at +0.06% — freeing the slot and cash for the working momentum trades.
2026-07-28T14:30:00Z,buy,TSLA,approved,ok,0.181710,302.68,55.00,221.32,494.19,"TSLA capitulation bounce is confirming (+0.44% off the -20% flush low), so I'm scaling the winner while staying under the 25% cap."
2026-07-28T14:30:00Z,buy,ETH-USD,approved,ok,0.021336,1874.75,40.00,181.32,494.19,ETH remains the only green risk asset (+0.78%) on a deeply red tape with BTC down — adding to relative strength.
2026-07-28T14:30:00Z,hold,AAPL,approved,hold,,,,181.32,494.19,"AAPL is the strongest name on the board (+3.13% vs SPY -1.41%) but the position is already at the 25% cap, so I ride it."
2026-07-28T14:40:00Z,sell,TSLA,approved,ok,-0.331031,301.93,99.95,281.27,493.92,"The capitulation-bounce thesis stalled — price is back below my 302.68 add on a -20% tape, so I cut the failed bounce fast rather than ride a broken knife."
2026-07-28T14:40:00Z,buy,ETH-USD,approved,ok,0.015970,1878.49,30.00,251.27,493.92,"ETH is still the only green risk asset (+0.98%) against a deeply red board, so I top up the relative-strength leader to just under the 25% position cap."
2026-07-28T14:40:00Z,buy,META,approved,ok,0.076209,590.48,45.00,206.27,493.92,"META at -8.28% is the most stretched large-cap on the tape, so I take a small 9%-of-equity mean-reversion starter with a fast exit if the flush continues."
2026-07-28T14:40:00Z,hold,AAPL,approved,hold,,,,206.27,493.92,AAPL remains the strongest momentum name (+2.96% vs SPY -1.44%) but the position sits at the 25% cap so I let the winner run untouched.
2026-07-28T14:50:00Z,buy,AMZN,approved,ok,0.196425,229.09,45.00,161.27,494.95,"AMZN at -7.46% is the second-most stretched mega-cap on a capitulation tape, so I open a small 9%-of-equity mean-reversion snap as my fourth slot while META's identical setup is already working."
2026-07-28T14:50:00Z,buy,META,approved,ok,0.059062,592.60,35.00,126.27,494.95,"The META bounce off -8% is confirming (+0.36% on my entry), so I press the working mean-reversion trade from 9% toward 16% of equity while keeping it well under the cap."
2026-07-28T14:50:00Z,hold,AAPL,approved,hold,,,,126.27,494.95,"AAPL is still the strongest name on the board (+3.16% vs SPY -1.19%) but the position sits at the 25% cap, so I let the winner run."
2026-07-28T14:50:00Z,hold,ETH-USD,approved,hold,,,,126.27,494.95,"ETH remains the only green risk asset (+1.52%) and my position is at the 25% cap with the trend intact, so no add and no reason to cut."
2026-07-28T15:00:00Z,buy,AMZN,approved,ok,0.196395,229.13,45.00,81.27,494.03,"AMZN is holding my $229.09 entry at -7.44% on the day while the tape stabilizes, so I add a second tranche to the capitulation-bounce trade with room under the 25% cap."
2026-07-28T15:00:00Z,hold,META,approved,hold,,,,81.27,494.03,"META has stalled at -8.44% and my blended entry is only -0.32%, so I give the bounce one more cycle but will cut on a break below $585 rather than average down a third time."
2026-07-28T15:00:00Z,hold,AAPL,approved,hold,,,,81.27,494.03,"AAPL is still the strongest name on the board (+2.83% vs SPY -1.29%) and the position sits at the 25% cap, so there is nothing to do but let the winner run."
2026-07-28T15:00:00Z,hold,ETH-USD,approved,hold,,,,81.27,494.03,"ETH remains the only green risk asset (+1.42%) and the position is already at the cap, so I hold the trend."
2026-07-28T15:10:03Z,sell,META,approved,ok,-0.135271,588.70,79.63,160.90,494.87,"META broke to new session lows (-8.56% from -8.44%), the bounce thesis failed, so I cut the loser and free the position slot."
2026-07-28T15:10:03Z,buy,NVDA,approved,ok,0.305157,196.62,60.00,100.90,494.87,"NVDA at -5.15% is stretched versus SPY -1.20% and sitting near round-number support at $196, so I take a small 12%-of-equity mean-reversion scalp with a fast cut if it loses $195."
2026-07-28T15:10:03Z,hold,AAPL,approved,hold,,,,100.90,494.87,AAPL is still the strongest tape on the board (+3.41% vs SPY -1.20%) and the position is already at the 25% cap.
2026-07-28T15:10:03Z,hold,ETH-USD,approved,hold,,,,100.90,494.87,"ETH remains the only green risk asset (+1.56%) and the position is effectively at the 25% cap, so I let the winner run."
2026-07-28T15:10:03Z,hold,AMZN,approved,hold,,,,100.90,494.87,AMZN is holding above my $229.11 blend while the tape stabilizes; no add with the position slot budget committed to the NVDA scalp.
2026-07-28T15:20:02Z,sell,AAPL,approved,ok,-0.132622,339.31,45.00,145.90,495.51,"AAPL is +3.5% and stretched against a broadly risk-off tape (QQQ -4.7%), so I lock a third of the position into strength while keeping core exposure at ~16% of equity."
2026-07-28T15:20:02Z,buy,NVDA,approved,ok,0.253402,197.31,50.00,95.90,495.51,"NVDA bounce off the $196 round-number entry is working (+0.35% since fill) while still -4.8% on the day versus SPY -1.0%, so I press the mean-reversion snap to ~22% of equity, still under the cap."
2026-07-28T15:20:02Z,hold,ETH-USD,approved,hold,,,,95.90,495.51,"ETH is the only green risk asset (+1.46%) and the position sits at the 25% cap, so I let the winner run with no room to add."
2026-07-28T15:20:02Z,hold,AMZN,approved,hold,,,,95.90,495.51,AMZN is holding above my $229.11 blend and stabilizing after the gap down; no edge to add or cut at this price.
2026-07-28T15:30:00Z,sell,NVDA,approved,ok,-0.254155,196.73,50.00,145.90,496.63,"The 197.31 bounce add has gone negative with NVDA still -5% on the day, so I cut the failed tranche back to core and keep powder dry."
2026-07-28T15:30:00Z,buy,AMZN,approved,ok,0.130271,230.29,30.00,115.90,496.63,"AMZN keeps holding above my 229.11 blend after a -7% gap while SPY stabilizes, so I add a small mean-reversion tranche staying under the 25% cap."
2026-07-28T15:30:00Z,hold,AAPL,approved,hold,,,,115.90,496.63,"AAPL is the strongest relative-strength name on the tape (+3.5% vs QQQ -4.6%) and I already banked half at 339.31, so the remainder rides."
2026-07-28T15:30:00Z,hold,ETH-USD,approved,hold,,,,115.90,496.63,"ETH is still the leading green risk asset (+2.7%) but the position sits at the 25% cap, so no add is possible."
2026-07-28T15:40:01Z,sell,NVDA,approved,ok,-0.304404,197.32,60.06,175.96,497.15,"NVDA is still -4.8% on the day with a dead-cat bounce and the weakest momentum on my book, so I exit fully to free cash and a position slot."
2026-07-28T15:40:01Z,buy,AAPL,approved,ok,0.117848,339.42,40.00,135.96,497.15,"AAPL is the clear relative-strength leader (+3.6% vs QQQ -4.4%), so I add to the winner while staying under the 25% cap."
2026-07-28T15:40:01Z,hold,ETH-USD,approved,hold,,,,135.96,497.15,"ETH remains the leading green risk asset (+2.8%) but the position already sits at the 25% cap, so I let it run."
2026-07-28T15:40:01Z,hold,AMZN,approved,hold,,,,135.96,497.15,"AMZN keeps holding above my $229.41 blend after the gap down and is near the cap, so I hold for the mean-reversion snap."
2026-07-28T15:50:00Z,sell,AMZN,approved,ok,-0.260146,230.64,60.00,195.96,497.28,"AMZN is -6.8% on the day and the weakest holding on a risk-off tape, so I scale out half while the position is still marginally green to free risk for stronger momentum."
2026-07-28T15:50:00Z,buy,DIA,approved,ok,0.123106,528.00,65.00,130.96,497.28,"DIA is the only green index (+1.24% vs SPY -0.8%, QQQ -4.3%), a clear rotation into Dow strength, so I open a ~13%-of-equity momentum position as my 4th slot."
2026-07-28T15:50:00Z,hold,AAPL,approved,hold,,,,130.96,497.28,"AAPL remains the strongest relative-strength name (+3.5% vs QQQ -4.3%) but the position sits at the 25% cap, so I let it run."
2026-07-28T15:50:00Z,hold,ETH-USD,approved,hold,,,,130.96,497.28,"ETH is still a leading green risk asset (+2.9%) and at the position cap, so I hold the runner."
2026-07-28T16:00:00Z,sell,AMZN,approved,ok,-0.262945,231.25,60.81,191.77,497.72,"AMZN is the weakest holding (-6.6% day) on a risk-off tape, so I exit the remainder green (+0.8%) to free a slot and cut exposure to the laggard."
2026-07-28T16:00:00Z,buy,DIA,approved,ok,0.104154,528.07,55.00,136.77,497.72,"DIA is the only green index (+1.26% vs SPY -0.8%, QQQ -4.3%) and the clear rotation winner, so I add to the momentum leader while staying under the 25% position cap."
2026-07-28T16:00:00Z,hold,AAPL,approved,hold,,,,136.77,497.72,"AAPL remains the top relative-strength megacap (+3.6% vs QQQ -4.3%) and sits near the position cap, so I let the winner run."
2026-07-28T16:00:00Z,hold,ETH-USD,approved,hold,,,,136.77,497.72,"ETH is still a leading green risk asset (+3.1%) at the position cap with the trade +2.3%, so I hold the trend rather than trim early."
2026-07-28T16:10:00Z,buy,TSLA,approved,ok,0.178944,307.36,55.00,81.77,497.61,TSLA -18.9% is a capitulation-level flush; taking a small 11%-of-equity mean-reversion bounce scalp with a fast cut if it makes new lows.
2026-07-28T16:10:00Z,hold,AAPL,approved,hold,,,,81.77,497.61,"AAPL is still the top relative-strength megacap (+3.7% vs QQQ -4.4%) and sits just under the 25% cap, so I let the winner run."
2026-07-28T16:10:00Z,hold,ETH-USD,approved,hold,,,,81.77,497.61,ETH remains a leading green risk asset (+2.9%) at the position cap with the trend intact.
2026-07-28T16:10:00Z,hold,DIA,approved,hold,,,,81.77,497.61,"DIA is the rotation winner on a risk-off tape (+1.2% vs SPY -0.9%); thesis unchanged, cut only if it goes red on the day."
2026-07-28T16:20:00Z,sell,ETH-USD,approved,ok,-0.023431,1920.52,45.00,126.77,497.83,"ETH is +2.4% on the position and pressed against the 25% cap, so I'm scaling out a third to bank the fast gain while keeping trend exposure."
2026-07-28T16:20:00Z,buy,TSLA,approved,ok,0.162874,306.99,50.00,76.77,497.83,TSLA is basing at $307 after the -19% capitulation flush; adding to the mean-reversion starter while it holds the low keeps the position ~21% of equity with room under the cap.
2026-07-28T16:20:00Z,hold,AAPL,approved,hold,,,,76.77,497.83,"AAPL remains the strongest megacap on the tape (+3.6% vs QQQ -4.3%) and sits just under the position cap, so the winner rides."
2026-07-28T16:20:00Z,hold,DIA,approved,hold,,,,76.77,497.83,DIA is still the risk-off rotation winner (+1.2% vs SPY -0.9%) and the position is flat; thesis intact.
2026-07-28T16:30:00Z,buy,ETH-USD,approved,ok,0.023484,1916.20,45.00,31.77,497.52,"ETH is the strongest risk asset on the tape (+3.0% while QQQ bleeds -4.5%), so I'm re-adding the scaled-out portion up to just under the 25% cap to ride the momentum leader."
2026-07-28T16:30:00Z,hold,AAPL,approved,hold,,,,31.77,497.52,AAPL remains the standout megacap (+3.7% vs SPY -0.95%) at 23.8% of equity just under the cap; let the winner run.
2026-07-28T16:30:00Z,hold,DIA,approved,hold,,,,31.77,497.52,DIA is still the risk-off rotation winner (+1.2%) sitting at the position cap; no reason to touch it.
2026-07-28T16:30:00Z,hold,TSLA,approved,hold,,,,31.77,497.52,TSLA is holding its $306-307 base after the -19% flush and the mean-reversion thesis is intact; cut fast only if it loses $305.
2026-07-28T16:40:00Z,sell,ETH-USD,approved,ok,-0.020864,1917.20,40.00,71.77,498.08,"Scaling out a third of the ETH runner at +1.4% to bank the scalp while it's still the strongest asset on the tape, freeing dry powder in a cash-starved book."
2026-07-28T16:40:00Z,buy,TSLA,approved,ok,0.058499,307.70,18.00,53.77,498.08,"TSLA is basing at $306-307 after the -19% flush and holding higher lows, so I'm adding the small room left under the 25% cap to press the mean-reversion snap."
2026-07-28T16:40:00Z,hold,AAPL,approved,hold,,,,53.77,498.08,"AAPL is still the strongest megacap (+3.8% vs QQQ -4.4%) and sits at the position cap with the trend intact, so I let the winner run."
2026-07-28T16:40:00Z,hold,DIA,approved,hold,,,,53.77,498.08,"DIA remains the risk-off rotation winner (+1.2% vs SPY -0.9%) at the cap with no reversal signal, so no action."
2026-07-28T16:50:00Z,buy,ETH-USD,approved,ok,0.018228,1920.11,35.00,18.77,497.71,"ETH reclaimed $1920 above my $1917.20 scale-out and is still the strongest crypto momentum on the board (+3.2%), so I'm redeploying idle cash into the runner while staying under the 25% cap."
2026-07-28T16:50:00Z,hold,AAPL,approved,hold,,,,18.77,497.71,"AAPL remains the strongest megacap (+3.5% vs QQQ -4.4%) and sits at the position cap with the trade working, so I let it run."
2026-07-28T16:50:00Z,hold,DIA,approved,hold,,,,18.77,497.71,DIA is still the risk-off rotation winner (+1.2% vs SPY -0.9%) at the cap and there's no reversal signal to sell into.
2026-07-28T16:50:00Z,hold,TSLA,approved,hold,,,,18.77,497.71,"TSLA is holding the $306-307 base with higher lows after the -19% flush, so the mean-reversion thesis stays on with a cut planned if $306 breaks."
2026-07-28T17:00:00Z,sell,TSLA,approved,ok,-0.146284,307.62,45.00,63.77,498.37,"TSLA's bounce off the -19% flush has stalled under $308, so I'm scaling a third out near flat to de-risk the dead-cat scenario and rebuild cash for the next setup."
2026-07-28T17:00:00Z,hold,AAPL,approved,hold,,,,63.77,498.37,"AAPL is still the strongest megacap on the tape (+3.7% vs QQQ -4.3%) and sits at the position cap, so I let the winner run."
2026-07-28T17:00:00Z,hold,ETH-USD,approved,hold,,,,63.77,498.37,"ETH is holding above the $1920 reclaim with the best relative strength in crypto (+3.4% vs BTC -0.2%), so the momentum leg stays on."
2026-07-28T17:00:00Z,hold,DIA,approved,hold,,,,63.77,498.37,DIA remains the risk-off rotation winner (+1.3% vs SPY -0.8%) at the cap and the rotation is still intact.
2026-07-28T17:10:00Z,sell,TSLA,approved,ok,-0.254033,307.61,78.14,141.91,498.14,"TSLA's bounce off the -19% flush has now stalled under $308 for three cycles with fading momentum, so I'm cutting the remaining runner flat to free the slot and cash."
2026-07-28T17:10:00Z,buy,META,approved,ok,0.118084,592.80,70.00,71.91,498.14,"META at -7.9% is the most oversold megacap on the tape and ripe for a mean-reversion snap, so I'm entering a small 14%-of-equity scalp with a fast cut if it makes new lows."
2026-07-28T17:10:00Z,hold,AAPL,approved,hold,,,,71.91,498.14,"AAPL remains the strongest megacap (+3.7% vs QQQ -4.4%) and sits at the 25% cap, so I let the winner run."
2026-07-28T17:10:00Z,hold,ETH-USD,approved,hold,,,,71.91,498.14,"ETH is holding the $1920 reclaim with best-in-crypto relative strength and is at the cap, so no change."
2026-07-28T17:10:00Z,hold,DIA,approved,hold,,,,71.91,498.14,"DIA is still the risk-off rotation winner (+1.3% vs SPY -0.8%) at the cap, so I keep the hedge on."
2026-07-28T17:20:00Z,buy,META,approved,ok,0.075976,592.29,45.00,26.91,497.90,"META is stabilizing at -8% while the rest of tech still bleeds, so I'm adding to the mean-reversion scalp while it holds the $592 level, keeping the position just under the 25% cap."
2026-07-28T17:20:00Z,hold,AAPL,approved,hold,,,,26.91,497.90,"AAPL is still the strongest megacap on the tape (+3.6% vs QQQ -4.4%) and sits at the position cap, so I let the winner run."
2026-07-28T17:20:00Z,hold,ETH-USD,approved,hold,,,,26.91,497.90,"ETH keeps best-in-crypto relative strength above the $1900 reclaim and is at the cap, so no change."
2026-07-28T17:20:00Z,hold,DIA,approved,hold,,,,26.91,497.90,DIA remains the risk-off rotation winner (+1.3% vs SPY -0.8%) at the cap and shows no reversal signal.
2026-07-28T17:30:00Z,sell,DIA,approved,ok,-0.227260,528.19,120.04,146.95,497.90,"DIA has gone flat (+0.03% P/L) and low-volatility risk-off offers the least scalp edge on the book, so I'm freeing the slot and cash."
2026-07-28T17:30:00Z,buy,TSLA,approved,ok,0.244081,307.27,75.00,71.95,497.90,"TSLA at -18.9% is the day's capitulation extreme and the highest-probability mean-reversion snap on the tape, so I'm entering 15% of equity for a fast bounce with a tight leash."
2026-07-28T17:30:00Z,hold,AAPL,approved,hold,,,,71.95,497.90,AAPL remains the strongest megacap (+3.6% vs QQQ -4.4%) and the winner keeps its slot.
2026-07-28T17:30:00Z,hold,ETH-USD,approved,hold,,,,71.95,497.90,"ETH is holding the $1900 reclaim with best-in-crypto relative strength, so the position stays on."
2026-07-28T17:30:00Z,hold,META,approved,hold,,,,71.95,497.90,META is basing exactly at my entry after the -8% flush; the stabilization thesis gets one more cycle before I cut it.
2026-07-28T17:40:00Z,buy,TSLA,approved,ok,0.146745,306.65,45.00,26.95,497.05,"TSLA is still pinned at the -19% capitulation low with the mean-reversion thesis intact, so I press the entry with idle cash while staying under the 25% cap."
2026-07-28T17:40:00Z,hold,AAPL,approved,hold,,,,26.95,497.05,AAPL remains the only green megacap (+3.45% vs QQQ -4.48%) and momentum leaders get room to run.
2026-07-28T17:40:00Z,hold,ETH-USD,approved,hold,,,,26.95,497.05,"ETH is holding the $1900 reclaim at +2.43% with best-in-board relative strength, no reason to cut a working position."
2026-07-28T17:40:00Z,hold,META,approved,hold,,,,26.95,497.05,META is basing just above my entry after the -7.8% flush; the stabilization trade needs another cycle to resolve.
2026-07-28T17:50:00Z,hold,AAPL,approved,hold,,,,26.95,497.16,"AAPL is the only strong green megacap (+3.72% vs QQQ -4.52%) and my position is already at the 25% cap, so I let the momentum leader run with a mental stop at breakeven $337.30."
2026-07-28T17:50:00Z,hold,ETH-USD,approved,hold,,,,26.95,497.16,"ETH keeps holding the $1900 reclaim with best-in-crypto relative strength (+2.12% vs BTC -0.79%); position is at cap, exit trigger is a loss of $1885."
2026-07-28T17:50:00Z,hold,META,approved,hold,,,,26.95,497.16,META is basing above my $592.60 entry after the -7.8% flush and the stabilization bounce thesis stays valid while it holds $588.
2026-07-28T17:50:00Z,hold,TSLA,approved,hold,,,,26.95,497.16,"TSLA mean-reversion off the -19% capitulation low is intact and slightly green from my $307.04 basis; I cut fast below $303, target a snap toward $315."
2026-07-28T18:00:01Z,sell,AAPL,approved,ok,-0.088308,339.72,30.00,56.95,497.29,"Booking partial profit on the +0.71% AAPL scalp near the 25% position cap while it's the lone strong megacap, freeing cash for rotation."
2026-07-28T18:00:01Z,buy,ETH-USD,vetoed,position would exceed 25% of equity,,,,56.95,497.29,"ETH has best-in-board relative strength (+2.14% vs QQQ -4.53%) and keeps holding the $1900 reclaim, so I'm adding to the working momentum leg with the freed cash."
2026-07-28T18:00:01Z,hold,META,approved,hold,,,,56.95,497.29,META is still basing above my $592.60 entry after the -7.7% flush; the stabilization trade stays on while it holds entry.
2026-07-28T18:00:01Z,hold,TSLA,approved,hold,,,,56.95,497.29,TSLA mean-reversion off the -19% capitulation low is flat but not broken; one more cycle to prove the bounce or it gets cut.
2026-07-28T18:10:03Z,sell,TSLA,approved,ok,-0.390826,306.04,119.61,176.56,497.10,"The -19% capitulation bounce has stalled flat-to-red for three straight cycles — dead money, cutting to rotate the $119 into live strength."
2026-07-28T18:10:03Z,buy,AAPL,approved,ok,0.103055,339.62,35.00,141.56,497.10,AAPL is the strongest name on the board (+3.63% vs SPY -1.00%) and my position is well under the 25% cap — pressing the winner while momentum holds.
2026-07-28T18:10:03Z,hold,ETH-USD,approved,hold,,,,141.56,497.10,"ETH keeps best-in-board relative strength (+2.56%) but the position sits near the 25% cap, so I ride it rather than add."
2026-07-28T18:10:03Z,hold,META,approved,hold,,,,141.56,497.10,"META is still basing above my $592.60 entry after the -7.8% flush; stabilization thesis intact, exit if it loses the entry."
2026-07-28T18:20:00Z,buy,AMZN,approved,ok,0.259785,230.96,60.00,81.56,497.09,"AMZN's -6.7% flush is the deepest untouched dislocation on the board with cash idle, so I'm deploying ~12% of equity for a mean-reversion snap while my three momentum holds work."
2026-07-28T18:20:00Z,hold,AAPL,approved,hold,,,,81.56,497.09,"AAPL remains the strongest name on the board (+3.67% vs SPY -1.01%) and the position is already at the 25% cap, so I let the winner run."
2026-07-28T18:20:00Z,hold,ETH-USD,approved,hold,,,,81.56,497.09,"ETH keeps best-in-crypto relative strength (+2.48% while BTC is red) and sits near the position cap, so no add and no reason to cut a working trade."
2026-07-28T18:20:00Z,hold,META,approved,hold,,,,81.56,497.09,META is now green above my $592.60 basing entry after the -7.8% flush; the stabilization thesis is working and I'll give it room to extend before taking profit.
2026-07-28T18:30:00Z,buy,AMZN,approved,ok,0.237941,231.15,55.00,26.56,497.41,Adding to the -6.6% flush position that is holding its lows; $55 keeps AMZN near $115 and under the 25% cap while deploying idle cash into the board's deepest mean-reversion snap.
2026-07-28T18:30:00Z,hold,AAPL,approved,hold,,,,26.56,497.41,"Still the strongest name on the board (+3.71% vs SPY -1.03%) and sitting just under the 25% cap, so I let the momentum leader run rather than trim a working position."
2026-07-28T18:30:00Z,hold,ETH-USD,approved,hold,,,,26.56,497.41,Best-in-crypto relative strength (+2.52% while BTC is -0.74%) with the position green; no reason to cut a leader near the cap.
2026-07-28T18:30:00Z,hold,META,approved,hold,,,,26.56,497.41,Green above my $592.60 basing entry after the -7.7% flush; the stabilization thesis is intact and I exit fast if it loses $590.
2026-07-28T18:40:00Z,hold,AAPL,approved,hold,,,,26.56,496.84,"Strongest name on the board (+3.38% vs SPY -1.00%), green on my basis, and sitting right at the 25% cap so I let the winner run."
2026-07-28T18:40:00Z,hold,ETH-USD,approved,hold,,,,26.56,496.84,Best-in-crypto relative strength persists (+2.62% while BTC is -0.72%) and the position is +0.52% and trending — no reason to cut a working momentum leg this early.
2026-07-28T18:40:00Z,hold,META,approved,hold,,,,26.56,496.84,Holding green above the $592.60 basing entry after the -7.9% flush; stabilization thesis intact and the mean-reversion snap hasn't paid yet.
2026-07-28T18:40:00Z,hold,AMZN,approved,hold,,,,26.56,496.84,"The 18:30 add is green and the -6.6% flush is still holding its lows; with only $26 cash and 4/4 slots full, all theses intact means no rotation edge this cycle."
2026-07-28T18:50:04Z,sell,AMZN,approved,ok,-0.497726,231.49,115.22,141.78,497.38,"The -6.5% flush bounce has stalled at barely +0.19% on my basis for three cycles — dead money in a risk-off tape, so I bank the scratch and free cash before the lows get retested."
2026-07-28T18:50:04Z,buy,DIA,approved,ok,0.142180,527.50,75.00,66.78,497.38,DIA is the only green index on the board (+1.15% while SPY -0.94% and QQQ -4.59%) — clear value-rotation relative strength worth a 15% momentum entry with the freed AMZN cash.
2026-07-28T18:50:04Z,hold,AAPL,approved,hold,,,,66.78,497.38,"Strongest single name on the board (+3.34%) and sitting at the 25% position cap, so I ride it — no add possible, no reason to trim a leader."
2026-07-28T18:50:04Z,hold,ETH-USD,approved,hold,,,,66.78,497.38,"Best-in-crypto relative strength persists (+2.76% vs BTC -0.61%) and the position is green — near the cap, so I let the winner run."
2026-07-28T18:50:04Z,hold,META,approved,hold,,,,66.78,497.38,"Still green above the $592.60 basing entry after the -7.7% flush; stabilization thesis intact, cut only if it loses my basis."
2026-07-28T19:00:00Z,buy,DIA,approved,ok,0.085318,527.44,45.00,21.78,497.52,"DIA remains the only green index (+1.14% vs SPY -0.90%, QQQ -4.53%) so I'm adding to the relative-strength leader while staying under the 25% cap."
2026-07-28T19:00:00Z,hold,AAPL,approved,hold,,,,21.78,497.52,"Strongest name on the board (+3.55%) and pinned at the position cap, so I let the winner run."
2026-07-28T19:00:00Z,hold,ETH-USD,approved,hold,,,,21.78,497.52,"ETH keeps outperforming BTC (+2.65% vs -0.67%) and the position is green near the cap, so the crypto-strength trade stays on."
2026-07-28T19:00:00Z,hold,META,approved,hold,,,,21.78,497.52,Still green above the $592.60 flush-bounce entry; I give the stabilization one more cycle but will cut if it loses my basis.
2026-07-28T19:10:00Z,sell,META,approved,ok,-0.194060,594.40,115.35,137.12,497.60,"The flush-bounce has stalled at +0.30% after two cycles of grace, so I lock the small gain and free capital for a fresher setup."
2026-07-28T19:10:00Z,buy,TSLA,approved,ok,0.196309,305.64,60.00,77.12,497.60,"A -19.3% single-day capitulation is the most stretched mean-reversion snap candidate on the board; small 12%-of-equity probe for a dead-cat bounce, cut fast if it makes a new low."
2026-07-28T19:10:00Z,hold,AAPL,approved,hold,,,,77.12,497.60,"Strongest stock on the board (+3.55%) and pinned at the 25% position cap, so I let the winner run."
2026-07-28T19:10:00Z,hold,ETH-USD,approved,hold,,,,77.12,497.60,ETH keeps outperforming BTC (+2.74% vs -0.62%) and the position is green near the cap with no exit signal.
2026-07-28T19:10:00Z,hold,DIA,approved,hold,,,,77.12,497.60,Still the only green index (+1.12%) and the relative-strength thesis is intact just below the cap.
2026-07-28T19:20:00Z,buy,TSLA,approved,ok,0.179536,306.35,55.00,22.12,497.76,"The -19% capitulation bounce is confirming (+0.23% off my entry), so I add to the mean-reversion snap while staying under the 25% cap."
2026-07-28T19:20:00Z,hold,AAPL,approved,hold,,,,22.12,497.76,"Strongest name on the board (+3.53%) and pinned at the position cap, so I let the winner run."
2026-07-28T19:20:00Z,hold,ETH-USD,approved,hold,,,,22.12,497.76,"ETH still leads BTC by ~3.4 points today and the position is green, so momentum thesis stays intact."
2026-07-28T19:20:00Z,hold,DIA,approved,hold,,,,22.12,497.76,Only green index (+1.14%) in a red tape; relative strength intact and it's my defensive ballast.
2026-07-28T19:30:00Z,sell,DIA,approved,ok,-0.227498,527.15,119.93,142.05,498.05,"Position has gone flat-to-negative while I've held it and the relative-strength edge is fading, so I free the slot and capital."
2026-07-28T19:30:00Z,buy,NVDA,approved,ok,0.328391,197.94,65.00,77.05,498.05,"A -4.5% washout in the strongest mega-cap is a late-session mean-reversion snap setup, sized at ~13% of equity with a fast cut if it makes new lows."
2026-07-28T19:30:00Z,hold,AAPL,approved,hold,,,,77.05,498.05,"Strongest name on the board at +3.48% and pinned at the 25% cap, so I let the winner run."
2026-07-28T19:30:00Z,hold,ETH-USD,approved,hold,,,,77.05,498.05,ETH still leads BTC by ~3.6 points today and the position is green with almost no headroom under the cap.
2026-07-28T19:30:00Z,hold,TSLA,approved,hold,,,,77.05,498.05,The capitulation-bounce entry is still green and working; I give it room rather than churn it.
2026-07-28T19:40:00Z,sell,NVDA,approved,ok,-0.328391,197.13,64.74,141.79,497.53,"The mean-reversion snap isn't snapping — NVDA is making new lows below my entry while QQQ bleeds -4.6%, so I cut the loser fast rather than hope into the close."
2026-07-28T19:40:00Z,buy,DIA,approved,ok,0.132792,527.14,70.00,71.79,497.53,Still the only green index (+1.08%) in a deeply red tape and holding its level since my exit — rotating the freed NVDA capital into the one name with genuine late-day relative strength.
2026-07-28T19:40:00Z,hold,AAPL,approved,hold,,,,71.79,497.53,Strongest mega-cap on the board at +3.66% and pinned at the 25% cap — let the winner ride.
2026-07-28T19:40:00Z,hold,ETH-USD,approved,hold,,,,71.79,497.53,"ETH leads BTC by ~3.6 points today, position is green and near cap — no reason to touch a working trade."
2026-07-28T19:40:00Z,hold,TSLA,approved,hold,,,,71.79,497.53,"Capitulation-bounce entry is flat at -0.16% and hasn't broken down — one more cycle of rope, but it gets cut if it loses the entry level."
2026-07-28T19:50:00Z,sell,TSLA,approved,ok,-0.375846,305.44,114.80,186.59,497.43,"The capitulation bounce got its extra cycle and never bounced — still flat-to-red on a -19% day, so I cut it before it rolls over."
2026-07-28T19:50:00Z,buy,DIA,approved,ok,0.085366,527.14,45.00,141.59,497.43,"Rotating freed TSLA capital into the only green index (+1.08%) in a red tape, adding to a working position with room under the 25% cap."
2026-07-28T19:50:00Z,hold,AAPL,approved,hold,,,,141.59,497.43,Strongest mega-cap on the board at +3.58% and pinned at the position cap — let the winner run.
2026-07-28T19:50:00Z,hold,ETH-USD,approved,hold,,,,141.59,497.43,ETH still leads BTC by nearly 4 points today and the position is green near cap — no reason to touch it.
2026-07-28T20:00:00Z,buy,META,approved,ok,0.084263,593.38,50.00,91.59,497.87,META is down 7.83% and the worst-hit liquid mega-cap after TSLA — taking a small 10%-of-equity mean-reversion stab with a fast cut if it makes new lows next cycle.
2026-07-28T20:00:00Z,hold,AAPL,approved,hold,,,,91.59,497.87,Strongest name on the board at +3.76% in a deep-red tape and pinned at the 25% cap — let the winner run.
2026-07-28T20:00:00Z,hold,ETH-USD,approved,hold,,,,91.59,497.87,"ETH still leads BTC by ~3.7 points today, position is green and near cap — no reason to touch it."
2026-07-28T20:00:00Z,hold,DIA,approved,hold,,,,91.59,497.87,Only green index (+1.07%) and effectively at cap after the last add — keep it as the defensive leg.
2026-07-28T20:10:00Z,buy,ETH-USD,approved,ok,0.003126,1919.44,6.00,85.59,497.82,ETH still leads BTC by ~3.5 points and is the only tradable momentum with equities closed — topping the position back up to the 25% cap while the trend holds.
2026-07-28T20:10:00Z,hold,AAPL,approved,hold,,,,85.59,497.82,Strongest name on the board at +3.77% but market closed — untouchable this cycle.
2026-07-28T20:10:00Z,hold,DIA,approved,hold,,,,85.59,497.82,"Only green index, market closed — nothing to do until the next session."
2026-07-28T20:10:00Z,hold,META,approved,hold,,,,85.59,497.82,Fresh mean-reversion entry at -7.83% is flat and market closed — thesis needs the next session to play out.
2026-07-28T20:20:00Z,hold,ETH-USD,approved,hold,,,,85.59,497.84,"ETH still leads BTC by ~3.5 points with intact momentum, position is green and pinned at the 25% cap with only $0.53 of room, so riding it beats trimming a working trade."
2026-07-28T20:20:00Z,hold,none,approved,hold,,,,85.59,497.84,"Equities are closed, all 4 position slots are full, and BTC at -0.30% offers no momentum worth rotating into — no tradable edge this cycle."
2026-07-28T20:30:00Z,hold,ETH-USD,approved,hold,,,,85.59,497.59,"ETH momentum intact at +3.01% and still leading BTC by ~3.4 points, but the position sits at ~$124 — right at the 25% cap — so I can neither add nor justify cutting a green leader mid-trend."
2026-07-28T20:30:00Z,hold,none,approved,hold,,,,85.59,497.59,"Equities are closed, all 4 slots are full, BTC at -0.43% offers no long edge, and trimming a winning ETH position just to manufacture activity would be churn, not edge."
2026-07-28T20:40:00Z,sell,ETH-USD,approved,ok,-0.023501,1914.79,45.00,130.59,497.50,"ETH day momentum has stalled around +2.9% for three cycles while the position sits +0.78% at the 25% cap — scaling out a third locks the scalp, keeps a runner on the intact BTC-relative lead, and rebuilds cash for the next entry."
2026-07-28T20:40:00Z,hold,BTC-USD,approved,hold,,,,130.59,497.50,BTC at -0.46% with no reversal signal offers no long edge and cash-only rules bar fading it.
2026-07-28T20:50:00Z,hold,ETH-USD,approved,hold,,,,130.59,497.55,"Holding the post-scale-out ETH runner: still leads BTC by ~3.4 points but has ticked only +0.07% since the partial exit, so no signal to add or to dump the remainder yet."
2026-07-28T20:50:00Z,hold,none,approved,hold,,,,130.59,497.55,"Equities are closed, all 4 slots are full, and BTC at -0.36% with no reversal offers no cash-only long edge this cycle."
2026-07-28T21:00:00Z,buy,ETH-USD,approved,ok,0.020874,1916.30,40.00,90.59,497.56,"ETH is the only tradable asset with positive momentum and has pushed to +3.02% above the 1914 stall zone where I scaled out, so I re-add a small $40 tranche to the runner, keeping the position under the 25% cap."
2026-07-28T21:00:00Z,hold,BTC-USD,approved,hold,,,,90.59,497.56,"BTC at -0.41% with no reversal signal offers no long edge under cash-only rules, and equities are closed this cycle."
2026-07-28T21:10:01Z,hold,ETH-USD,approved,hold,,,,90.59,497.73,"ETH is still grinding higher (+3.02% to +3.16% since last cycle) and my 0.0619 position at ~24% of equity already expresses that edge at the cap, while BTC remains red with no reversal and all equity symbols are closed — the runner rides."
2026-07-28T21:20:01Z,sell,ETH-USD,approved,ok,-0.015638,1918.42,30.00,120.59,497.70,"ETH's grind stalled (+3.16% to +3.13%) with my position pressed against the 25% cap, so I'm banking a partial into strength to free cash for a dip re-entry while letting the rest of the runner work."
2026-07-28T21:20:01Z,hold,BTC-USD,approved,hold,,,,120.59,497.70,"BTC remains red at -0.41% with no reversal structure, so cash-only rules leave no long edge there this cycle."
2026-07-28T21:30:00Z,sell,ETH-USD,approved,ok,-0.046275,1917.90,88.75,209.34,497.67,"ETH's momentum has rolled over for three straight cycles (+3.16% to +3.13% to +3.10%) and price sits below my last trim at 1918.42, so I'm locking in the remaining +0.65% before the fade deepens; equities are closed and BTC at -0.41% offers no fresh long edge, leaving me positioned in cash to re-ent"
2026-07-28T21:40:00Z,buy,ETH-USD,approved,ok,0.026034,1920.53,50.00,159.34,497.67,"ETH re-accelerated from +3.13% to +3.24% after the stall I exited, and with equities closed it's the only asset showing fresh upside momentum, so I'm re-entering small at ~10% of equity."
2026-07-28T21:40:00Z,hold,BTC-USD,approved,hold,,,,159.34,497.67,"BTC improved from -0.41% to -0.27% but is still red with no confirmed reversal, so there's no long edge yet."
2026-07-28T21:50:00Z,buy,ETH-USD,approved,ok,0.023391,1923.78,45.00,114.34,497.76,"ETH re-accelerated again from +3.24% to +3.42% confirming the re-entry thesis, so I'm adding ~9% of equity to bring the position toward (but under) the 25% cap while momentum is strengthening."
2026-07-28T21:50:00Z,hold,BTC-USD,approved,hold,,,,114.34,497.76,"BTC slipped back from -0.27% to -0.23% chop with no reversal structure, and with 4 positions already open there is no slot or edge to justify an entry."
2026-07-28T22:00:00Z,sell,ETH-USD,approved,ok,-0.023415,1921.85,45.00,159.34,497.66,"ETH decelerated from +3.42% to +3.32% right after my adds, so I'm scaling out roughly half to lock the round-trip and keep a runner in case momentum resumes."
2026-07-28T22:00:00Z,hold,BTC-USD,approved,hold,,,,159.34,497.66,"BTC is still red at -0.30% with no reversal structure, and equities are closed, so there is no other edge to deploy into this cycle."
2026-07-28T22:10:01Z,sell,ETH-USD,approved,ok,-0.026011,1921.72,49.99,209.32,497.66,"ETH momentum has flatlined for two straight cycles (+3.42% to +3.32% to +3.31%) with my position sitting flat, so I'm exiting fully to free cash and will re-enter only on a confirmed re-acceleration."
2026-07-28T22:10:01Z,hold,BTC-USD,approved,hold,,,,209.32,497.66,"BTC remains red at -0.31% with no reversal structure and equities are closed, so there is no edge to deploy the freed cash into this cycle."
2026-07-28T22:20:00Z,hold,none,approved,hold,,,,209.32,497.66,"ETH decelerated a third straight cycle (+3.42% to +3.32% to +3.24%) validating my full exit, BTC is still flat-red chop with no reversal structure, and equities are closed — re-entering fading momentum here is chasing, not scalping, so I wait for a fresh impulse next cycle."
2026-07-28T22:30:00Z,hold,none,approved,hold,,,,209.32,497.66,"Only crypto is tradable and both legs confirm my exits: ETH has now decelerated a fourth straight cycle (+3.42% to +3.07%) and sits below my sale prints, while BTC weakened to -0.42% with no reversal structure, so re-entering either would be buying fading momentum with no setup."
2026-07-28T22:40:00Z,hold,none,approved,hold,,,,209.32,497.66,"ETH's deceleration extended a fourth cycle (+3.24% to +2.91%) and BTC weakened further to -0.49%, so with equities closed and both tradable assets in confirmed downtrends there is no long-side edge to buy into."
2026-07-28T22:50:00Z,buy,ETH-USD,approved,ok,0.026166,1910.85,50.00,159.32,497.66,"ETH is the only green tradable asset at +2.72% and just re-accelerated off the deceleration trough that triggered my exits, so I'm re-entering small on the crypto leg that's holding a bid while BTC stays red."
2026-07-28T23:00:00Z,hold,none,approved,hold,,,,159.32,497.63,"ETH is holding the +2.67% re-acceleration I entered on one cycle ago and BTC remains red at -0.61% with no reversal structure, so with all equities closed there is no fresh edge worth paying spread for this cycle."
2026-07-28T23:10:00Z,sell,ETH-USD,approved,ok,-0.026166,1902.25,49.77,209.10,497.43,"ETH's re-acceleration stalled and reversed — the position is now red at -0.45% with today's gain fading from +2.72% to +2.26%, so I cut the loser fast per my rules rather than hold a decaying crypto leg overnight with equities closed."
2026-07-28T23:20:00Z,buy,ETH-USD,approved,ok,0.026247,1904.99,50.00,159.10,497.43,ETH is the only green tradable asset at +2.41% and has stabilized after the shakeout that stopped me out at $1902 — re-entering small at $1905 with crypto the sole liquid venue while equities are closed.
2026-07-28T23:30:00Z,hold,none,approved,hold,,,,159.10,497.47,"ETH is holding the +2.48% level I entered at one cycle ago with the position marginally green, BTC remains red at -0.85% offering no long edge, and every equity is untradable with the market closed — no new setup worth forcing."
2026-07-28T23:40:00Z,sell,ETH-USD,approved,ok,-0.026247,1914.60,50.25,209.35,497.68,"ETH is the only tradable asset with any edge and it has now flattened at +2.93% after three cycles of chop around my entry — I'm taking the +0.50% gain rather than repeating last cycle's stall-and-reverse, and will re-enter on a fresh acceleration."
2026-07-28T23:50:00Z,buy,ETH-USD,approved,ok,0.028655,1919.40,55.00,154.35,497.68,"ETH is the only green tradable asset at +3.18% and has broken out to a new session high above the $1914 level I just sold into, so I'm re-entering the momentum leg with BTC still red and every equity closed."
2026-07-29T00:00:00Z,sell,ETH-USD,approved,ok,-0.028655,1920.11,55.02,209.37,497.70,"ETH is up 2.50% but has faded from the +3.18% breakout level I bought into last cycle, leaving the position at only +0.04% — take the flat exit rather than ride a stalling crypto move into a session where every equity is closed and BTC is red at -0.72%."
2026-07-29T00:10:00Z,buy,ETH-USD,approved,ok,0.028607,1922.61,55.00,154.37,497.70,"ETH is the only tradable asset with positive momentum at +2.64% and has held above $1920 after my last exit, so I'm re-entering the same intraday uptrend with ~11% of equity while crypto is the only open market."
2026-07-29T00:20:00Z,sell,ETH-USD,approved,ok,-0.028607,1921.63,54.97,209.34,497.68,"ETH has stalled — entered at $1922.61 and it is now $1921.63, a flat round-trip for the third consecutive cycle in this chop band, so I take the position off rather than pay round-trip cost on a fading +2.58% move that has slid from its +3.18% session high."
2026-07-29T00:30:00Z,buy,ETH-USD,approved,ok,0.028673,1918.19,55.00,154.34,497.68,"ETH is the only tradable asset with positive momentum at +2.40% and is bidding back toward the session highs after a flat round-trip, so I'm re-entering with ~11% of equity for another momentum leg."
2026-07-29T00:40:00Z,sell,ETH-USD,approved,ok,-0.028673,1918.91,55.02,209.36,497.70,"Entered at $1918.19 and ETH is flat at $1918.91 after six straight round-trips that have gone nowhere — with equities closed and BTC red, I'll take the flat exit and hold dry powder rather than pay spread on another chop trade."
2026-07-29T00:50:00Z,buy,ETH-USD,approved,ok,0.031296,1917.20,60.00,149.36,497.70,"ETH is the only tradable asset with positive momentum at +2.35% and is holding above $1917 with equities closed, so I take a small long into the strongest relative-strength name."
2026-07-29T01:00:00Z,sell,ETH-USD,approved,ok,-0.031296,1914.73,59.92,209.28,497.62,"Seventh straight flat ETH round-trip — entered at $1917.20 and it is $1914.73, momentum has decayed to chop with equities closed, so exit to cash and wait for a real breakout rather than bleeding on churn."
2026-07-29T01:10:00Z,buy,ETH-USD,approved,ok,0.031375,1912.37,60.00,149.28,497.62,ETH is the only tradable asset with positive momentum at +2.09% and holding above $1900 after seven flat round-trips — re-entering with a wider leash to let a real move develop instead of scalping myself to death on noise.
2026-07-29T01:10:00Z,hold,BTC-USD,approved,hold,,,,149.28,497.62,BTC is down -0.74% with no reversal signal and I would rather concentrate the limited cash in the stronger crypto leg.
2026-07-29T01:20:00Z,sell,ETH-USD,approved,ok,-0.031375,1910.70,59.95,209.23,497.57,"Eight straight flat ETH round-trips have bled fees with no edge — entered at $1912.37 and it is $1910.70, so exit fully and hold cash until equities reopen."
2026-07-29T01:30:00Z,hold,none,approved,hold,,,,209.23,497.57,"Equities are closed and untradable, BTC is drifting down -0.75% with no reversal signal, and eight consecutive flat ETH round-trips have proven there is no edge in the $1910-1918 chop — I am staying out until a real crypto breakout or the equity open."
2026-07-29T01:40:01Z,buy,ETH-USD,approved,ok,0.026172,1910.43,50.00,159.23,497.57,"ETH is the only tradable asset with real positive momentum at +1.99% while BTC bleeds -0.78%, and equities are shut — take a ~10% equity swing on the crypto strength divergence rather than sit flat again."
2026-07-29T01:50:00Z,buy,ETH-USD,approved,ok,0.026230,1906.20,50.00,109.23,497.46,"ETH is the strongest tradable asset at +1.76% while BTC is red at -0.99%, and equities are closed — adding to the existing ETH position concentrates the remaining cash into the only instrument showing real relative strength."
2026-07-29T02:00:00Z,sell,ETH-USD,approved,ok,-0.052402,1903.10,99.73,208.96,497.29,"ETH is up +1.59% today but my average cost of $1908.31 sits above spot at $1903.10 after three consecutive adds into a fading move — the intraday high-to-now drift is negative and equities are closed, so I take the small loss off rather than average down a fourth time into a stalling crypto tape."
2026-07-29T02:00:00Z,buy,BTC-USD,approved,ok,0.000864,63634.47,55.00,153.96,497.29,"With ETH's momentum stalling and equities untradable, BTC at $63,634 (-1.05%) is the mean-reversion candidate — an oversold snap-back entry at roughly 11% of equity, sized small with the intent to cut fast if it breaks lower."
2026-07-29T02:10:00Z,sell,BTC-USD,approved,ok,-0.000864,63689.50,55.05,209.01,497.34,"BTC is red at -0.97% and drifting lower with no reversal signal, so I'm cutting the fresh entry flat rather than holding a losing-momentum asset overnight."
2026-07-29T02:10:00Z,buy,ETH-USD,approved,ok,0.028874,1904.83,55.00,154.01,497.34,"ETH is the only tradable asset with positive momentum at +1.69% and is outperforming BTC by ~2.7 points, so I'm rotating the crypto sleeve into relative strength."
2026-07-29T02:20:00Z,sell,ETH-USD,approved,ok,-0.028874,1902.90,54.94,208.95,497.29,"ETH is underwater at -0.10% against my $1904.83 average after three straight round-trips that each bled fees and slippage, so I'm cutting the churn and freeing capital rather than re-buying the same stalled tape."
2026-07-29T02:20:00Z,buy,BTC-USD,approved,ok,0.000942,63664.38,60.00,148.95,497.29,"BTC at $63,664 is holding the low end of its -1% range while ETH's relative strength fades, so I'm taking a small 12%-of-equity mean-reversion entry in the deeper, more liquid crypto with a hard exit if it breaks lower."
2026-07-29T02:30:00Z,sell,BTC-USD,approved,ok,-0.000942,63933.89,60.25,209.20,497.54,"BTC is +0.42% against my $63,664 average after a two-cycle chop, so I'm banking the small win rather than round-tripping it a fourth time."
2026-07-29T02:30:00Z,buy,ETH-USD,approved,ok,0.031351,1913.79,60.00,149.20,497.54,"ETH is the only tradable asset with real positive momentum at +2.17% today versus BTC's -0.59%, so I'm rotating crypto exposure into relative strength."
2026-07-29T02:40:01Z,sell,ETH-USD,approved,ok,-0.031351,1917.04,60.10,209.31,497.64,"ETH is +0.17% against my $1913.79 average after riding it up two cycles and is now at the top of its +2.34% daily range with equities closed and BTC red at -0.43%, so I'm banking the gain rather than holding an extended crypto position overnight into a weak tape."
2026-07-29T02:40:01Z,buy,BTC-USD,approved,ok,0.000703,64035.43,45.00,164.31,497.64,"BTC at $64,035 is only -0.43% today versus ETH's stretched +2.34%, making it the better mean-reversion snap of the two tradable assets, so I'm rotating a ~9% equity position into the laggard."
2026-07-29T02:50:00Z,sell,BTC-USD,approved,ok,-0.000703,63841.10,44.86,209.17,497.51,"BTC is -0.30% against my $64,035 average and is the weakest tradable asset today at -0.73% while ETH runs +1.81%, so I'm cutting the loser fast and rotating."
2026-07-29T02:50:00Z,buy,ETH-USD,approved,ok,0.031462,1907.04,60.00,149.17,497.51,"ETH at $1,907 is the only tradable asset with positive momentum today at +1.81% and has been the reliable trend leg in this crypto pair for three cycles, so I'm putting ~12% of equity behind the strong side."
2026-07-29T03:00:00Z,sell,ETH-USD,approved,ok,-0.031462,1908.40,60.04,209.21,497.55,"ETH is only +0.07% against my $1907.04 average and at +1.88% today it's the most extended tradable asset, so I'm banking the scalp before the crypto-only overnight session fades it."
2026-07-29T03:00:00Z,buy,BTC-USD,approved,ok,0.000939,63891.66,60.00,149.21,497.55,"BTC at $63,892 is -0.65% today and has been the mean-reversion side of this pair all session, making it the better risk-reward rotation while equities are closed."
2026-07-29T03:10:00Z,sell,BTC-USD,approved,ok,-0.000939,63914.97,60.02,209.23,497.57,"BTC is only +0.04% against my $63,891.66 average and at -0.62% today it remains the weakest tradable asset, so I rotate out of the laggard side of the crypto pair."
2026-07-29T03:10:00Z,buy,ETH-USD,approved,ok,0.031405,1910.50,60.00,149.23,497.57,"ETH at $1,910.50 is the only tradable asset with positive momentum today at +1.99% and has been the reliable strong side of this pair, so I redeploy roughly 12% of equity into it."
2026-07-29T03:20:00Z,sell,ETH-USD,approved,ok,-0.031405,1902.54,59.75,208.98,497.32,"ETH is -0.42% against my $1,910.50 average and has faded from +1.9% to +1.57% on the day, so I cut the loser and free capital rather than hold a decaying momentum trade."
2026-07-29T03:20:00Z,buy,BTC-USD,approved,ok,0.000941,63788.39,60.00,148.98,497.32,"BTC at $63,788 is -0.81% today and near the low end of the range it has held all session, taking the mean-reversion side of the pair that has worked repeatedly this cycle."
2026-07-29T03:30:00Z,sell,ETH-USD,vetoed,no position to sell,,,,148.98,497.22,No ETH position remains to sell — skip.
2026-07-29T03:30:00Z,buy,ETH-USD,vetoed,max 4 open positions,,,,148.98,497.22,"ETH is the only tradable asset with positive momentum (+1.27%) while BTC sits at -0.98%, so I'm rotating fresh capital into the stronger leg of the pair."
2026-07-29T03:30:00Z,sell,BTC-USD,approved,ok,-0.000941,63680.94,59.90,208.88,497.22,"BTC is -0.17% against my $63,788 average and has been the weaker leg all session at -0.98% today; cut it and redeploy into the ETH momentum side."
2026-07-29T03:40:01Z,buy,ETH-USD,approved,ok,0.028982,1897.70,55.00,153.88,497.22,"ETH is the only asset with green momentum on a broadly red tape (+1.31% while BTC is -0.92% and every equity is closed), so I'm taking a ~11% equity starter in the relative-strength leg with a tight leash."
2026-07-29T03:50:00Z,buy,ETH-USD,approved,ok,0.029078,1891.45,55.00,98.88,497.04,"ETH is the only green asset on the board (+0.97%) and my existing stake is barely underwater at -0.33%, so I'm adding into the leader while BTC (-1.04%) and every equity remains untradable and red."
2026-07-29T03:50:00Z,hold,BTC-USD,approved,hold,,,,98.88,497.04,"BTC is the weaker crypto leg at -1.04% with no reversal signal, so I stay out rather than fight relative weakness."
2026-07-29T04:00:00Z,hold,none,approved,hold,,,,98.88,496.98,"Equities are closed, the 4-position cap blocks any new BTC entry, and ETH is already ~22% of equity leaving only ~$14 of headroom under the 25% cap — with my last two ETH adds at 1897.70 and 1891.45 both underwater and momentum flattening, I keep the remaining $98.88 dry for the far larger mean-reve"
2026-07-29T04:10:00Z,buy,ETH-USD,vetoed,position would exceed 25% of equity,,,,98.88,497.10,"Equities are closed and ETH is the only green tradable asset (+1.03%) while BTC bleeds -0.99%, so I add to the relative-strength leg with most of my idle cash rather than sitting flat."
2026-07-29T04:20:00Z,buy,ETH-USD,vetoed,position would exceed 25% of equity,,,,98.88,496.74,"ETH is the only green asset on a red tape (+0.70% while BTC is -1.12%), equities are closed, and adding to the existing leg is the sole tradable momentum edge this cycle."
2026-07-29T04:30:00Z,buy,ETH-USD,vetoed,position would exceed 25% of equity,,,,98.88,497.12,"ETH is the only green tradable asset (+1.05%) while BTC sits at -0.93%, equities are closed, and my existing ETH stake is a token 22% of a max position — adding brings it to a real size on the one relative-strength leg available."
2026-07-29T04:40:00Z,buy,ETH-USD,vetoed,position would exceed 25% of equity,,,,98.88,497.59,"Equities are closed and ETH is the only tradable asset with upside momentum (+1.48% today, riding above my $1894.57 basis while BTC bleeds -0.76%), so I add to the winning crypto leg with cash I can't otherwise deploy."
2026-07-29T04:50:00Z,hold,none,approved,hold,,,,98.88,497.47,"Equities are closed, the 4-position cap is full, and adding to ETH at +1.37% into a red-crypto tape (BTC -0.82%) is the same low-edge chase that got vetoed the last four cycles — I sit until the open."
2026-07-29T05:00:00Z,buy,BTC-USD,vetoed,max 4 open positions,,,,98.88,497.72,"Equities are closed and my 4th slot is the only lever — BTC at -0.67% is the deepest discount on the tradable board versus ETH already extended +1.60%, so I take a small mean-reversion starter into the crypto tape rather than chase ETH into strength."
2026-07-29T05:10:01Z,buy,ETH-USD,approved,ok,0.006825,1904.80,13.00,85.88,497.81,"ETH is the only tradable asset showing real momentum (+1.69% while BTC bleeds -0.66%), and with the 4-slot cap full and equities closed, topping up to the 25% position ceiling ($13.85 headroom on a $110.60 position) is the only way to press the one edge on the board."
2026-07-29T05:20:00Z,buy,BTC-USD,vetoed,max 4 open positions,,,,85.88,497.72,"Equities are closed, ETH is already extended at +1.6% and near my sizing cap, so I take the 4th slot with BTC at -0.73% as a mean-reversion snap against ETH's strength using most of remaining cash."
2026-07-29T05:30:00Z,buy,ETH-USD,vetoed,position would exceed 25% of equity,,,,85.88,497.90,"ETH is the only tradable asset with sustained upside (+1.76% while BTC is -0.70%), the crypto-only session leaves no other lever, and adding $45 keeps ETH well under the 25% cap while pressing the strongest live momentum."
2026-07-29T05:40:00Z,buy,ETH-USD,vetoed,position would exceed 25% of equity,,,,85.88,498.23,"ETH is the only tradable asset with sustained upside (+2.03% and extending while BTC bleeds -0.56%), my ETH slot is only ~25% of the way to the position cap, so I deploy half the free cash into the lone momentum leader."
2026-07-29T05:50:00Z,buy,ETH-USD,vetoed,position would exceed 25% of equity,,,,85.88,498.15,"ETH is the only tradable asset with sustained momentum (+1.97% and extending while BTC bleeds -0.57%), my ETH slot is only ~25% of the 25% cap, and deploying half of remaining cash keeps the position under the concentration limit."
2026-07-29T06:00:00Z,sell,ETH-USD,approved,ok,-0.064886,1910.23,123.95,209.83,498.17,ETH is +1.98% and extended after six cycles of stalling near the same level while BTC bleeds -0.52% — take the +0.77% gain into strength and free cash for a re-entry or the equity open.
2026-07-29T06:10:00Z,buy,ETH-USD,approved,ok,0.028847,1906.58,55.00,154.83,498.17,"ETH is the only tradable asset with real momentum (+1.78% while BTC is -0.54%), and I just took profit at $1910 into a $1906 pullback — re-entering the same uptrend at a better price with ~11% of equity."
2026-07-29T06:20:01Z,buy,ETH-USD,approved,ok,0.025132,1909.94,48.00,106.83,498.26,"ETH is the only tradable market and it's holding +1.96% with BTC negative, so I'm adding to the existing 0.028847 position on relative strength while keeping the total ETH stake near 22% of equity, under the 25% cap."
2026-07-29T06:30:00Z,sell,ETH-USD,approved,ok,-0.023475,1916.92,45.00,151.83,498.64,"ETH is +2.33% and near session highs while BTC is flat at 0.00% — the divergence is stretched, so I'm scaling out roughly a third of the position to bank the run and free cash for a re-entry on a pullback."
2026-07-29T06:40:00Z,buy,ETH-USD,approved,ok,0.028699,1916.46,55.00,96.83,498.62,"ETH is the only tradable market and it's holding +2.31% near session highs while BTC is flat at +0.04% — that relative-strength divergence has paid every cycle today, so I'm re-entering with roughly a third of cash while keeping dry powder."
2026-07-29T06:50:00Z,sell,ETH-USD,approved,ok,-0.059203,1916.92,113.49,210.32,498.65,"ETH is +2.33% and pinned at session highs while BTC sits flat at +0.01%, so the divergence is fully extended with no confirmation — bank the gain and keep dry powder for a re-entry on a pullback."
2026-07-29T07:00:00Z,buy,ETH-USD,approved,ok,0.027103,1918.59,52.00,158.32,498.65,"ETH is the strongest tradable market at +2.42% with BTC flat at +0.06%, and it just broke above the $1916.92 level it was pinned at for three cycles, so I'm re-entering the breakout with ~10% of equity."
2026-07-29T07:10:00Z,sell,ETH-USD,approved,ok,-0.027103,1917.13,51.96,210.28,498.61,"ETH is stalled at $1917 with no follow-through after six cycles of chop around 1916-1919, BTC is flat at +0.11%, and every equity is untradable — take the position off rather than pay for another sideways cycle."
2026-07-29T07:20:01Z,buy,ETH-USD,approved,ok,0.028697,1916.60,55.00,155.28,498.61,"ETH is the only tradable market and holds +2.32% while BTC is flat at +0.15%, so I'm re-entering the strongest name near session highs with a tight leash."
2026-07-29T07:30:00Z,sell,ETH-USD,approved,ok,-0.028697,1916.30,54.99,210.27,498.60,"ETH has chopped in a $2 band around $1916-1918 for seven straight cycles with no follow-through while BTC sits flat at +0.19%, so the momentum thesis is dead and I'd rather hold cash than pay spread on a range that isn't paying."
2026-07-29T07:40:00Z,buy,ETH-USD,approved,ok,0.026129,1913.55,50.00,160.27,498.60,"ETH broke out of the $1916-1918 chop band to $1913.55... actually it broke down, but it holds +2.15% versus BTC's flat +0.10%, and crypto is the only tradable market this cycle, so I take a small 10%-of-equity long on the strongest relative performer."
2026-07-29T07:50:01Z,sell,ETH-USD,approved,ok,-0.026129,1913.99,50.01,210.28,498.62,"ETH is the only tradable market and my last entry was a mistimed breakdown chase at $1913.55 that has gone nowhere for a full cycle while BTC is flat at +0.19%, so I cut the position back to cash and wait for a real impulse move rather than keep paying spread on a $2 chop band."
2026-07-29T08:00:00Z,hold,none,approved,hold,,,,210.28,498.62,"Every equity is closed and untradable, BTC is flat at +0.27% with no directional edge, and ETH has been round-tripped four straight cycles for cumulative losses in a $1913-1918 chop band — the only honest edge here is not paying spread on noise."
2026-07-29T08:10:00Z,hold,none,approved,hold,,,,210.28,498.62,"Every equity is closed, BTC is flat at +0.07%, and ETH at +2.27% has chopped in a $1913-1918 band for nine straight cycles where my last four round-trips all lost to spread — no edge worth paying for."
2026-07-29T08:20:00Z,buy,ETH-USD,approved,ok,0.027166,1914.18,52.00,158.28,498.62,"ETH is the only tradable market and it has firmed from the $1913-1916 area to $1914 while holding +2.19% versus BTC dead flat at 0.00%, so I take a 10%-of-equity long on the relative-strength leg and will cut it fast if it loses $1908."
2026-07-29T08:30:00Z,hold,none,approved,hold,,,,158.28,498.51,"Every equity is closed, BTC is flat at -0.14% with no directional edge, and I already re-entered ETH at $1914.18 last cycle — it's now $1910.27 (-0.20%), still inside the same tight chop band that has cost me three round-trip losses today, so I hold the existing position rather than pay another spre"
2026-07-29T08:40:00Z,sell,ETH-USD,approved,ok,-0.027166,1911.01,51.91,210.19,498.53,ETH is up 2.02% on the day but my entry at $1914.18 is underwater at $1911.01 with the position going nowhere over two cycles — cut the flat loser and hold cash for a cleaner crypto setup while equities are closed.
2026-07-29T08:50:01Z,buy,ETH-USD,approved,ok,0.028719,1915.12,55.00,155.19,498.53,"ETH is the only tradable market and it is holding +2.24% near session highs at $1915 after basing above $1911, so I take a small long into the strongest intraday trend available."
2026-07-29T09:00:00Z,hold,none,approved,hold,,,,155.19,498.46,"Every equity is closed and untradable, BTC is dead flat at +0.05% with no directional edge, and I already hold a full ETH position entered at $1915.12 that is only -0.12% underwater near session highs — adding here would concentrate crypto risk on a stalled tape rather than hunting a real setup."
2026-07-29T09:10:00Z,hold,none,approved,hold,,,,155.19,498.55,"Every equity is closed and untradable, BTC is dead flat at +0.06% with no directional edge, and my ETH position at +0.04% is already sized appropriately near session highs — adding here into a stalled +2.28% move offers no edge worth the fee drag."
2026-07-29T09:20:01Z,buy,ETH-USD,approved,ok,0.026074,1917.59,50.00,105.19,498.60,"ETH is the strongest tradable market at +2.37% and pushing to new session highs above my $1915.12 basis while BTC sits flat at +0.11%, so I add to the winner with cash I cannot deploy anywhere else while equities are closed."
2026-07-29T09:30:00Z,buy,ETH-USD,vetoed,position would exceed 25% of equity,,,,105.19,498.62,"ETH is the strongest tradable market at +2.39% and pressing session highs at $1918 while BTC sits flat at +0.11%, so I am adding to the crypto momentum leader with idle cash."
2026-07-29T09:40:00Z,buy,ETH-USD,vetoed,position would exceed 25% of equity,,,,105.19,498.70,"ETH is the strongest tradable market at +2.46% pressing session highs while BTC lags at +0.31%, so I add to the momentum leader with roughly half remaining cash and keep the position under the 25% cap."
2026-07-29T09:50:01Z,buy,ETH-USD,vetoed,position would exceed 25% of equity,,,,105.19,498.63,ETH is the strongest tradable market at +2.40% pressing session highs while BTC lags at +0.26% — adding to the momentum leader with cash that would otherwise sit idle overnight.
2026-07-29T10:00:00Z,buy,ETH-USD,vetoed,position would exceed 25% of equity,,,,105.19,498.74,"ETH is the only strong tradable market at +2.50% and pressing session highs while BTC lags at +0.48%, so I'm adding a ~10% equity clip to the leader with remaining cash."
2026-07-29T10:10:00Z,buy,ETH-USD,vetoed,position would exceed 25% of equity,,,,105.19,498.68,"ETH is the only strong tradable market at +2.45% holding session highs while BTC lags at +0.43%, so I'm adding to the winner with about half my cash and keeping a reserve."
2026-07-29T10:20:00Z,buy,ETH-USD,vetoed,position would exceed 25% of equity,,,,105.19,498.60,"ETH remains the strongest tradable market at +2.37% holding session highs while BTC lags at +0.44%, and with equities closed it is the only place to express momentum — adding ~10% of equity keeps the position under the 25% cap."
2026-07-29T10:30:00Z,buy,ETH-USD,vetoed,position would exceed 25% of equity,,,,105.19,498.58,ETH is the only tradable market and leads at +2.35% holding session highs while BTC lags at +0.37%; adding ~10% of equity to the existing crypto momentum leg keeps it under the 25% single-position cap.
2026-07-29T10:40:00Z,buy,ETH-USD,vetoed,position would exceed 25% of equity,,,,105.19,498.46,ETH is the only tradable market with real strength at +2.23% and holding session highs while BTC lags at +0.29%; deploying half of available cash keeps the position under the 25% cap and adds to a winner-in-waiting without touching the closed equity book.
2026-07-29T10:50:01Z,buy,ETH-USD,vetoed,position would exceed 25% of equity,,,,105.19,498.55,"ETH is the only tradable market with real strength at +2.32% holding session highs while BTC lags at +0.33%, so add a ~10% equity crypto position with cash on hand rather than sit flat another cycle."
2026-07-29T11:00:00Z,buy,ETH-USD,vetoed,position would exceed 25% of equity,,,,105.19,498.18,"ETH is the only tradable market and holds +1.95% near session highs while BTC is flat at +0.13%, so I'm adding to the leader with roughly half my cash while keeping the position under the 25% equity cap."
2026-07-29T11:10:00Z,buy,ETH-USD,vetoed,position would exceed 25% of equity,,,,105.19,498.35,"ETH is the only tradable market showing real strength at +2.13% holding near session highs while BTC lags flat at +0.18%, so add crypto momentum with roughly half the cash and keep dry powder for the equity reopen."
2026-07-29T11:20:00Z,buy,ETH-USD,vetoed,position would exceed 25% of equity,,,,105.19,498.26,"ETH is the only tradable market with real strength at +2.03% holding session highs while equities are closed and BTC is flat, so add a half-position to the existing crypto sleeve."
2026-07-29T11:30:00Z,buy,ETH-USD,approved,ok,0.007323,1911.90,14.00,91.19,498.29,"Crypto is the only tradable market and ETH leads at +2.06% versus BTC's flat +0.18%, so I add the maximum size that keeps the position under the 25% concentration cap (~$119 of $498 equity) rather than proposing a full 5-15% entry that gets vetoed again; BTC is blocked as a 5th position."
2026-07-29T11:40:00Z,buy,ETH-USD,vetoed,position would exceed 25% of equity,,,,91.19,498.14,ETH is the only tradable market and holds +1.94% while BTC is flat at +0.06% — add to the relative-strength leader with most of remaining cash.
2026-07-29T11:50:00Z,buy,ETH-USD,vetoed,position would exceed 25% of equity,,,,91.19,498.34,"Crypto is the only tradable market this cycle and ETH holds +2.11% near session highs while BTC lags at +0.16%, so I add to the leader with roughly half of remaining cash."
2026-07-29T12:00:01Z,buy,ETH-USD,vetoed,position would exceed 25% of equity,,,,91.19,498.36,"Crypto is the only tradable market and ETH is holding +2.12% near session highs while BTC lags at +0.19%, so I add to the leader with most of remaining cash."
2026-07-29T12:10:00Z,buy,ETH-USD,vetoed,position would exceed 25% of equity,,,,91.19,498.17,"ETH is the only tradable market with real momentum at +1.97% while BTC sits flat at +0.07%, so I'm deploying half of remaining cash to add to the winner rather than sit idle with equities closed."
2026-07-29T12:20:01Z,buy,ETH-USD,vetoed,position would exceed 25% of equity,,,,91.19,497.72,"ETH is the only tradable market with real strength at +1.58% versus BTC flat at -0.09%, so I add to the leader while equities are closed."
2026-07-29T12:30:00Z,buy,ETH-USD,vetoed,position would exceed 25% of equity,,,,91.19,497.79,"Crypto is the only tradable market and ETH holds +1.63% while BTC is flat at -0.09%, so I add to the leader with roughly half of remaining cash rather than sitting flat for a seventh straight cycle."
2026-07-29T12:40:00Z,buy,ETH-USD,vetoed,position would exceed 25% of equity,,,,91.19,497.81,"ETH is the only tradable market and it's holding +1.65% while BTC sits flat at -0.08% — that relative strength is the one real momentum edge available, so I'm adding to the existing position with a sub-position-limit clip that keeps ETH under 25% of equity."
2026-07-29T12:50:00Z,buy,ETH-USD,vetoed,position would exceed 25% of equity,,,,91.19,497.84,"ETH is the only tradable market with real momentum, holding +1.68% while BTC sits flat at -0.10%, so add to the existing crypto leg with roughly half the free cash."
2026-07-29T13:00:00Z,buy,ETH-USD,vetoed,position would exceed 25% of equity,,,,91.19,497.69,"ETH is the only tradable market and is holding +1.55% while BTC is flat at -0.20%, so I add to the existing crypto position on relative strength with cash I'd otherwise leave idle overnight."
2026-07-29T13:10:00Z,buy,ETH-USD,vetoed,position would exceed 25% of equity,,,,91.19,497.75,"ETH is the only tradable market with real relative strength at +1.61% while BTC sits flat at -0.16%, so I'm adding to the existing crypto leg with most of my idle cash while equities are closed."
2026-07-29T13:20:00Z,sell,ETH-USD,approved,ok,-0.062116,1900.21,118.03,209.23,497.56,"ETH is the only tradable market and my position is down 0.81% while ETH's +1.44% day gain fades and BTC sits negative — cut the loser, free the capital, and re-enter on a confirmed crypto breakout rather than adding to a sagging position at a bad average."
2026-07-29T13:30:01Z,sell,DIA,approved,ok,-0.218158,522.71,114.03,323.26,496.62,"DIA is my only losing equity position at -0.84% while the tape is broadly risk-off (QQQ -4.24%, TSLA -17.89%) — cut the laggard and raise cash for a cleaner setup."
2026-07-29T13:30:01Z,buy,AAPL,vetoed,position would exceed 25% of equity,,,,323.26,496.62,"AAPL is the strongest relative-strength name on the board at +4.35% on a red day, and my existing lot is already green — add to the winner."
2026-07-29T13:40:00Z,sell,AAPL,approved,ok,-0.362817,341.24,123.81,447.07,497.12,AAPL is up 4.71% on a broadly red tape and is my only real winner — take the +0.97% gain into strength rather than hold beta into a NVDA/TSLA-led risk-off session.
2026-07-29T13:40:00Z,sell,META,approved,ok,-0.084263,594.01,50.05,497.12,497.12,META is down 5.29% today and my flat position is a coin flip in a falling knife — cut it and hold cash for a cleaner entry.
2026-07-29T13:50:01Z,buy,AAPL,approved,ok,0.174784,343.28,60.00,437.12,497.12,AAPL at +5.34% is the only name with strong relative strength on a deeply red tape and it has extended since my 13:40 exit — re-enter momentum with ~12% of equity.
2026-07-29T13:50:01Z,buy,ETH-USD,approved,ok,0.026192,1909.00,50.00,387.12,497.12,"ETH is +1.91% and outperforming BTC's +0.40%, the only crypto showing genuine relative strength while equities sell off."
2026-07-29T14:00:00Z,sell,AAPL,approved,ok,-0.174784,342.81,59.92,447.04,497.01,"AAPL's +5.19% relative-strength pop is stalling below my $343.28 entry while the broad tape keeps bleeding (QQQ -4.8%, NVDA -8.75%) — cut the flat position fast rather than hold a fading leader into a risk-off close."
2026-07-29T14:00:00Z,sell,ETH-USD,approved,ok,-0.026192,1908.00,49.97,497.01,497.01,ETH is barely above water at -0.05% and crypto beta will not decouple from an equity tape this red — exit flat and hold cash for a cleaner entry.
2026-07-29T14:00:00Z,buy,TSLA,approved,ok,0.196245,305.74,60.00,437.01,497.01,TSLA -18.25% is a washout-scale dislocation far beyond every other name on the board; a small 12% -of-equity starter plays the mean-reversion snap with defined size.
2026-07-29T14:10:00Z,sell,TSLA,approved,ok,-0.196245,304.62,59.78,496.79,496.79,TSLA -18.55% keeps making new lows and my catch is already red — cut the knife before it costs more than the 0.37% it has.
2026-07-29T14:10:00Z,buy,AAPL,approved,ok,0.175111,342.64,60.00,436.79,496.79,AAPL +5.14% is the lone green equity on a broadly red tape and relative strength is the only edge worth paying for right now.
2026-07-29T14:20:00Z,sell,AAPL,approved,ok,-0.175111,341.18,59.74,496.54,496.54,"AAPL's relative-strength bid has faded — it's rolled from +5.14% to +4.69% and is now 0.43% under my entry while the entire tape (NVDA -9.5%, QQQ -5.1%, TSLA -18.4%) accelerates lower, so I take the small loss rather than let the last green name catch down."
2026-07-29T14:20:00Z,buy,MSFT,approved,ok,0.153178,391.70,60.00,436.54,496.54,"MSFT +0.35% is the only large-cap holding green with almost no extension, making it the cleanest relative-strength survivor to carry a small ~12% position into a tape where every high-beta name is being liquidated."
2026-07-29T14:30:00Z,sell,MSFT,approved,ok,-0.153178,392.50,60.12,496.66,496.66,MSFT is up only +0.20% on my entry and it's the last green large-cap on a tape where QQQ -5.38% and NVDA -9.58% are still bleeding — take the small win before broad-market beta drags the only holding red.
2026-07-29T14:30:00Z,buy,AAPL,approved,ok,0.175901,341.10,60.00,436.66,496.66,"AAPL +4.67% is the sole meaningfully green equity against a deeply red tape, and re-entering the relative-strength leader with ~12% of equity is the highest-probability momentum play available this cycle."
2026-07-29T14:40:00Z,sell,AAPL,approved,ok,-0.175901,341.38,60.05,496.71,496.71,AAPL is only +0.08% on my entry and has stalled at the $341 level after three round-trips there — take the scratch profit before it rolls over like the last two attempts.
2026-07-29T14:40:00Z,buy,NVDA,approved,ok,0.313267,191.53,60.00,436.71,496.71,"NVDA -9.68% is the most washed-out name on the tape after TSLA's -18.9% capitulation, and a deeply oversold semi leader is the cleanest mean-reversion snap candidate into the close."
2026-07-29T14:50:00Z,sell,NVDA,approved,ok,-0.313267,191.91,60.12,496.83,496.83,"NVDA is only +0.20% on my entry after four cycles of chop and is still the weakest large-cap on a broadly red tape (-9.50%), so I take the small win rather than hold a knife-catch into further downside."
2026-07-29T14:50:00Z,buy,AAPL,approved,ok,0.161281,341.02,55.00,441.83,496.83,"AAPL +4.64% is the only meaningfully green name on a tape where QQQ is -5.40% and TSLA -19%, and that relative-strength divergence is the cleanest momentum long available — small 11% position with a fast exit if it loses $340."
2026-07-29T15:00:00Z,sell,AAPL,approved,ok,-0.161281,340.44,54.91,496.73,496.73,"AAPL is -0.17% on my entry and has now failed at $341 for the third straight cycle while the broad tape keeps bleeding (QQQ -5.31%, NVDA -9.22%), so I cut the stalled long rather than hold a fading relative-strength trade."
2026-07-29T15:00:00Z,buy,TSLA,approved,ok,0.198046,302.96,60.00,436.73,496.73,"TSLA -19.00% is a full capitulation flush far beyond every other name on the board, and I want a small ~12% of equity position for the mean-reversion snap off the lows with a fast exit if it keeps bleeding."
2026-07-29T15:10:00Z,hold,TSLA,approved,hold,,,,436.73,496.72,"TSLA is flat on my entry one cycle after a -19% capitulation flush and has stopped making new lows, so I give the bounce another cycle rather than churning out at breakeven."
2026-07-29T15:10:00Z,buy,NVDA,approved,ok,0.311018,192.91,60.00,376.73,496.72,"NVDA -9.03% is the second-most washed-out name on a broadly red tape (QQQ -5.14%, META -5.84%, AMZN -6.75%) and is a liquid mean-reversion snap candidate at ~12% of equity, keeping me at two positions and well inside the 25% single-name cap."
2026-07-29T15:20:01Z,sell,NVDA,approved,ok,-0.311018,192.35,59.82,436.56,496.39,NVDA is -0.29% on my entry and going nowhere while TSLA offers the sharper snap-back setup — free the capital rather than sit in a dead second position.
2026-07-29T15:20:01Z,buy,AAPL,approved,ok,0.176546,339.86,60.00,376.56,496.39,"AAPL +4.29% is the single green outlier on a tape where QQQ is -5.45% and TSLA is -19%, so relative-strength money is rotating into it and I want a 12% starter riding that momentum."
2026-07-29T15:30:01Z,sell,AAPL,approved,ok,-0.176546,339.88,60.00,436.56,496.50,"AAPL is flat on my entry after already running +4.29% as the lone green name on a tape where QQQ is -5.47% — a stalled extended outlier into broad risk-off is where I take the free exit, not where I add."
2026-07-29T15:30:01Z,buy,NVDA,approved,ok,0.311931,192.35,60.00,376.56,496.50,"NVDA at -9.29% is the most washed-out large-cap on the board behind TSLA and has now leaked to a fresh low on the day, giving a sharper snap-back setup than the AAPL money is currently earning."
2026-07-29T15:40:00Z,sell,NVDA,approved,ok,-0.311931,191.84,59.84,436.40,496.41,NVDA is -0.27% on my entry and has stalled for a full cycle while the tape keeps bleeding — recycle the capital rather than sit in a dead mean-reversion trade.
2026-07-29T15:40:00Z,buy,MSFT,approved,ok,0.152130,394.40,60.00,376.40,496.41,"MSFT +1.04% is the only large-cap tech name holding green while QQQ is -5.53%, making it the cleanest relative-strength momentum long on the board."
2026-07-29T15:50:00Z,sell,MSFT,approved,ok,-0.152130,395.01,60.09,436.50,496.37,"MSFT is only +0.16% on my entry and is the last green large-cap on a tape where QQQ is -5.44% and NVDA is -9.49% — that relative-strength bid is the next thing to get sold, so I take the small win now."
2026-07-29T15:50:00Z,buy,TSLA,approved,ok,0.165393,302.31,50.00,386.50,496.37,"TSLA at -19.17% is a washed-out capitulation candidate and I'm already flat-to-slightly-red on a small base, so I add roughly 10% of equity for the snap-back bounce with a fast exit if it keeps bleeding."
2026-07-29T16:00:00Z,sell,TSLA,approved,ok,-0.363439,301.55,109.60,496.09,496.09,TSLA is -0.37% on my entry and hasn't bounced across a full cycle while sitting -19.37% on the day — cut the knife-catch and free the capital.
2026-07-29T16:00:00Z,buy,AAPL,approved,ok,0.175922,341.06,60.00,436.09,496.09,"AAPL at +4.65% is the strongest name on a deeply red tape and is extending, not fading — buy relative strength instead of catching falling large-caps."
2026-07-29T16:10:00Z,sell,AAPL,approved,ok,-0.175922,341.00,59.99,496.08,496.08,"AAPL is flat on my entry after a full cycle and is the lone green name on a tape where TSLA -19.6%, NVDA -9.8% and QQQ -5.8% signal broad risk-off — a lone strong-holdout large cap is the last one to get sold, so I'm cutting the stall and standing aside."
2026-07-29T16:10:00Z,buy,TSLA,approved,ok,0.199491,300.76,60.00,436.08,496.08,"TSLA at -19.58% is the most washed-out name on the board and stopped making new lows in the last cycle (301.55 → 300.76), so I'm taking a small 12% starter for a capitulation snap-back with a tight leash."
2026-07-29T16:20:00Z,buy,MSFT,approved,ok,0.165040,393.85,65.00,371.08,496.04,"MSFT is one of only two green large-caps on a tape where SPY is -2% and NVDA/TSLA are in freefall, and unlike AAPL at +4.67% it isn't extended — buying relative strength at 393.85, ~1.20 below where I sold it, for a low-beta bounce leg."
2026-07-29T16:30:00Z,sell,MSFT,approved,ok,-0.165040,395.56,65.28,436.36,496.38,MSFT is +0.44% on my entry and one of the only green names on a violently red tape — take the fast profit before the broad-market selling drags it back to flat.
2026-07-29T16:30:00Z,sell,TSLA,approved,ok,-0.199491,300.87,60.02,496.38,496.38,"TSLA is flat on entry after a full cycle with zero bounce off a -19.5% washout — the reversal thesis isn't paying, so recycle the capital rather than sit in a knife."
2026-07-29T16:30:00Z,buy,AAPL,approved,ok,0.175824,341.25,60.00,436.38,496.38,"AAPL at +4.71% is the single strongest name on the board and extending its relative-strength gap while NVDA -9.7%, QQQ -5.5% and TSLA -19.6% collapse — buy the leader, not the falling knives."
2026-07-29T16:40:00Z,sell,AAPL,approved,ok,-0.175824,340.56,59.88,496.26,496.26,"AAPL has stalled and rolled over from +4.7% to +4.5% while I'm underwater on entry — the relative-strength trade failed to extend, so I cut it flat rather than hold a fading leader into a -1.85% SPY tape."
2026-07-29T16:40:00Z,buy,MSFT,approved,ok,0.151880,395.05,60.00,436.26,496.26,"MSFT is the only large-cap still green and holding gains on a violently red tape where NVDA -9.5%, TSLA -19.4% and QQQ -5.6% — that persistent relative strength is where the money is hiding."
2026-07-29T16:50:01Z,sell,MSFT,approved,ok,-0.151880,394.63,59.94,496.20,496.20,MSFT has faded from +1.4% to +1.10% and is red on my entry while the tape keeps breaking down — cut it flat rather than hold the last green name into a QQQ -5.5% close.
2026-07-29T16:50:01Z,buy,AAPL,approved,ok,0.176007,340.89,60.00,436.20,496.20,"AAPL at +4.60% remains the only name with genuine relative strength on a violently red board, so I rotate the MSFT capital into the strongest momentum leader with a tight leash."
2026-07-29T17:00:01Z,buy,AAPL,approved,ok,0.146486,341.33,50.00,386.20,496.28,AAPL is making new session highs at +4.74% and is green on my entry — add to the only name showing genuine relative strength while keeping the position under the 25% cap.
2026-07-29T17:00:01Z,buy,MSFT,approved,ok,0.113864,395.21,45.00,341.20,496.28,"MSFT has reclaimed my exit price and firmed from +1.10% back to +1.25%, making it the second green large-cap holding gains against a broadly red tape — small re-entry with a tight leash."
2026-07-29T17:10:00Z,sell,AAPL,approved,ok,-0.322493,341.61,110.17,451.37,496.40,AAPL is my only winner at +4.82% and up on both entries while every other index and megacap is bleeding — take the profit into strength rather than hold a lone green name into a -5% QQQ tape.
2026-07-29T17:10:00Z,sell,MSFT,approved,ok,-0.113864,395.52,45.04,496.40,496.40,"MSFT is barely green on entry (+0.08%) and its +1.33% is the last hold-out on a tape where NVDA -9%, TSLA -19% and QQQ -5% — exit flat before the last two green names get dragged down."
2026-07-29T17:20:00Z,buy,AAPL,approved,ok,0.204162,342.87,70.00,426.40,496.40,"AAPL is making new session highs at +5.21% and has broken above my 341.61 exit — it is the only name with genuine relative strength on a tape where NVDA is -9% and TSLA is -19%, so I re-enter the leader on the breakout."
2026-07-29T17:20:00Z,buy,MSFT,approved,ok,0.138731,396.45,55.00,371.40,496.40,"MSFT has firmed from +1.33% to +1.57% and is holding green while QQQ bleeds -4.92%, making it the second-best relative-strength name worth a small starter."
2026-07-29T17:30:00Z,sell,AAPL,approved,ok,-0.204162,342.72,69.97,441.37,496.34,"AAPL is my only real edge and it has stalled at +5.16% just below the session high I chased at 342.87 — with SPY -1.57%, QQQ -5.14% and TSLA -19% the tape is breaking down hard, so I take the flat-to-tiny-loss exit rather than hold a lone green name into a risk-off cascade."
2026-07-29T17:30:00Z,sell,MSFT,approved,ok,-0.138731,396.22,54.97,496.34,496.34,"MSFT has faded from +1.57% to +1.51% and sits below my 396.45 entry — it is the last green hold-out on a red tape and momentum has turned, so I cut it now instead of letting it converge to the index."
2026-07-29T17:30:00Z,buy,AMZN,approved,ok,0.239011,230.12,55.00,441.34,496.34,"AMZN at -6.02% is a large-cap flush without TSLA's -19% falling-knife profile or NVDA's -9.42% break, and with the account fully de-risked I take one small 11%-of-equity mean-reversion snap entry to stay engaged rather than sit flat."
2026-07-29T17:40:00Z,sell,AMZN,approved,ok,-0.239011,229.46,54.84,496.18,496.18,"AMZN is red on entry and the tape has broken down hard since — QQQ -5.11%, NVDA -9.41%, TSLA -19.21% — so I cut the loser and go to cash rather than average into a market-wide flush."
2026-07-29T17:40:00Z,buy,AAPL,approved,ok,0.174917,343.02,60.00,436.18,496.18,"AAPL at +5.26% is making new session highs and is the only symbol on the board with genuine relative strength against a broadly red tape, so I take a small momentum entry with a fast stop under 340."
2026-07-29T17:50:00Z,sell,AAPL,approved,ok,-0.174917,343.05,60.01,496.19,496.19,"AAPL is flat on entry at +0.01% while the entire tape breaks down harder (TSLA -19%, NVDA -9.4%, QQQ -5%, META -5.4%) — a lone green large-cap that has stopped extending is the last thing to get sold, so I take the free exit and go to cash rather than hold a stalled winner into a broad flush."
2026-07-29T18:00:00Z,buy,AAPL,approved,ok,0.174754,343.34,60.00,436.19,496.19,"AAPL at +5.35% is the only green large-cap making new session highs while the rest of the tape flushes, so I re-enter the single symbol with real relative strength on a small 12% stake."
2026-07-29T18:00:00Z,buy,MSFT,approved,ok,0.113350,397.00,45.00,391.19,496.19,"MSFT at +1.71% has firmed back above my prior exit and is the second-strongest name on the board, giving a modest 9% momentum add alongside AAPL."
2026-07-29T18:10:01Z,sell,AAPL,approved,ok,-0.174754,343.70,60.06,451.25,496.38,"AAPL is only +0.10% on entry while the entire tape breaks down hard (TSLA -18.6%, NVDA -8.7%, QQQ -4.4%) — a lone green large-cap in a市场-wide flush is a trap, take the flat exit before it catches down."
2026-07-29T18:10:01Z,sell,MSFT,approved,ok,-0.113350,398.17,45.13,496.38,496.38,Take the +0.29% gain on MSFT rather than hold a second long-only tech position into a -4.4% QQQ session where breadth is collapsing.
2026-07-29T18:10:01Z,buy,ETH-USD,approved,ok,0.031295,1917.21,60.00,436.38,496.38,"ETH at +2.35% is the only asset showing real momentum uncorrelated to the equity flush, with crypto trading independent of the tape-wide equity breakdown."
2026-07-29T18:20:02Z,sell,ETH-USD,approved,ok,-0.031295,1907.76,59.70,496.09,496.09,ETH is red on entry at -0.49% and losing its uncorrelated-strength thesis while equities keep breaking down — cut the loser fast per the small-and-fast rule.
2026-07-29T18:20:02Z,buy,AAPL,approved,ok,0.174495,343.85,60.00,436.09,496.09,AAPL at +5.51% is the strongest name on the tape and the only large-cap making session highs while everything else bleeds — buy the relative-strength leader for a short momentum hold.
2026-07-29T18:30:00Z,sell,AAPL,approved,ok,-0.174495,343.58,59.95,496.04,496.04,"AAPL is red on my entry and it's the last green large-cap in a tape where NVDA -8.8%, TSLA -19%, QQQ -4.7% are collapsing — a lone strong name into a broad breakdown is the next one to get sold, so I take the small loss and go flat."
2026-07-29T18:30:00Z,buy,BTC-USD,approved,ok,0.000937,64025.96,60.00,436.04,496.04,"BTC at -0.44% is the most resilient asset on the board versus a -4.66% QQQ, giving me a low-beta momentum vehicle that isn't chained to the equity liquidation."
2026-07-29T18:40:00Z,buy,ETH-USD,approved,ok,0.031355,1913.59,60.00,376.04,496.12,"ETH at +2.15% is the only asset with real upside momentum and it is outperforming BTC by 2.5 points, so I want the stronger crypto leg alongside my existing BTC core."
2026-07-29T18:40:00Z,buy,MSFT,approved,ok,0.137883,398.89,55.00,321.04,496.12,"MSFT +2.19% is holding green against a -4.37% QQQ and a -8.41% NVDA, which is exactly the kind of relative-strength divergence that leads a bounce when the tech tape stabilizes."
2026-07-29T18:40:00Z,hold,BTC-USD,approved,hold,,,,321.04,496.12,"BTC is green on my entry and the most resilient asset on the board, so I let the winner run rather than churning it a third time."
2026-07-29T18:50:00Z,sell,ETH-USD,approved,ok,-0.031355,1921.60,60.25,381.29,496.95,ETH is up 2.58% on the day and green on my entry — take the fast profit while crypto is still bid rather than hold into a tape where NVDA -7.6% and TSLA -18% signal broad risk-off.
2026-07-29T18:50:00Z,buy,AAPL,approved,ok,0.174507,343.82,60.00,321.29,496.95,"AAPL at +5.50% is the strongest name on the entire board and the clearest momentum leader in a heavily red tape, so I want exposure to the one large-cap actually breaking out."
2026-07-29T19:00:00Z,sell,AAPL,approved,ok,-0.174507,342.80,59.82,381.11,496.57,AAPL is up 5.19% on the day but has rolled over against my 343.82 entry and is now red while SPY and QQQ bleed — cut the loser fast rather than hold a stretched name into a risk-off tape.
2026-07-29T19:00:00Z,buy,ETH-USD,approved,ok,0.031279,1918.20,60.00,321.11,496.57,"ETH at +2.40% is the strongest momentum on the board and crypto is decoupling from a -3.71% QQQ and -17.81% TSLA, so I re-enter the name I already scalped green."
2026-07-29T19:10:01Z,sell,MSFT,approved,ok,-0.137883,396.95,54.73,375.85,495.64,"MSFT is +1.69% on the day but has faded from the +2.19% level where I bought and is now red on my entry — cut the loser fast while the broad tape (QQQ -4.32%, SPY -1.19%) is bleeding."
2026-07-29T19:10:01Z,sell,ETH-USD,approved,ok,-0.031279,1908.01,59.68,435.53,495.64,"ETH momentum has decayed from +2.40% at entry to +1.86% and it is red on my basis — the decoupling trade failed, so exit and free the cash."
2026-07-29T19:10:01Z,buy,AAPL,approved,ok,0.175475,341.93,60.00,375.53,495.64,AAPL at +4.92% is the only strong green name on a broadly red board and is the cleanest momentum long available.
2026-07-29T19:20:00Z,sell,BTC-USD,approved,ok,-0.000937,64171.17,60.14,435.66,495.74,BTC is dead flat at -0.22% with no directional edge and is tying up capital I need for the only two names showing real relative strength.
2026-07-29T19:20:00Z,buy,MSFT,approved,ok,0.163366,397.88,65.00,370.66,495.74,"MSFT has re-accelerated from +1.69% to +1.93% while QQQ is -4.56% and TSLA is -18.79%, making it the cleanest relative-strength long on a violently red board."
2026-07-29T19:20:00Z,hold,AAPL,approved,hold,,,,370.66,495.74,"AAPL is +5.05% and green on my basis as the strongest name on the board, so I let the winner run rather than churning it a fourth time."
2026-07-29T19:30:00Z,sell,MSFT,approved,ok,-0.163366,395.97,64.69,435.35,495.27,"MSFT has faded from +1.93% at entry to +1.44% and is red on my basis while QQQ is -4.93% and NVDA -8.79%, so I cut the loser fast rather than let a broad tech flush drag it down."
2026-07-29T19:30:00Z,sell,AAPL,approved,ok,-0.175475,341.45,59.92,495.27,495.27,"AAPL has decayed from +5.05% to +4.77% and is now red on my basis, and with TSLA -19%, NVDA -8.8%, META -6.1% and QQQ -4.9% the tape is in a full risk-off flush that lone green mega-cap names rarely survive."
2026-07-29T19:30:00Z,buy,ETH-USD,approved,ok,0.031541,1902.30,60.00,435.27,495.27,"ETH is the only asset on the board that is green and uncorrelated to the equity flush at +1.55% while BTC is only -0.55%, making it the cleanest momentum vehicle while stocks liquidate."
2026-07-29T19:40:00Z,sell,ETH-USD,approved,ok,-0.031541,1898.00,59.86,495.13,495.13,"ETH has faded from its intraday high and is red on my basis while the whole equity board is in a broad risk-off flush, so I take the small loss and free capital rather than hold a position with no momentum."
2026-07-29T19:40:00Z,buy,TSLA,approved,ok,0.200481,299.28,60.00,435.13,495.13,"TSLA at -19.98% is a violent capitulation flush far beyond every other name on the board, and I want a small tactical long for the mean-reversion snap with a fast exit if it keeps bleeding."
2026-07-29T19:40:00Z,buy,AAPL,approved,ok,0.161955,339.60,55.00,380.13,495.13,"AAPL is the only strong name on the board at +4.21% while SPY is -2.12% and QQQ is -5.61%, and that relative-strength divergence is the cleanest momentum long available this cycle."
2026-07-29T19:50:02Z,sell,TSLA,approved,ok,-0.200481,298.59,59.86,439.99,495.02,"TSLA is -20% on the day and my knife-catch is red with no bounce after a full cycle, so I cut it before the flush extends and free cash for a better setup."
2026-07-29T19:50:02Z,buy,AAPL,approved,ok,0.147150,339.79,50.00,389.99,495.02,"AAPL is the only meaningfully green name on a board where SPY is -2.18% and NVDA is -9.54%, and it has ticked up from my basis, so I add to the one confirmed relative-strength leader."
2026-07-29T20:00:00Z,sell,AAPL,approved,ok,-0.309105,338.08,104.50,494.50,494.50,"AAPL is my only position, red on basis after averaging up twice into a +3.74% extended move while the entire tape (SPY -2.41%, QQQ -6.20%, NVDA -10.32%, TSLA -20.21%) is in a broad risk-off flush — a lone green megacap is the last domino, not a safe haven, so I take the small loss and go to cash."
2026-07-29T20:00:00Z,buy,NVDA,approved,ok,0.315515,190.16,60.00,434.50,494.50,"NVDA at -10.32% is the most stretched high-beta liquid name on the board and is the primary candidate for a late-day mean-reversion snap, so I take a small ~12% of equity starter rather than fading the strongest name."
2026-07-29T20:10:01Z,sell,NVDA,vetoed,market closed for this symbol,,,,434.50,494.45,NVDA is flat on my basis after a full cycle with no bounce off a -10.4% flush and the market is closed so I cannot manage it — take the near-scratch exit and hold cash.
2026-07-29T20:10:01Z,buy,ETH-USD,approved,ok,0.031955,1877.65,60.00,374.50,494.45,"ETH is the only green asset that is actually tradable right now, holding +0.24% while BTC is -1.57% and every equity index is deeply red — that relative strength in a 24/7 market is the sole live edge on the board."
2026-07-29T20:20:00Z,sell,NVDA,vetoed,market closed for this symbol,,,,374.50,494.73,NVDA is flat-to-red on basis after two full cycles with zero bounce off a -10.4% flush and the equity market is closed so it can't work for me this cycle — recycle the dead capital into the only live tape.
2026-07-29T20:20:00Z,buy,ETH-USD,approved,ok,0.031805,1886.52,60.00,314.50,494.73,"ETH is the only green, actually-tradable asset on the board and it's extended my entry +0.47% while BTC is -1.17%, so I'm adding to the relative-strength leg on the 24/7 tape."
2026-07-29T20:30:00Z,sell,NVDA,vetoed,market closed for this symbol,,,,314.50,494.44,NVDA has gone three full cycles flat-to-red on my basis with zero bounce off a -10.4% flush and the market is closed so no catalyst can arrive — recycle the dead capital rather than hold a non-mover.
2026-07-29T20:30:00Z,buy,ETH-USD,vetoed,position would exceed 25% of equity,,,,314.50,494.44,"ETH is the only green, actively tradable asset on the board at +0.47% and it has been grinding higher each cycle, so add to the working momentum trade while staying under the 25% single-position cap."
2026-07-29T21:10:00Z,sell,NVDA,vetoed,market closed for this symbol,,,,314.50,494.22,"NVDA is untradable with the equity market closed, so this is a queued exit — four cycles flat-to-red on basis with zero bounce off a -10.4% flush means the dip-buy thesis is dead and I want the ~$60 back as dry powder."
2026-07-29T21:10:00Z,buy,ETH-USD,vetoed,position would exceed 25% of equity,,,,314.50,494.22,"ETH is the only green, actually-tradable asset on the board (+0.28%) while BTC bleeds -1.61%, and that relative strength divergence is the one live momentum edge this cycle; a ~$48 add keeps ETH under the 25% single-position cap."
2026-07-29T21:20:03Z,sell,NVDA,vetoed,market closed for this symbol,,,,314.50,494.48,"Queued exit — NVDA has gone four cycles flat-to-red on basis with zero bounce off a -10.4% day, so I'm dumping the dead weight at the open rather than hoping for a fifth."
2026-07-29T21:20:03Z,buy,ETH-USD,vetoed,position would exceed 25% of equity,,,,314.50,494.48,"ETH is the only green, actually-tradable asset on the board (+0.50%) while BTC bleeds -1.45%, so I'm adding a ~9% equity clip to the sole momentum leader I can actually fill right now."
2026-07-29T21:30:00Z,sell,NVDA,vetoed,market closed for this symbol,,,,314.50,494.79,"NVDA is down 10.4% on the day with zero bounce off the lows across five straight cycles and the equity market is closed, so I'm queuing a full exit at the open rather than carrying a broken-momentum name overnight."
2026-07-29T21:30:00Z,buy,ETH-USD,vetoed,position would exceed 25% of equity,,,,314.50,494.79,"ETH is the only green, actually-tradable asset on the board (+0.76%) while BTC bleeds -1.27%, and that relative-strength divergence is the one live momentum edge available in a closed-equity cycle — adding ~9% of equity to the existing winner."
2026-07-29T21:40:00Z,sell,NVDA,vetoed,market closed for this symbol,,,,314.50,494.86,"Queued exit — NVDA is down 10.4% on the day with no bounce across six straight cycles and my basis is underwater, so I want the full position gone at the open rather than carrying a broken-momentum name overnight."
2026-07-29T21:40:00Z,buy,ETH-USD,vetoed,position would exceed 25% of equity,,,,314.50,494.86,"ETH is the only green, actually-tradable asset on the board (+0.82% and strengthening each cycle) while BTC bleeds -1.21%, so I'm adding ~10% of equity to the position that is already working and staying within the 25% single-name cap."
2026-07-29T21:50:00Z,sell,NVDA,vetoed,market closed for this symbol,,,,314.50,494.98,NVDA is down 10.4% on the day with no bounce across seven straight cycles and it's a dead position at basis — free the ~$60 for the only tradable momentum on the board.
2026-07-29T21:50:00Z,buy,ETH-USD,vetoed,position would exceed 25% of equity,,,,314.50,494.98,"ETH is the only green, tradable asset (+0.92%) and strengthening while BTC bleeds -1.19% — add to the winner with a ~11% of equity clip, sized under the 25% single-position cap."
2026-07-29T22:00:00Z,sell,NVDA,vetoed,market closed for this symbol,,,,314.50,495.34,NVDA is down 10.4% on the day with no bounce across eight straight cycles; free the ~$60 of dead capital rather than hold a broken chart into the next session.
2026-07-29T22:00:00Z,buy,ETH-USD,vetoed,position would exceed 25% of equity,,,,314.50,495.34,ETH is the only green tradable asset (+1.22%) and strengthening while BTC bleeds -0.83% — add to the winner with a ~10% equity clip using existing cash.
2026-07-29T22:10:00Z,sell,NVDA,vetoed,market closed for this symbol,,,,314.50,495.77,NVDA is down 10.4% on the day with no bounce across nine straight cycles and it's the larger of my two positions — dump the dead weight and free cash for the only asset actually moving.
2026-07-29T22:10:00Z,buy,ETH-USD,vetoed,position would exceed 25% of equity,,,,314.50,495.77,"ETH is the only green tradable asset (+1.58%) and strengthening while BTC bleeds -0.64% — add to the winner with a ~9% of equity entry, still inside the 25% single-position cap."
2026-07-29T22:20:00Z,sell,ETH-USD,approved,ok,-0.031450,1907.81,60.00,374.50,496.09,"Scale out roughly half the ETH position into the +1.85% strength while crypto is the only tradable market, locking the gain and building cash since every equity leg is frozen until the open."
2026-07-29T22:30:00Z,sell,ETH-USD,approved,ok,-0.032310,1906.04,61.58,436.08,496.03,Take the remaining +1.27% ETH gain into strength while crypto is the only tradable tape and BTC is red — locks the day's only real profit.
2026-07-29T22:30:00Z,buy,BTC-USD,approved,ok,0.000860,63966.87,55.00,381.08,496.03,Rotate into BTC's -0.54% shallow pullback for a mean-reversion snap; crypto is the only live market and BTC is holding far better than the equity carnage.
2026-07-29T22:40:00Z,buy,ETH-USD,approved,ok,0.028901,1903.02,55.00,326.08,495.95,"ETH is the only green tradable asset at +1.59% and just gave back a small dip from the 1907-1908 highs I sold into, so re-enter roughly 11% of equity on relative strength while BTC bleeds."
2026-07-29T22:50:03Z,sell,BTC-USD,approved,ok,-0.000860,63843.18,54.89,380.97,495.92,"BTC has failed to snap back for two cycles and is now -0.73% on the day making fresh lows, so cut the mean-reversion trade that isn't working and keep the cash."
2026-07-29T22:50:03Z,buy,ETH-USD,approved,ok,0.015765,1902.99,30.00,350.97,495.92,"ETH is the only asset still green (+1.59%) and holding while BTC breaks down, so add to relative strength with a small tack-on rather than sitting on idle cash."
2026-07-29T23:00:00Z,sell,NVDA,vetoed,market closed for this symbol,,,,350.97,496.00,"NVDA is a -10.4% broken-tape holding I cannot manage while equities are closed, so free the ~$60 of dead capital into cash for tradable crypto."
2026-07-29T23:00:00Z,buy,ETH-USD,vetoed,position would exceed 25% of equity,,,,350.97,496.00,"ETH remains the only green tradable asset at +1.68% and is making higher lows against a red BTC tape, so add to the relative-strength leader."
2026-07-29T23:10:00Z,sell,ETH-USD,approved,ok,-0.044666,1902.90,85.00,435.97,495.92,"ETH is my only tradable position with equities closed and it has round-tripped to flat at my avg after three straight adds, so I take the free exit while it is still at breakeven rather than hold an oversized crypto book into a tape where BTC is red and NVDA is a frozen -10% anchor I cannot hedge."
2026-07-29T23:20:00Z,buy,ETH-USD,approved,ok,0.028828,1907.89,55.00,380.97,495.92,"ETH is the only tradable asset with real upward momentum (+1.85%, now above the 1902-1903 level I sold into) and equities are closed, so I re-enter the confirmed breakout with ~11% of equity."
2026-07-29T23:20:00Z,hold,NVDA,approved,hold,,,,380.97,495.92,NVDA is -10.4% on a closed tape and cannot be traded this cycle regardless of thesis.
2026-07-29T23:30:00Z,sell,ETH-USD,approved,ok,-0.028828,1906.17,54.95,435.92,495.87,"ETH round-tripped my entry and is now red at -0.09% while BTC is -0.61% and the entire equity tape closed with catastrophic breadth (TSLA -20%, NVDA -10%, QQQ -6%), so I cut the only tradable position rather than hold crypto beta into a risk-off gap."
2026-07-29T23:30:00Z,hold,NVDA,approved,hold,,,,435.92,495.87,"NVDA is untradable with equities closed, so the -10.4% position must be carried into the next open."
2026-07-29T23:40:00Z,buy,ETH-USD,approved,ok,0.023619,1905.28,45.00,390.92,495.87,"ETH is the only tradable asset showing real strength at +1.71% while BTC is red, so I'm taking a ~9% equity starter long with a tight leash rather than sitting flat with equities closed."
2026-07-29T23:50:01Z,sell,ETH-USD,approved,ok,-0.023619,1907.91,45.06,435.98,495.93,"ETH is up only +0.14% on my entry while BTC is -0.63% and fading — crypto breadth is negative, so I take the small green off the table rather than round-trip it a fourth time."
2026-07-29T23:50:01Z,hold,NVDA,approved,hold,,,,435.98,495.93,NVDA is -10.4% on a closed tape and cannot be traded this cycle regardless of thesis.
2026-07-30T00:00:00Z,buy,ETH-USD,approved,ok,0.026201,1908.30,50.00,385.98,495.93,"ETH is the only tradable venue with equities closed, and after selling into a shallow bounce twice I'm re-entering a small 10% starter at $1908 to catch the mean-reversion snap off a -2.31% flush while BTC holds above $63.8k."
2026-07-30T00:10:00Z,sell,ETH-USD,approved,ok,-0.026201,1910.40,50.06,436.04,495.99,"ETH is only +0.11% on my entry while both crypto legs are red on the day (ETH -2.20%, BTC -2.13%) — take the scratch profit rather than hold a fading tape into a closed-equity cycle."
2026-07-30T00:10:00Z,hold,NVDA,approved,hold,,,,436.04,495.99,NVDA is -10.40% on a closed equity tape and cannot be traded this cycle regardless of the setup.
2026-07-30T00:20:03Z,hold,none,approved,hold,,,,436.04,495.99,"Equities are closed and both crypto legs are red on the day (BTC -2.11%, ETH -2.24%) with no momentum to buy into after two straight scratch trades in ETH, so I hold NVDA's small untradable position and stay flat in crypto rather than pay spread for a coin flip."
2026-07-30T00:30:00Z,buy,ETH-USD,approved,ok,0.028817,1908.61,55.00,381.04,495.99,"Equities are shut so ETH is the only tradable venue; ETH at $1908.61 is holding the same $1905-1911 shelf it has bounced off for three straight cycles while BTC leads the fade, so I take a small 11%-of-equity long against that shelf for a quick scalp back toward $1915."
2026-07-30T00:40:00Z,buy,ETH-USD,approved,ok,0.026339,1898.30,50.00,331.04,495.69,"Equities are closed so ETH is the only tradable momentum venue; ETH at $1898 has snapped ~$10 below my $1908.61 avg into a washed-out level, so I add ~$50 to average down and scalp the bounce with total ETH exposure still near 20% of equity."
2026-07-30T00:50:00Z,sell,ETH-USD,approved,ok,-0.055156,1896.20,104.59,435.62,495.57,"ETH is -2.93% on the day and below my $1903.69 average with no bounce after two adds, so I cut the loser and free ~$104 of cash rather than keep averaging into a downtrend on the only open venue."
2026-07-30T01:00:00Z,hold,none,approved,hold,,,,435.62,495.57,"Equities are closed and both crypto legs are down another leg (BTC -2.61%, ETH -2.91%) with three straight losing ETH round-trips this session — I just exited ETH into weakness and see no bounce signal to justify a fourth re-entry, so I stay flat in crypto and keep the small NVDA stub until the equi"
2026-07-30T01:10:00Z,buy,BTC-USD,approved,ok,0.000706,63712.44,45.00,390.62,495.57,Equities are closed so crypto is the only venue; BTC at $63.7k has stopped making new lows this cycle (-2.49% vs -2.61% prior) so I'm taking a small 9% mean-reversion probe with a tight leash.
2026-07-30T01:10:00Z,hold,NVDA,approved,hold,,,,390.62,495.57,"NVDA is -10.40% but untradable on a closed tape, so the position rides until the open."
2026-07-30T01:20:00Z,sell,BTC-USD,approved,ok,-0.000706,63655.85,44.96,435.58,495.53,"BTC is still bleeding at -2.58% on the day and my entry from last cycle never bounced, so I cut the loser fast and free up cash rather than average into a falling knife."
2026-07-30T01:20:00Z,buy,ETH-USD,approved,ok,0.028945,1900.17,55.00,380.58,495.53,"ETH at $1900.17 is down -2.73% and sitting on the round-number level after a multi-hour slide — a 11% equity probe for the mean-reversion snap, with BTC weakness as the immediate stop signal."
2026-07-30T01:30:00Z,sell,ETH-USD,approved,ok,-0.028945,1904.51,55.13,435.71,495.66,"ETH is only +0.23% on my entry while still -2.50% on the day and dragging along the lows with BTC -2.44%, so I take the small green and stay out of a broken tape rather than sit through another downleg."
2026-07-30T01:30:00Z,hold,NVDA,approved,hold,,,,435.71,495.66,"NVDA is -10.40% but the equity tape is closed, so the position cannot be traded this cycle and rides until the open."
2026-07-30T01:40:00Z,buy,BTC-USD,approved,ok,0.000783,63875.11,50.00,385.71,495.66,"BTC at $63,875 is holding above the prior $63.6k cycle low while ETH remains weaker, so I'm taking a ~10% equity long on the relative-strength divergence with a tight stop under $63.5k."
2026-07-30T01:40:00Z,hold,NVDA,approved,hold,,,,385.71,495.66,"NVDA is -10.40% but the equity tape is closed, so the 0.3155 shares cannot be traded this cycle and must ride to the open."
2026-07-30T01:50:02Z,sell,BTC-USD,approved,ok,-0.000783,64149.09,50.21,435.92,495.87,"BTC is +0.43% on my entry but still -1.82% on the day and rolling over with ETH at -1.91%, so I bank the small gain rather than hold a weak crypto tape into a lower low."
2026-07-30T02:00:00Z,buy,BTC-USD,approved,ok,0.000810,64222.48,52.00,383.92,495.87,"BTC at $64,222 has now built a higher low above the $63.6k base and is outperforming ETH's -1.97% on the day, so I re-enter the stronger crypto leg for another quick momentum scalp with a tight leash under $63.8k."
2026-07-30T02:00:00Z,hold,NVDA,approved,hold,,,,383.92,495.87,"NVDA is -10.40% but the equity tape is closed, so the 0.3155 shares cannot be traded this cycle."
2026-07-30T02:10:00Z,sell,BTC-USD,approved,ok,-0.000810,64232.81,52.01,435.93,495.88,"BTC is only +0.02% on my $64,222 entry and still -1.69% on the day with ETH weaker at -1.96%, so the higher-low thesis has stalled — bank the flat trade and keep dry powder rather than hold a stalling crypto long while equities are closed."
2026-07-30T02:10:00Z,hold,NVDA,approved,hold,,,,435.93,495.88,"NVDA is -10.40% but the equity tape is closed, so the 0.3155 shares cannot be traded this cycle."
2026-07-30T02:20:01Z,buy,BTC-USD,approved,ok,0.000856,64250.98,55.00,380.93,495.88,"Equities are shut so crypto is the only live tape, and BTC at $64,251 is holding above the $63.6k base while down just -1.67% versus ETH -1.96% — taking a small 11% relative-strength long with a tight exit if it loses $63.9k."
2026-07-30T02:30:00Z,sell,BTC-USD,approved,ok,-0.000856,64266.95,55.01,435.94,495.90,"BTC is only +0.02% on my $64,251 entry while still -1.64% on the day with ETH weaker at -2.07%, so the higher-low thesis has stalled — take the flat scratch off rather than hold a losing tape into a closed-equity cycle."
2026-07-30T02:40:00Z,buy,ETH-USD,approved,ok,0.023547,1911.04,45.00,390.94,495.90,"Equities are closed so crypto is the only live tape; ETH is down -2.17% versus BTC's -1.79%, so I'm taking a small 9%-of-equity long on the more oversold leg for a mean-reversion snap, cutting on any new low."
2026-07-30T02:40:00Z,hold,NVDA,approved,hold,,,,390.94,495.90,"NVDA is -10.40% but the equity tape is closed, so the 0.3155 shares cannot be traded this cycle."
2026-07-30T02:50:00Z,buy,BTC-USD,approved,ok,0.000857,64164.76,55.00,335.94,495.89,"Equities are dark so crypto is the only live tape, and BTC at $64,165 is down only -1.80% versus ETH's -2.18%, so I'm adding the relatively stronger leg for a fast scalp back toward $64,300."
2026-07-30T02:50:00Z,hold,ETH-USD,approved,hold,,,,335.94,495.89,"ETH is flat on my $1,911.04 entry with no edge in dumping it for a two-basis-point loss; give the position room to snap back."
2026-07-30T02:50:00Z,hold,NVDA,approved,hold,,,,335.94,495.89,"NVDA is -10.40% but the equity tape is closed, so the 0.3155 shares cannot be traded this cycle."
2026-07-30T03:00:00Z,buy,ETH-USD,approved,ok,0.023577,1908.60,45.00,290.94,495.79,"ETH is the weakest live tape at -2.29% versus BTC -1.89%, so I'm adding to the existing 0.0235 ETH near $1,908 for a mean-reversion snap while crypto is the only market open."
2026-07-30T03:00:00Z,hold,BTC-USD,approved,hold,,,,290.94,495.79,"BTC at $64,103 is only -0.10% on my $64,165 entry and I'd rather concentrate the mean-reversion add in the more oversold ETH than double the correlated crypto beta."
2026-07-30T03:00:00Z,hold,NVDA,approved,hold,,,,290.94,495.79,"NVDA is -10.40% but the equity tape is closed, so the 0.3155 shares cannot be traded this cycle."
2026-07-30T03:10:00Z,buy,ETH-USD,vetoed,position would exceed 25% of equity,,,,290.94,495.75,"ETH is the weakest live tape at -2.33% versus BTC -1.90% and my adds are only -0.10% underwater, so I'm pressing the mean-reversion snap in the softer of the two tradable crypto names with a 45-dollar clip that keeps ETH under the 25% cap."
2026-07-30T03:10:00Z,hold,BTC-USD,approved,hold,,,,290.94,495.75,"BTC at $64,101 is essentially flat on my entry and I'd rather concentrate the remaining cash in the weaker ETH tape than double up on correlated beta."
2026-07-30T03:10:00Z,hold,NVDA,approved,hold,,,,290.94,495.75,"NVDA is -10.40% but the equity tape is closed, so the 0.3155 shares cannot be traded this cycle."
2026-07-30T03:20:03Z,buy,ETH-USD,vetoed,position would exceed 25% of equity,,,,290.94,495.87,"ETH is the weakest live tape at -2.24% versus BTC -1.85%, so I'm adding a 10% tranche to the existing ETH base for the overnight mean-reversion snap while crypto is the only tradable market."
2026-07-30T03:20:03Z,hold,BTC-USD,approved,hold,,,,290.94,495.87,BTC is only -0.05% on my entry and I'd rather concentrate remaining cash in the more oversold ETH leg than double the correlated crypto exposure.
2026-07-30T03:20:03Z,hold,NVDA,approved,hold,,,,290.94,495.87,"NVDA is -10.40% but the equity tape is closed, so the 0.3155 shares cannot be traded this cycle."
2026-07-30T03:30:00Z,buy,BTC-USD,approved,ok,0.000701,64175.99,45.00,245.94,495.99,"BTC is the strongest of the two live crypto tapes (-1.78% vs ETH -2.14%) and my position sits flat at breakeven, so I add a 9% tranche to the relative-strength leg while equities are closed."
2026-07-30T03:30:00Z,hold,ETH-USD,approved,hold,,,,245.94,495.99,ETH is the weaker tape and already carries a small gain; I keep the position but route new cash to BTC rather than doubling the laggard.
2026-07-30T03:30:00Z,hold,NVDA,approved,hold,,,,245.94,495.99,"NVDA is -10.40% but the equity market is closed, so the 0.3155 shares cannot be traded this cycle."
2026-07-30T03:40:00Z,buy,BTC-USD,vetoed,position would exceed 25% of equity,,,,245.94,495.59,"BTC is the strongest of the two live tapes (-1.96% vs ETH -2.37%) and my existing lot is only -0.17% underwater, so I add a ~10% equity tranche to the relative-strength leg on this dip."
2026-07-30T03:40:00Z,sell,ETH-USD,approved,ok,-0.047125,1907.10,89.87,335.82,495.59,"ETH is the weakest live tape and is lagging BTC on the bounce, so I cut the laggard to recycle capital into the stronger leg rather than hold two correlated crypto losers."
2026-07-30T03:40:00Z,hold,NVDA,approved,hold,,,,335.82,495.59,"NVDA is -10.40% but the equity tape is closed, so the 0.3155 shares cannot be traded this cycle."
2026-07-30T03:50:00Z,sell,BTC-USD,approved,ok,-0.001558,64104.91,99.90,435.72,495.67,"Crypto is the only live tape and BTC keeps grinding lower (-1.89%) after my last add, so I cut the losing position rather than average into a downtrend."
2026-07-30T03:50:00Z,buy,ETH-USD,approved,ok,0.028806,1909.30,55.00,380.72,495.67,"ETH at $1909 is down 2.26% and stretched further than BTC, giving the better mean-reversion snap on the next bounce with an ~11% of equity starter."
2026-07-30T03:50:00Z,hold,NVDA,approved,hold,,,,380.72,495.67,"NVDA is -10.40% but the equity tape is closed, so the 0.3155 shares cannot be traded this cycle."
2026-07-30T04:00:00Z,sell,ETH-USD,approved,ok,-0.028806,1908.10,54.97,435.68,495.63,"ETH is the weakest live tape at -2.32% and is still lagging BTC's -1.93%, so the mean-reversion snap I bought at $1909.30 has not materialized and I cut it flat rather than hold a lagging loser."
2026-07-30T04:00:00Z,buy,BTC-USD,approved,ok,0.000858,64077.74,55.00,380.68,495.63,"BTC is the relatively stronger of the two live tapes and $64,078 is a shallower pullback, so I rotate the freed crypto capital into the leader for the bounce with roughly 11% of equity."
2026-07-30T04:00:00Z,hold,NVDA,approved,hold,,,,380.68,495.63,"NVDA is -10.40% but the equity tape is closed, so the 0.3155 shares cannot be traded this cycle."
2026-07-30T04:10:00Z,sell,BTC-USD,approved,ok,-0.000858,64044.26,54.97,435.65,495.60,"BTC is still bleeding at -1.98% with no bounce after two cycles of round-tripping the same $64k level, so I take the tiny loss and stop paying spread on a downtrend."
2026-07-30T04:10:00Z,buy,ETH-USD,approved,ok,0.028847,1906.59,55.00,380.65,495.60,ETH at $1906 is the more oversold live tape (-2.40% vs BTC -1.98%) and gives the higher-beta snapback if crypto stabilizes overnight.
2026-07-30T04:10:00Z,hold,NVDA,approved,hold,,,,380.65,495.60,"NVDA is -10.40% but the equity tape is closed, so the 0.3155 shares cannot be traded this cycle."
2026-07-30T04:20:00Z,sell,ETH-USD,approved,ok,-0.028847,1903.56,54.91,435.56,495.52,"ETH is still the weakest live tape at -2.55% and has kept sliding since entry with no bounce, so cut the loser fast rather than average into a falling knife."
2026-07-30T04:20:00Z,buy,BTC-USD,approved,ok,0.000859,64015.56,55.00,380.56,495.52,"BTC at -2.03% is holding better than ETH on the same risk-off tape, so rotate the crypto sleeve into the relatively stronger asset for any overnight mean-reversion snap."
2026-07-30T04:20:00Z,hold,NVDA,approved,hold,,,,380.56,495.52,"NVDA is -10.40% but the equity tape is closed, so the 0.3155 shares cannot be traded this cycle."
2026-07-30T04:30:01Z,sell,BTC-USD,approved,ok,-0.000859,64008.83,54.99,435.56,495.51,"BTC has round-tripped flat for two cycles on a -2% risk-off tape with no bounce, so cut the dead capital rather than pay another cycle of chop."
2026-07-30T04:30:01Z,buy,ETH-USD,approved,ok,0.031519,1903.64,60.00,375.56,495.51,ETH at $1903 is the deeper-oversold of the two live tapes (-2.55% vs BTC -2.04%) and offers the sharper mean-reversion snap if crypto stabilizes overnight.
2026-07-30T04:30:01Z,hold,NVDA,approved,hold,,,,375.56,495.51,"NVDA is -10.40% but the equity tape is closed, so the 0.3155 shares cannot be traded this cycle."
2026-07-30T04:40:00Z,sell,ETH-USD,approved,ok,-0.031519,1902.80,59.97,435.53,495.48,"ETH has failed to bounce for two straight cycles and is now the weakest live tape at -2.59% (worse than the -2.55% at entry), so cut the loser fast rather than average into a bleeding risk-off crypto tape."
2026-07-30T04:40:00Z,buy,BTC-USD,approved,ok,0.000937,64011.17,60.00,375.53,495.48,"Rotate roughly 12% of equity into BTC at -2.03%, the relatively stronger of the two tradable live tapes, for a mean-reversion snap with a tight leash."
2026-07-30T04:40:00Z,hold,NVDA,approved,hold,,,,375.53,495.48,"NVDA is -10.40% but equities are closed this cycle, so the 0.3155 shares cannot be traded and must ride into the next session."
2026-07-30T04:50:03Z,sell,BTC-USD,approved,ok,-0.000937,64013.15,60.00,435.53,495.49,"BTC has gone nowhere in two cycles at -2.03% on a broad risk-off tape and I am not being paid for a flat carry, so I take the position off and redeploy."
2026-07-30T04:50:03Z,buy,ETH-USD,approved,ok,0.031542,1902.20,60.00,375.53,495.49,ETH at $1902 is the deeper-oversold live tape (-2.62% vs BTC -2.03%) and offers the better mean-reversion snap for a ~12% equity entry while equities stay closed.
2026-07-30T04:50:03Z,hold,NVDA,approved,hold,,,,375.53,495.49,"NVDA is -10.40% and I would cut it, but the equity tape is closed this cycle so the 0.3155 shares cannot be traded."
2026-07-30T05:00:00Z,hold,none,approved,hold,,,,375.53,495.40,"Equities are closed so NVDA cannot be cut, and the only live tape is crypto where I just rotated into ETH one cycle ago at $1902 — flipping ETH again into a still-falling BTC (-2.16%) on a broad risk-off day would just pay spread twice with no edge."
2026-07-30T05:10:00Z,sell,ETH-USD,approved,ok,-0.031542,1899.92,59.93,435.46,495.41,"ETH has not snapped back after a full cycle and is now the weakest live tape at -2.74% versus BTC -2.21%, so I cut the loser fast and rotate into relative strength."
2026-07-30T05:10:00Z,buy,BTC-USD,approved,ok,0.000939,63895.76,60.00,375.46,495.41,"BTC is the stronger of the two live crypto tapes and $60 is roughly 12% of equity, keeping the position inside the 25% cap while staying engaged with the only tradable market this cycle."
2026-07-30T05:10:00Z,hold,NVDA,approved,hold,,,,375.46,495.41,"NVDA is -10.40% and I want it gone, but equities are closed this cycle so the 0.3155 shares cannot be sold until the tape reopens."
2026-07-30T05:20:00Z,sell,BTC-USD,approved,ok,-0.000939,63904.24,60.01,435.47,495.42,"BTC has gone nowhere for a full cycle at +0.01% while the whole tape bleeds (-2.20% today, ETH -2.75%), so I take the flat exit and free cash rather than sit in a dead long into further downside."
2026-07-30T05:30:01Z,buy,BTC-USD,approved,ok,0.000860,63922.73,55.00,380.47,495.42,"BTC at -2.17% is the shallower of the two live crypto tapes and has held ~$63.9k flat for two cycles while ETH keeps sliding, so I take a ~11% of equity long on the stabilizing tape with a tight cut if it breaks $63.5k."
2026-07-30T05:40:00Z,sell,BTC-USD,approved,ok,-0.000860,63975.67,55.05,435.52,495.47,"BTC is only +0.08% after a full cycle while the whole tape bleeds -2%, so I'm taking the tiny scalp gain rather than holding a flat position into further crypto downside; NVDA stays stuck until equities reopen."
2026-07-30T05:50:00Z,hold,none,approved,hold,,,,435.52,495.47,"Equities are closed so NVDA can't be cut, and both live crypto tapes are bleeding (BTC -2.06%, ETH -2.51%) with no snap-back after three straight round-trips that each netted roughly nothing minus spread — paying spread again into a falling tape is negative edge, so I stand down this cycle and re-en"
2026-07-30T06:00:00Z,buy,BTC-USD,approved,ok,0.000938,63947.72,60.00,375.52,495.47,"Equities are closed and NVDA can't be cut, so the only live edge is BTC holding ~$63.9k for four straight cycles while ETH is -2.55% — buying the shallower crypto tape for a bounce scalp at ~12% of equity."
2026-07-30T06:10:00Z,sell,BTC-USD,approved,ok,-0.000938,63903.85,59.96,435.47,495.43,"BTC is flat at -0.07% after a full cycle while the broader tape bleeds -2% and ETH is worse at -2.68%, so I'm taking the stale crypto position off and holding cash rather than paying spread on a coin that won't trend."
2026-07-30T06:40:00Z,buy,BTC-USD,approved,ok,0.000782,63935.75,50.00,385.47,495.43,"Equities are shut so NVDA can't be touched; BTC at -2.15% is holding the $63.9k shelf it has defended for six straight cycles while ETH is twice as weak, so I'm taking another small long off support with a fast exit next cycle if it doesn't lift."
2026-07-30T07:10:00Z,sell,BTC-USD,approved,ok,-0.000782,63987.34,50.04,435.52,495.47,"BTC is only +0.08% after a full cycle while the tape bleeds -2% and the $63.9k shelf keeps failing to produce a bounce, so I take the tiny gain and stay flat rather than hold a stalled position into further downside."
2026-07-30T07:20:00Z,buy,BTC-USD,approved,ok,0.000703,64040.22,45.00,390.52,495.47,"Equities are closed so NVDA can't be cut; BTC at -1.99% is holding the $64k shelf and is the only live tape with a defined risk level, so I take a ~9% equity long into the bounce with ETH lagging harder."
2026-07-30T07:30:00Z,buy,ETH-USD,approved,ok,0.026267,1903.56,50.00,340.52,495.42,"ETH at -2.55% is the deepest-discounted live tape and has lagged BTC's bounce, so a small mean-reversion entry gives fresh exposure while BTC position stays flat."
2026-07-30T07:40:00Z,sell,BTC-USD,approved,ok,-0.000703,63953.76,44.94,385.45,495.37,"BTC is -0.14% underwater and stalled at the $63.9k shelf that has now failed twice this session, so I take the small loss and free capital rather than average a broken level."
2026-07-30T07:40:00Z,buy,ETH-USD,approved,ok,0.026286,1902.15,50.00,335.45,495.37,"ETH at -2.62% is the deepest-discounted live tape and the only asset tradable this cycle with a real mean-reversion snap available, so I add to the existing lot near the lows for the bounce."
2026-07-30T07:50:03Z,sell,ETH-USD,approved,ok,-0.052553,1901.73,99.94,435.40,495.35,"ETH is the only live tape and it's still -2.65% with no bounce after two adds — the mean-reversion snap hasn't come, so cut it flat and free cash for a cleaner setup rather than averaging into a falling knife."
2026-07-30T07:50:03Z,buy,BTC-USD,approved,ok,0.000782,63915.53,50.00,385.40,495.35,"BTC at -2.18% is down half as much as ETH and holding the $63.9k shelf better on a relative-strength basis, so rotate a 10%-of-equity starter into the stronger of the two live assets."
2026-07-30T08:00:01Z,sell,BTC-USD,approved,ok,-0.000782,63923.44,50.01,435.40,495.35,"BTC is flat at +0.01% after the rotation out of ETH and is still -2.17% on the day with no reclaim of the $64k shelf, so I bank the scratch and free the cash rather than pay another cycle of chop."
2026-07-30T08:00:01Z,buy,ETH-USD,approved,ok,0.031563,1900.99,60.00,375.40,495.35,"ETH is down 2.68% versus BTC's 2.17% and has the wider snapback range on the only live tape, so I take a 12% of equity mean-reversion entry with the cash freed from BTC."
2026-07-30T08:10:00Z,sell,ETH-USD,approved,ok,-0.031563,1900.63,59.99,435.39,495.34,"ETH has been dead money across three cycles of rotation — flat at -0.02% while still -2.70% on the day with no bounce, so cut it and stop paying the churn."
2026-07-30T08:10:00Z,buy,BTC-USD,approved,ok,0.000860,63935.49,55.00,380.39,495.34,"BTC at -2.15% is the shallower drawdown of the two live tapes and has repeatedly held the $63.9k shelf, giving the better risk-adjusted snapback into the only tradable market this cycle."
2026-07-30T08:20:00Z,sell,BTC-USD,approved,ok,-0.000860,63921.54,54.99,435.38,495.33,BTC has gone nowhere across three rotation cycles and is still -2.17% on the day with no reversal signal — take the flat exit and stop churning the only live tape.
2026-07-30T08:20:00Z,buy,ETH-USD,approved,ok,0.023657,1902.20,45.00,390.38,495.33,"ETH at -2.62% is the deeper drawdown of the two live crypto tapes and offers the wider snapback range if the overnight risk-off bid returns, sized at ~9% of equity for a fast scalp."
2026-07-30T08:30:00Z,sell,ETH-USD,approved,ok,-0.023657,1911.70,45.22,435.60,495.55,"ETH is +0.50% on the position and up against BTC on the day, so take the small win rather than watch a third rotation round-trip back to flat."
2026-07-30T08:30:00Z,buy,BTC-USD,approved,ok,0.000935,64191.77,60.00,375.60,495.55,"BTC at -1.76% is the shallower drawdown and the only other live tape, so rotate the crypto sleeve into it for the snapback with a ~12% of equity entry."
2026-07-30T08:40:00Z,sell,BTC-USD,approved,ok,-0.000935,64157.10,59.97,435.57,495.52,"BTC has produced nothing across four straight rotation cycles and is flat at -0.05% on this entry, so free the capital rather than pay another cycle of chop."
2026-07-30T08:40:00Z,buy,ETH-USD,approved,ok,0.031399,1910.89,60.00,375.57,495.52,"ETH at -2.18% is the deeper drawdown of the two tradable live tapes and has snapped back harder than BTC on prior rotations, so take the mean-reversion side with a 12% equity entry."
2026-07-30T08:50:00Z,sell,ETH-USD,approved,ok,-0.031399,1913.15,60.07,435.64,495.59,ETH is +0.12% on the position and has stalled after its snap-back while still -2.06% on the day — take the small win and free the capital rather than hold a fading bounce.
2026-07-30T08:50:00Z,buy,BTC-USD,approved,ok,0.000934,64231.44,60.00,375.64,495.59,"BTC at -1.70% is the shallower, more stable of the two live crypto tapes and is holding above its intraday low, so rotate freed capital into the firmer tape for a momentum continuation."
2026-07-30T09:10:00Z,sell,BTC-USD,approved,ok,-0.000934,64250.82,60.02,435.66,495.61,BTC has chopped flat across four rotation cycles and is only +0.03% on the position — free the cash rather than pay another cycle of nothing.
2026-07-30T09:10:00Z,buy,ETH-USD,approved,ok,0.031359,1913.31,60.00,375.66,495.61,"ETH at -2.05% is the deeper drawdown of the two live tapes and has repeatedly produced the sharper snap-back off these lows, so take the mean-reversion side with ~12% of equity."
2026-07-30T09:20:01Z,sell,ETH-USD,approved,ok,-0.031359,1914.29,60.03,435.69,495.64,ETH is only +0.05% after two cycles of holding and is stalling near flat while BTC's shallower -1.58% tape offers no better edge — free the capital rather than bleed time in a dead position.
2026-07-30T09:20:01Z,buy,BTC-USD,approved,ok,0.000933,64307.53,60.00,375.69,495.64,"BTC at -1.58% is the least-damaged live tape with equities shut, and a ~12% equity entry keeps me positioned for an overnight crypto bounce without concentrating risk."
2026-07-30T09:30:00Z,sell,BTC-USD,approved,ok,-0.000933,64402.64,60.09,435.78,495.73,"BTC is only +0.15% after two cycles of chop and has flattened out near $64.4k while ETH sits -1.83% and deeper in its intraday hole, so I rotate out of the stalled tape."
2026-07-30T09:30:00Z,buy,ETH-USD,approved,ok,0.031289,1917.61,60.00,375.78,495.73,"ETH at -1.83% is the more oversold of the two live tapes and has repeatedly snapped back off these lows, so I take a ~12% equity position for the mean-reversion bounce with equities closed."
2026-07-30T09:40:00Z,sell,ETH-USD,approved,ok,-0.031289,1917.60,60.00,435.78,495.73,"ETH is dead flat at breakeven after a full cycle and the -1.83% bounce thesis never triggered, so recycle the capital rather than hold a stalled tape."
2026-07-30T09:40:00Z,buy,BTC-USD,approved,ok,0.000930,64494.00,60.00,375.78,495.73,"BTC at -1.30% is the shallower, better-supported of the two live tapes and holding the $64.4k shelf, so rotate into the stronger crypto for the next leg."
2026-07-30T09:50:01Z,sell,BTC-USD,approved,ok,-0.000930,64508.99,60.01,435.79,495.74,BTC is flat at +0.02% after a full cycle and has stalled at $64.5k with no follow-through on the bounce thesis — recycle the capital rather than pay time decay on chop.
2026-07-30T09:50:01Z,buy,ETH-USD,approved,ok,0.031292,1917.41,60.00,375.79,495.74,"ETH at -1.84% is the more oversold live tape and offers a wider snap-back range than BTC's flatlined $64.5k shelf, sized at ~12% of equity."
2026-07-30T10:00:00Z,sell,ETH-USD,approved,ok,-0.031292,1915.49,59.94,435.73,495.68,"ETH is flat at -0.10% one cycle into the snap-back trade and has stalled near $1915 with no bounce follow-through, so recycle the capital rather than sit in a dead tape."
2026-07-30T10:00:00Z,buy,BTC-USD,approved,ok,0.000931,64480.57,60.00,375.73,495.68,"BTC at -1.32% is the shallower, better-supported live tape and is holding $64.4k support while ETH keeps bleeding, so rotate into the stronger of the two 24h names for the next leg."
2026-07-30T10:10:00Z,sell,BTC-USD,approved,ok,-0.000931,64518.59,60.04,435.77,495.72,BTC is only +0.06% after a full cycle and has gone nowhere in three consecutive attempts at $64.5k — take the flat exit rather than pay another cycle of chop.
2026-07-30T10:10:00Z,buy,ETH-USD,approved,ok,0.031296,1917.15,60.00,375.77,495.72,ETH at -1.86% is the deeper-discounted of the two live tapes and offers a wider mean-reversion range than BTC's stalled $64.5k shelf.
2026-07-30T10:20:00Z,sell,ETH-USD,approved,ok,-0.031296,1917.01,60.00,435.76,495.71,"ETH is flat at -0.01% one cycle into the snap-back trade and has now stalled three cycles running in the same $1915-1917 band, so I'm cutting the dead capital rather than paying time for no move."
2026-07-30T10:20:00Z,buy,BTC-USD,approved,ok,0.000930,64521.71,60.00,375.76,495.71,"BTC at -1.25% is the shallower, better-bid of the two live tapes and is holding above $64.5k while ETH keeps failing, so I'm rotating into the stronger crypto for the overnight bounce."
2026-07-30T10:30:00Z,sell,BTC-USD,approved,ok,-0.000930,64532.45,60.01,435.77,495.72,BTC is +0.02% after a full cycle and has now stalled flat across four consecutive rotations — recycle the capital rather than pay churn on a dead tape.
2026-07-30T10:30:00Z,buy,ETH-USD,approved,ok,0.031288,1917.64,60.00,375.77,495.72,"ETH at -1.83% is the deeper-discounted live tape with the wider snap-back range, so rotate the crypto sleeve into it for the next cycle."
2026-07-30T10:40:00Z,sell,ETH-USD,approved,ok,-0.031288,1917.06,59.98,435.76,495.71,"ETH is flat at -0.03% one cycle into the snap-back trade and has now stalled across five consecutive cycles of coin-flipping between the two live tapes, so I take the dead money off the table."
2026-07-30T10:40:00Z,buy,BTC-USD,approved,ok,0.000930,64491.65,60.00,375.76,495.71,"BTC at -1.30% is the shallower-drawdown, better-bid live tape and its smaller intraday range makes it the lower-variance vehicle for a one-cycle mean-reversion bounce while equities are closed."
2026-07-30T10:50:01Z,sell,BTC-USD,approved,ok,-0.000930,64504.00,60.01,435.77,495.72,"BTC is +0.02% after a full cycle and has stalled flat again — no momentum, recycle the capital rather than pay time for a dead tape."
2026-07-30T10:50:01Z,buy,ETH-USD,approved,ok,0.031319,1915.79,60.00,375.77,495.72,"ETH at -1.93% is the deeper-discounted of the two tradable live tapes with the wider snap-back range, so rotate into it for the mean-reversion bounce."
2026-07-30T11:00:00Z,sell,ETH-USD,approved,ok,-0.031319,1916.08,60.01,435.78,495.73,ETH is flat at +0.02% one cycle into the snap-back entry with no follow-through — cut it fast and recycle the capital rather than sit dead.
2026-07-30T11:00:00Z,buy,BTC-USD,approved,ok,0.000931,64472.29,60.00,375.78,495.73,"BTC at -1.33% is the shallower-drawdown live tape holding a better bid than ETH's -1.91%, so rotate into the stronger of the two tradable crypto tapes for the mean-reversion bounce."
2026-07-30T11:10:00Z,sell,BTC-USD,approved,ok,-0.000931,64541.06,60.06,435.84,495.79,BTC is +0.11% one cycle into the snap-back entry and has stalled flat yet again — recycle the capital rather than sit in a dead tape.
2026-07-30T11:10:00Z,buy,ETH-USD,approved,ok,0.031295,1917.26,60.00,375.84,495.79,ETH at -1.85% is the deeper-discounted of the two tradable live tapes and offers the wider mean-reversion snap on the same crypto risk.
2026-07-30T11:20:00Z,sell,ETH-USD,approved,ok,-0.031295,1917.96,60.02,435.86,495.81,"ETH is flat at +0.04% one cycle into the snap-back entry with zero follow-through, so recycle the capital rather than sit in a dead tape."
2026-07-30T11:20:00Z,buy,BTC-USD,approved,ok,0.000930,64535.08,60.00,375.86,495.81,"BTC at -1.23% is holding the shallower drawdown and firmer bid of the two live tapes, so rotate into the stronger relative-strength crypto for the next leg."
2026-07-30T11:30:00Z,sell,BTC-USD,approved,ok,-0.000930,64495.47,59.96,435.83,495.78,"BTC is flat at -0.06% one cycle into the snap-back entry with zero follow-through, same stall pattern as the last three cycles — cut it and stop paying spread on a dead tape."
2026-07-30T11:30:00Z,buy,ETH-USD,approved,ok,0.031284,1917.93,60.00,375.83,495.78,ETH at -1.82% is the deeper-discounted of the two tradable live tapes and offers more mean-reversion room than BTC's shallower -1.29% drawdown.
2026-07-30T11:40:00Z,sell,ETH-USD,approved,ok,-0.031284,1919.16,60.04,435.86,495.81,"ETH is flat at +0.06% one cycle into the snap-back entry with no follow-through, so recycle the capital rather than pay another cycle of chop."
2026-07-30T11:40:00Z,sell,NVDA,vetoed,market closed for this symbol,,,,435.86,495.81,"NVDA is -10.4% on the day and underwater in the position, but market is closed so this exit is queued rather than filled."
2026-07-30T11:40:00Z,buy,BTC-USD,approved,ok,0.000929,64570.48,60.00,375.86,495.81,"BTC at -1.18% is the shallower drawdown with the firmer bid of the two live tapes, so rotate into the stronger relative-strength leg for the snap-back."
2026-07-30T11:50:01Z,sell,BTC-USD,approved,ok,-0.000929,64591.90,60.02,435.88,495.83,BTC is flat at +0.03% one cycle into the snap-back entry with no follow-through — cut it fast per the same pattern that has repeated all session rather than pay time decay on a dead tape.
2026-07-30T11:50:01Z,buy,ETH-USD,approved,ok,0.031260,1919.40,60.00,375.88,495.83,"Rotate into ETH at -1.74%, the deeper-discounted of the two live tapes, for a mean-reversion snap with a tight one-cycle leash."
2026-07-30T12:00:00Z,sell,ETH-USD,approved,ok,-0.031260,1920.55,60.04,435.92,495.87,"ETH is only +0.06% one cycle into the snap-back entry with no follow-through and the tape still -1.68% on the day, so cut the stalled scalp per the fast-exit rule."
2026-07-30T12:00:00Z,buy,BTC-USD,approved,ok,0.000927,64720.51,60.00,375.92,495.87,"Rotate the freed capital into BTC at -0.95%, the shallower and firmer of the two live tapes, for a mean-reversion scalp sized at ~12% of equity."
2026-07-30T12:10:00Z,sell,BTC-USD,approved,ok,-0.000927,64820.82,60.09,436.01,495.96,"BTC is only +0.15% one cycle into the snap-back entry with no follow-through and the tape rolling back to -0.80%, so take the small gain rather than sit through another flat cycle."
2026-07-30T12:10:00Z,buy,ETH-USD,approved,ok,0.031206,1922.73,60.00,376.01,495.96,"Rotate freed capital into ETH at -1.57%, the deeper-discounted of the two live tapes, for a mean-reversion snap on roughly 12% of equity."
2026-07-30T12:20:00Z,sell,ETH-USD,approved,ok,-0.031206,1920.05,59.92,435.93,495.88,"ETH is -0.14% one cycle into the snap-back entry with no follow-through, so cut it fast per the rules rather than hold a bleeding position."
2026-07-30T12:20:00Z,buy,BTC-USD,approved,ok,0.000925,64834.00,60.00,375.93,495.88,"Rotate freed capital into BTC at -0.77%, the shallower and firmer of the two live crypto tapes, for a mean-reversion bounce."
2026-07-30T12:30:00Z,sell,BTC-USD,approved,ok,-0.000925,64810.20,59.98,435.91,495.86,"BTC snap-back entry is flat at -0.04% one cycle in with no follow-through, so cut it per the fast-exit rule rather than pay a third round-trip on chop."
2026-07-30T12:30:00Z,buy,ETH-USD,approved,ok,0.031231,1921.18,60.00,375.91,495.86,"Rotate freed capital into ETH at -1.65% today, the deeper-discounted of the two live crypto names, for a mean-reversion snap with ~12% of equity."
2026-07-30T12:40:00Z,sell,ETH-USD,approved,ok,-0.031231,1919.05,59.93,435.84,495.79,"ETH snap-back entry is -0.11% one cycle in with no follow-through and is the weaker of the two live crypto tapes at -1.76%, so cut it per the fast-cut rule."
2026-07-30T12:40:00Z,buy,BTC-USD,approved,ok,0.000926,64785.81,60.00,375.84,495.79,Rotate freed capital into BTC at only -0.85% today — the firmer and shallower-declining live tape — for a momentum-relative-strength hold while equities are closed.
2026-07-30T12:50:00Z,sell,BTC-USD,approved,ok,-0.000926,64776.90,59.99,435.83,495.78,"BTC snap-back entry is flat at -0.01% one cycle in with zero follow-through — the same failed pattern three cycles running, so stop paying the spread and free the capital."
2026-07-30T12:50:00Z,buy,ETH-USD,approved,ok,0.031239,1920.65,60.00,375.83,495.78,"ETH is the deeper-discounted live name at -1.68% today versus BTC's -0.86%, giving a wider mean-reversion band on a ~12% equity entry."
2026-07-30T13:00:01Z,sell,ETH-USD,approved,ok,-0.031239,1923.04,60.07,435.91,495.86,"ETH snap-back entry is only +0.12% one cycle in and ETH is the weaker of the two crypto names today at -1.55% versus BTC's -0.77%, so book the small gain rather than sit through a fourth round-trip of the same chop."
2026-07-30T13:00:01Z,buy,BTC-USD,approved,ok,0.000925,64839.60,60.00,375.91,495.86,"Rotate freed capital into BTC, the firmer live name at only -0.77% today, sizing ~12% of equity for a snap-back off the shallower dip while the equity book stays closed."
2026-07-30T13:10:00Z,sell,BTC-USD,approved,ok,-0.000925,64797.27,59.96,435.87,495.82,"BTC snap-back entry is -0.07% one cycle in with no follow-through, so cut it fast per the rotate-on-no-momentum rule."
2026-07-30T13:10:00Z,buy,ETH-USD,approved,ok,0.031183,1924.12,60.00,375.87,495.82,"Rotate into ETH as the deeper-discounted live name at -1.50% today versus BTC's -0.83%, giving more mean-reversion room on a snap-back."
2026-07-30T13:20:00Z,sell,ETH-USD,approved,ok,-0.031183,1921.58,59.92,435.79,495.74,"ETH snap-back entry is -0.13% one cycle in with no follow-through and ETH remains the weaker crypto at -1.63% versus BTC's -0.90%, so cut it fast per the rotation rule."
2026-07-30T13:20:00Z,buy,BTC-USD,approved,ok,0.000927,64751.38,60.00,375.79,495.74,"Rotate freed capital into BTC as the firmer live name holding a shallower -0.90% drawdown, sizing about 12% of equity for a snap-back attempt."
2026-07-30T13:30:00Z,sell,NVDA,approved,ok,-0.315515,193.39,61.02,436.81,496.80,NVDA is down -7.36% today and my +1.70% gain on it is a bounce inside a hard downtrend — take the profit before the tape takes it back.
2026-07-30T13:30:00Z,buy,MSFT,approved,ok,0.136855,438.42,60.00,376.81,496.80,MSFT is the standout momentum name at +14.90% today while the rest of tech bleeds — buy the strength with roughly 12% of equity.
2026-07-30T13:30:00Z,buy,GOOGL,approved,ok,0.149674,334.06,50.00,326.81,496.80,"GOOGL at +5.15% is the second-strongest live name and confirms money rotating into large-cap mega tech, so add a 10% position alongside MSFT."
2026-07-30T13:40:00Z,sell,MSFT,approved,ok,-0.136855,447.47,61.24,388.04,497.73,MSFT is up an extreme +17.27% today and my +2.06% gain is a late chase into a parabolic move — take the profit before the fade.
2026-07-30T13:40:00Z,buy,AAPL,approved,ok,0.181313,330.92,60.00,328.04,497.73,"AAPL at +2.88% is the only large-cap holding a clean gain while QQQ is -2.50%, making it the strongest relative-strength entry that hasn't gone parabolic."
2026-07-30T13:50:00Z,sell,GOOGL,approved,ok,-0.149674,331.80,49.66,377.71,498.11,"GOOGL is up +4.44% today but my entry at $334.06 is underwater -0.68% into that strength, which means I bought the top tick of the move — cut it and stop paying for a late chase."
2026-07-30T13:50:00Z,buy,AMZN,approved,ok,0.255243,235.07,60.00,317.71,498.11,AMZN at +0.60% is the only tech name holding a quiet green while QQQ is -1.82% and NVDA/META are bleeding double digits — relative strength without an extended move to chase.
2026-07-30T14:00:00Z,sell,AMZN,approved,ok,-0.255243,236.69,60.41,378.12,498.49,AMZN is +0.69% on my entry and only +1.30% today while QQQ is -1.53% — take the fast scalp profit before the index drag pulls it red.
2026-07-30T14:00:00Z,buy,GOOGL,approved,ok,0.180720,332.00,60.00,318.12,498.49,"GOOGL at +4.51% is the strongest live momentum name still trending after my earlier exit at $331.80, and it is now printing higher at $332.00 — re-enter the leader with a 12% equity slice."
2026-07-30T14:10:00Z,sell,GOOGL,approved,ok,-0.180720,333.63,60.29,378.41,498.67,GOOGL is +5.02% today and my position is +0.49% green after a re-entry — take the fast scalp profit before a name this extended snaps back with QQQ at -1.74%.
2026-07-30T14:10:00Z,sell,BTC-USD,approved,ok,-0.000927,64690.65,59.94,438.36,498.67,BTC is -0.99% on the day and my position is red at -0.09% with ETH -1.77% confirming crypto weakness — cut the loser and free cash for equity momentum.
2026-07-30T14:10:00Z,buy,MSFT,approved,ok,0.145497,446.75,65.00,373.36,498.67,MSFT at +17.08% is the single strongest trending name on the board and is still holding its highs while everything else fades — take a small 13% starter in the day's clear leader.
2026-07-30T14:20:00Z,sell,MSFT,approved,ok,-0.145497,446.34,64.94,438.30,498.39,"MSFT is red on my entry at -0.09% after a +17% parabolic day — a stalled leader at the top of an extended move is not worth holding into the next cycle, so cut it flat and free the cash."
2026-07-30T14:20:00Z,buy,GOOGL,approved,ok,0.195160,333.06,65.00,373.30,498.39,"GOOGL at +4.84% is making a new high on the day and beat my last exit at $333.63 — re-enter the strongest still-climbing name while QQQ is -1.66%, since relative strength this clean is the best momentum edge on the board."
2026-07-30T14:30:01Z,sell,GOOGL,approved,ok,-0.195160,331.82,64.76,438.06,498.09,My GOOGL re-entry at $333.06 chased the high and is now -0.37% red as the move stalls — cut the loser fast and free the capital.
2026-07-30T14:30:01Z,buy,MSFT,approved,ok,0.155576,449.94,70.00,368.06,498.09,"MSFT is +17.91% and printing a new high on the day, above the $446.75 level I traded earlier, so re-enter the board's strongest trend with ~14% of equity."
2026-07-30T14:40:00Z,sell,MSFT,approved,ok,-0.155576,449.77,69.97,438.03,498.13,"MSFT re-entry at $449.94 is red again at -0.04% after a +17.9% parabolic day — the breakout above $446.75 has stalled twice now, so I cut it fast rather than hold a fading leader into a weak tape."
2026-07-30T14:40:00Z,buy,GOOGL,approved,ok,0.195283,332.85,65.00,373.03,498.13,"GOOGL at +4.77% is the strongest non-parabolic trend on the board and has pulled back to $332.85 from my $333.63 exit, giving a cheaper re-entry into an intact uptrend while QQQ/NVDA/META weakness keeps money rotating into it."
2026-07-30T14:50:00Z,sell,AAPL,approved,ok,-0.181313,332.14,60.22,433.25,498.22,AAPL is +3.26% and my position is only +0.37% green after three cycles of chop — take the small profit and free capital for a cleaner setup.
2026-07-30T14:50:00Z,buy,NVDA,approved,ok,0.306780,195.58,60.00,373.25,498.22,NVDA is -6.31% into a broad-market flat tape (SPY -0.12%) — an oversold single-name washout worth a small mean-reversion snap with a fast cut.
2026-07-30T15:00:00Z,sell,NVDA,approved,ok,-0.306780,194.80,59.76,433.01,497.99,"NVDA is -6.69% and still bleeding — my oversold bounce thesis has not paid after a full cycle, so I cut it before the drop extends."
2026-07-30T15:00:00Z,buy,AAPL,approved,ok,0.180620,332.19,60.00,373.01,497.99,"AAPL at +3.27% is holding a clean uptrend without the parabolic extension of MSFT, and it is the strongest large-cap not already fading into the red tape."
2026-07-30T15:10:00Z,sell,GOOGL,approved,ok,-0.195283,332.42,64.92,437.93,498.05,GOOGL is +4.64% but my entry at $332.85 has gone red and stalled for a full cycle — cut the flat loser and free capital rather than hold a broken momentum thesis.
2026-07-30T15:10:00Z,buy,AMZN,approved,ok,0.252956,237.19,60.00,377.93,498.05,"AMZN at +1.51% is the only large-cap holding a steady green uptrend without parabolic extension (MSFT +16.7%) or a knife-catch profile (NVDA -6.5%, META -11.2%), and it is outperforming a flat SPY."
2026-07-30T15:20:00Z,sell,AAPL,approved,ok,-0.180620,331.56,59.89,437.82,497.74,AAPL is red on entry after a full cycle and its +3.08% move has faded from the +3.27% level I bought — cut the stalled position and redeploy.
2026-07-30T15:20:00Z,buy,GOOGL,approved,ok,0.165658,332.01,55.00,382.82,497.74,"GOOGL at +4.51% is the strongest non-parabolic large-cap green name on a red tape (QQQ -1.87%), showing genuine relative strength worth a fresh momentum entry."
2026-07-30T15:30:01Z,sell,AMZN,approved,ok,-0.252956,236.60,59.85,442.66,497.56,AMZN is red on entry after a full cycle and its +1.26% is the weakest green move on the board — recycle the capital into a sharper setup.
2026-07-30T15:30:01Z,sell,GOOGL,approved,ok,-0.165658,331.39,54.90,497.56,497.56,"GOOGL has faded from +4.64% to +4.31% and my entry is red again for a second cycle — the momentum leg is over, cut it."
2026-07-30T15:30:01Z,buy,MSFT,approved,ok,0.134912,444.74,60.00,437.56,497.56,MSFT at +16.55% is the single strongest trend on the tape and is the only name making a decisive high-conviction move — take a small starter to ride the momentum leg.
2026-07-30T15:30:01Z,buy,AAPL,approved,ok,0.166065,331.19,55.00,382.56,497.56,AAPL at +2.96% is a clean secondary uptrend on a broadly red tape and is the best non-parabolic long alongside the MSFT leader.
2026-07-30T15:40:00Z,sell,MSFT,approved,ok,-0.134912,448.24,60.47,443.03,498.12,MSFT is +17.47% on the day and parabolic against a red tape — taking the +0.79% gain fast rather than holding a blow-off top into a fade.
2026-07-30T15:40:00Z,buy,GOOGL,approved,ok,0.180603,332.22,60.00,383.03,498.12,"GOOGL at +4.57% is the strongest clean uptrend that isn't parabolic and is making new highs while QQQ is red, so it's the best relative-strength entry available."
2026-07-30T15:50:00Z,sell,AAPL,approved,ok,-0.166065,331.86,55.11,438.14,498.39,AAPL is only +0.20% on entry and its +3.17% move is the weakest of the green names — free the cash for a stronger trend.
2026-07-30T15:50:00Z,buy,MSFT,approved,ok,0.133360,449.91,60.00,378.14,498.39,MSFT at +17.91% is by far the strongest trend on a mixed tape and it made a new high since I sold at $448.24 — re-entering the leader.
2026-07-30T16:00:01Z,sell,GOOGL,approved,ok,-0.180603,332.80,60.10,438.25,498.23,"GOOGL is only +0.17% on entry and its +4.75% run is stalling while the tape rolls over (QQQ -1.76%, NVDA -7.5%, META -12%) — take the small gain and free cash rather than hold a fading second-best trend."
2026-07-30T16:00:01Z,buy,MSFT,approved,ok,0.133393,449.80,60.00,378.25,498.23,"MSFT at +17.88% is still the single dominant trend on the tape and my existing lot is flat at cost, so I'm adding to the strongest name while keeping the position under the 25% cap."
2026-07-30T16:10:00Z,sell,MSFT,approved,ok,-0.266753,454.27,121.18,499.43,499.43,MSFT is +19.05% and vertically extended on a red tape while I sit +0.98% — banking the gain rather than holding a parabolic into a fade.
2026-07-30T16:10:00Z,buy,GOOGL,approved,ok,0.185835,333.63,62.00,437.43,499.43,GOOGL at +5.02% is the strongest non-parabolic uptrend on the board and the only large-cap making clean highs while QQQ/NVDA/META bleed.
2026-07-30T16:10:00Z,buy,AAPL,approved,ok,0.166188,330.95,55.00,382.43,499.43,"AAPL +2.89% is holding a steady green trend against a negative tape, a second momentum leg with far less blow-off risk than MSFT."
2026-07-30T16:20:00Z,sell,GOOGL,approved,ok,-0.185835,334.16,62.10,444.52,499.71,GOOGL is +5.18% and extended into its third leg while my position sits at only +0.16% — bank the flat trade and free capital rather than hold an exhausted move into a rolling tape.
2026-07-30T16:20:00Z,buy,MSFT,approved,ok,0.131817,455.18,60.00,384.52,499.71,MSFT at +19.29% is the single dominant trend on the board and still making highs while QQQ/NVDA bleed — re-enter the leader with a ~12% equity allocation.
2026-07-30T16:30:01Z,sell,AAPL,approved,ok,-0.166188,332.10,55.19,439.72,499.74,AAPL is only +0.35% after a +3.25% day and is the weakest of my two holdings against a red QQQ tape — bank the small gain and free cash for a better setup.
2026-07-30T16:30:01Z,buy,GOOGL,approved,ok,0.179198,334.82,60.00,379.72,499.74,"GOOGL at +5.39% is making a new high on the day and is the strongest clean uptrend on the board that isn't parabolic like MSFT, so I re-enter the momentum I sold too early."
2026-07-30T16:40:00Z,buy,AAPL,approved,ok,0.180720,332.01,60.00,319.72,499.58,"AAPL at +3.22% is the cleanest green trend on a mixed tape and is making a new high after I sold it too early last cycle, so I'm re-entering for the continuation."
2026-07-30T16:40:00Z,buy,AMZN,approved,ok,0.230357,238.76,55.00,264.72,499.58,"AMZN +2.18% is the second-strongest non-parabolic uptrend holding up while QQQ, NVDA and TSLA are red, filling my fourth slot with a diversified momentum leg."
2026-07-30T16:40:00Z,hold,MSFT,approved,hold,,,,264.72,499.58,"MSFT is only -0.21% against a +19.03% dominant day trend, so I keep the position but tighten mentally — any break of the day's uptrend and it goes next cycle."
2026-07-30T16:50:00Z,sell,GOOGL,approved,ok,-0.179198,333.70,59.80,324.51,499.42,"GOOGL is red against a +5.04% day and is my worst holder, so I cut it and free cash for the dominant trend."
2026-07-30T16:50:00Z,buy,MSFT,approved,ok,0.121027,454.44,55.00,269.51,499.42,MSFT at +19.10% is the single dominant trend on the board and I want more size in the only real momentum leader.
2026-07-30T17:00:00Z,sell,AAPL,approved,ok,-0.180720,331.64,59.93,329.45,499.52,"AAPL is red on my cost basis while the broad tape (QQQ -1.51%, NVDA -7.28%) rolls over, so I cut the weakest holder fast and free cash."
2026-07-30T17:00:00Z,sell,AMZN,approved,ok,-0.230357,238.32,54.90,384.35,499.52,"AMZN is my worst P/L at -0.18% and its +2.00% day is fading against a negative Nasdaq, so I exit rather than hold a stalling trend."
2026-07-30T17:00:00Z,buy,MSFT,vetoed,position would exceed 25% of equity,,,,384.35,499.52,"MSFT at +19.37% is the single dominant momentum name on the board and is green on my basis, so I add size to the only trend that's working."
2026-07-30T17:10:00Z,buy,MSFT,vetoed,position would exceed 25% of equity,,,,384.35,499.62,"MSFT at +19.48% is the only dominant trend on a mixed tape and my existing lot is green, so I add size to the winner."
2026-07-30T17:10:00Z,buy,GOOGL,approved,ok,0.149263,334.98,50.00,334.35,499.62,"GOOGL at +5.44% is the second-strongest momentum name and is accelerating while NVDA/META bleed, so I re-enter for a fresh scalp leg."
2026-07-30T17:20:00Z,sell,GOOGL,approved,ok,-0.149263,333.68,49.81,384.15,499.30,GOOGL is red on my basis and its +5% pop is decelerating while QQQ sits -1.33% and NVDA -7.10% — cut the loser fast and free cash rather than hold a fading second-tier trend.
2026-07-30T17:20:00Z,buy,MSFT,vetoed,position would exceed 25% of equity,,,,384.15,499.30,"MSFT at +19.34% is the single dominant trend on the board and green on my basis, so I add a small tranche while staying under the 25% single-position cap."
2026-07-30T17:30:01Z,buy,MSFT,vetoed,position would exceed 25% of equity,,,,384.15,499.45,"MSFT at +19.50% is the only dominant trend on a broadly red tape and my existing lot is green, so I'm adding to the winner rather than chasing a fading second-tier name."
2026-07-30T17:30:01Z,buy,AAPL,approved,ok,0.150550,332.12,50.00,334.15,499.45,"AAPL at +3.25% is the strongest large-cap holding its gain while QQQ sits -1.43%, giving a relative-strength long that isn't already extended like GOOGL's fading pop."
2026-07-30T17:40:00Z,buy,MSFT,vetoed,position would exceed 25% of equity,,,,334.15,499.61,"MSFT at +19.66% is the single dominant trend on the board and my existing lot is green, so I add a small tranche to the only name showing real institutional bid while staying under the 25% cap."
2026-07-30T17:40:00Z,sell,AAPL,approved,ok,-0.150550,332.15,50.01,384.16,499.61,"AAPL is flat on my basis at +0.01% with QQQ -1.49% and NVDA -7.50% dragging the tape, so I free the capital rather than hold a zero-edge lot into weakening breadth."
2026-07-30T17:50:00Z,buy,MSFT,vetoed,position would exceed 25% of equity,,,,384.16,499.63,MSFT at +19.69% is the single dominant trend on a mixed-to-red tape and my existing lot is green — add to the winner rather than chase weaker names.
2026-07-30T17:50:00Z,buy,GOOGL,approved,ok,0.149995,333.35,50.00,334.16,499.63,GOOGL at +4.93% is the strongest large-cap on the board and accelerating into the close while NVDA/META bleed — take a small momentum entry.
2026-07-30T18:00:01Z,buy,MSFT,vetoed,position would exceed 25% of equity,,,,334.16,499.40,"MSFT at +19.50% is the single strongest trend on the board and my existing lot is already green, so I'm adding to the winner while staying under the 25% position cap."
2026-07-30T18:00:01Z,sell,GOOGL,approved,ok,-0.149995,332.97,49.94,384.10,499.40,GOOGL has stalled at -0.11% on my basis after entry and I'd rather recycle that capital into the dominant MSFT trend than sit in a fading breakout.
2026-07-30T18:10:00Z,buy,AAPL,approved,ok,0.165078,333.18,55.00,329.10,499.53,"AAPL at +3.58% is the second-strongest large-cap trend on the board and holding gains while QQQ sags -1.36%, so I want a fresh 11%-of-equity momentum lot after taking it flat earlier."
2026-07-30T18:10:00Z,buy,GOOGL,approved,ok,0.165220,332.89,55.00,274.10,499.53,"GOOGL is the top non-MSFT mover at +4.78% and has firmed above where I exited at $332.97, so I'm re-entering the leader on strength rather than sitting in cash."
2026-07-30T18:20:00Z,sell,GOOGL,approved,ok,-0.165220,332.46,54.93,329.03,499.82,"GOOGL is red on basis for the second cycle in a row after re-entry and is lagging the tape's leadership, so recycle the capital rather than sit in a stalled name."
2026-07-30T18:20:00Z,buy,MSFT,vetoed,position would exceed 25% of equity,,,,329.03,499.82,"MSFT at +19.94% is the single dominant trend on the board and is still extending, so add a small second tranche while keeping the position under the 25% cap."
2026-07-30T18:30:00Z,sell,AAPL,approved,ok,-0.165078,333.12,54.99,384.02,499.85,"AAPL is flat-to-red on basis after a full cycle while up +3.56% on the day, so the entry edge is gone and I'd rather recycle the capital into the day's dominant trend."
2026-07-30T18:30:00Z,buy,MSFT,vetoed,position would exceed 25% of equity,,,,384.02,499.85,"MSFT at +20.06% is the single dominant trend on the board and my existing lot is green, so I'm adding a small tranche while staying under the 25% single-position cap."
2026-07-30T18:40:00Z,buy,GOOGL,approved,ok,0.164937,333.46,55.00,329.02,499.46,"GOOGL is the strongest non-MSFT trend on the board at +4.96% and has now made a new high above both my prior entry and exit, so I'm re-entering the breakout with ~11% of equity."
2026-07-30T18:40:00Z,buy,AAPL,approved,ok,0.134878,333.63,45.00,284.02,499.46,"AAPL at +3.72% has extended above the level where I exited last cycle, confirming the uptrend is still intact rather than stalling, so I'll take a smaller ~9% starter position."
2026-07-30T18:50:00Z,sell,AAPL,approved,ok,-0.134878,334.01,45.05,329.07,499.63,"AAPL is up only +0.11% on basis and is the weakest of my three lots on a day it already ran +3.84%, so I recycle the capital into the dominant trend."
2026-07-30T18:50:00Z,buy,MSFT,vetoed,position would exceed 25% of equity,,,,329.07,499.63,"MSFT at +19.59% is the single strongest trend on the board and my existing lot is green, so I add a small tranche to the winner while staying under the 25% cap."
2026-07-30T19:00:00Z,buy,MSFT,vetoed,position would exceed 25% of equity,,,,329.07,499.50,"MSFT at +19.44% is the dominant trend on the board and my existing lot is green, so I'm adding to the winner while staying under the 25% single-position cap."
2026-07-30T19:00:00Z,sell,GOOGL,approved,ok,-0.164937,334.60,55.19,384.26,499.50,"GOOGL is up +5.32% on the day but only +0.34% on my basis after a full cycle of stalling, so I'm taking the small profit and recycling the cash into the stronger MSFT trend."
2026-07-30T19:00:00Z,buy,AAPL,approved,ok,0.164819,333.70,55.00,329.26,499.50,"AAPL at +3.74% is holding above the $333 level I exited at last cycle, confirming the uptrend is intact for a fresh momentum entry."
2026-07-30T19:10:00Z,sell,AAPL,approved,ok,-0.164819,333.56,54.98,384.24,499.36,AAPL is flat-to-red on my basis after a full cycle while the tape has clearly rotated into MSFT and GOOGL — free the capital rather than let a dead lot sit.
2026-07-30T19:10:00Z,buy,GOOGL,approved,ok,0.179281,334.67,60.00,324.24,499.36,"GOOGL at +5.34% is the second-strongest trend on the board and reclaimed above the $334.60 level I sold at last cycle, so I'm re-entering the breakout with a small starter."
2026-07-30T19:20:03Z,buy,MSFT,vetoed,position would exceed 25% of equity,,,,324.24,499.46,"MSFT at +19.39% is by far the strongest trend on the board and my existing lot is green, so I'm adding to the winner while it holds the highs."
2026-07-30T19:20:03Z,sell,GOOGL,approved,ok,-0.179281,334.85,60.03,384.27,499.46,"GOOGL is only +0.05% on my basis after a full cycle despite a +5.40% day, so the momentum has stalled and I'm freeing the capital rather than paying time for nothing."
2026-07-30T19:20:03Z,buy,AAPL,approved,ok,0.149768,333.85,50.00,334.27,499.46,"AAPL at +3.79% is the third-strongest uptrend and is extending above the $333.70 level I bought last cycle, confirming continuation rather than a fade."
2026-07-30T19:30:02Z,sell,AAPL,approved,ok,-0.149768,333.22,49.91,384.18,499.68,AAPL is red on my basis after a full cycle and has stalled at $333 for three straight cycles while the leaders extend — cut it and redeploy.
2026-07-30T19:30:02Z,buy,GOOGL,approved,ok,0.179437,334.38,60.00,324.18,499.68,"GOOGL at +5.25% is the second-strongest trend on the board and the cleanest non-extended momentum leader, so I'm taking a fresh 12% starter rather than chasing MSFT's +19.72% parabolic."
2026-07-30T19:40:01Z,sell,MSFT,approved,ok,-0.252844,456.63,115.46,439.63,499.59,MSFT is +19.67% on the day and my lot is only +0.40% after a full cycle — the parabolic move is done extending and I'd rather bank the small gain than hold a stretched runner into a fade.
2026-07-30T19:40:01Z,sell,GOOGL,approved,ok,-0.179437,334.13,59.96,499.59,499.59,"GOOGL has now failed to pay me across two separate entries at the same basis, sitting -0.07% while the tape's leaders roll over, so I'm cutting the dead position rather than paying for another flat cycle."
2026-07-30T19:40:01Z,buy,AAPL,approved,ok,0.179929,333.46,60.00,439.59,499.59,"AAPL at +3.67% is the only strong uptrend on the board that isn't parabolic like MSFT or exhausted like GOOGL, so I'm taking a ~12% equity starter on continuation above $333."
2026-07-30T19:50:00Z,sell,AAPL,approved,ok,-0.179929,332.79,59.88,499.47,499.47,AAPL is red on my basis for the second consecutive cycle and has faded from $333.85 to $332.79 without ever paying — cut it and stop re-buying the same stalling tape.
2026-07-30T19:50:00Z,buy,MSFT,approved,ok,0.131868,455.00,60.00,439.47,499.47,MSFT at +19.24% is by far the strongest trend on the board and the only thing holding a vertical bid while QQQ/NVDA/META bleed — ride the leader with a 12% position instead of fading it again.
2026-07-30T20:00:00Z,sell,MSFT,approved,ok,-0.131868,451.39,59.52,498.99,498.99,"MSFT is red on my basis for the second cycle and has faded from $455 to $451.39 despite still printing +18% on the day — a stalling parabolic move is the worst place to hold, so cut it."
2026-07-30T20:00:00Z,buy,GOOGL,approved,ok,0.179770,333.76,60.00,438.99,498.99,"GOOGL at +5.06% is the strongest non-parabolic uptrend on the board and is making session highs, so I re-enter with ~12% of equity for a fresh momentum leg."
2026-07-30T20:20:00Z,sell,GOOGL,vetoed,market closed for this symbol,,,,438.99,498.97,"Market is closed so GOOGL can't actually be traded this cycle, but it is red on basis for the second straight entry at $333.76 and I want out on the open rather than holding a fade."
2026-07-30T20:20:00Z,buy,BTC-USD,approved,ok,0.000927,64755.62,60.00,378.99,498.97,"Crypto is the only live tradable market this cycle; BTC at -0.89% is holding far better than ETH at -1.66%, so I take a small mean-reversion snap in the stronger of the two 24/7 names."
2026-07-30T20:40:00Z,sell,BTC-USD,approved,ok,-0.000927,64720.43,59.97,438.96,498.94,"BTC is red on my basis and printing -0.95% on the day with ETH confirming crypto weakness at -1.66%, so I cut the loser fast rather than hold a fading tape."
2026-07-30T20:40:00Z,hold,none,approved,hold,,,,438.96,498.94,"Equities are closed and both crypto names are trending down, so there is no long setup worth new capital this cycle."
2026-07-30T20:50:01Z,buy,ETH-USD,approved,ok,0.026010,1922.33,50.00,388.96,498.94,"ETH is the only live tradable market and at -1.59% it is stretched well below BTC's -0.83%, setting up a mean-reversion snap back toward the BTC-relative average."
2026-07-30T21:00:00Z,sell,ETH-USD,approved,ok,-0.026010,1919.78,49.93,438.89,498.87,"ETH is red on my basis and printing -1.72% versus BTC's -0.96%, so it is the weaker leg of a crypto tape that keeps making lower lows — cut the loser fast and stay dry while equities are closed."
2026-07-30T21:10:00Z,buy,BTC-USD,approved,ok,0.000850,64707.53,55.00,383.89,498.87,"Crypto is the only live market and BTC at -0.97% is holding a much tighter loss than ETH's -1.64%, so I'm taking a small relative-strength long in the stronger of the two names for a bounce scalp."
2026-07-30T21:20:00Z,sell,BTC-USD,approved,ok,-0.000850,64687.37,54.98,438.87,498.86,"BTC is red on my basis again at -1.00% on the day and equities are closed, so I cut the losing crypto long fast rather than bleed another cycle."
2026-07-30T21:20:00Z,buy,ETH-USD,approved,ok,0.028622,1921.61,55.00,383.87,498.86,"ETH at -1.63% is stretched materially below BTC's -1.00% and is the better mean-reversion snap candidate in the only live market, sized ~11% of equity."
2026-07-30T21:30:00Z,sell,ETH-USD,approved,ok,-0.028622,1920.39,54.97,438.84,498.82,"ETH is red on my basis and still the weakest name at -1.69% versus BTC's -1.00%, so I cut the loser and free cash rather than average a fading crypto tape."
2026-07-30T21:30:00Z,buy,BTC-USD,approved,ok,0.000928,64684.03,60.00,378.84,498.82,"BTC is the only live market holding a tighter loss than its peer and sits well off the lows, so I rotate a small 12% starter into the relative-strength leader for a mean-reversion bounce."
2026-07-30T21:40:00Z,sell,BTC-USD,approved,ok,-0.000928,64713.07,60.03,438.87,498.85,"BTC is only +0.04% on my basis after three round-trips of chop and equities are closed, so I take the small gain rather than hold a name that is still -0.96% on the day."
2026-07-30T21:40:00Z,buy,ETH-USD,approved,ok,0.031236,1920.86,60.00,378.87,498.85,ETH at -1.67% is stretched roughly 70bps below BTC's -0.96% and is the better mean-reversion snap in the only live market.
2026-07-30T21:50:00Z,sell,ETH-USD,approved,ok,-0.031236,1918.07,59.91,438.78,498.76,"ETH is the weakest live market at -1.81% and my fourth crypto round-trip has produced nothing but chop and slippage, so I am cutting the small loser rather than averaging into a persistent downtrend."
2026-07-30T21:50:00Z,buy,BTC-USD,approved,ok,0.000850,64677.41,55.00,383.78,498.76,"BTC at -1.01% is holding roughly 80bps firmer than ETH on the day and is the stronger of the only two tradable markets, so I rotate the crypto sleeve into relative strength for a snapback."
2026-07-30T22:00:01Z,sell,BTC-USD,approved,ok,-0.000850,64652.24,54.98,438.76,498.74,"BTC is flat-to-red on my basis after six straight crypto round-trips of pure chop that have only bled fees, so I'm taking the loss off and freeing capital rather than paying for another coin-flip."
2026-07-30T22:00:01Z,buy,ETH-USD,approved,ok,0.031313,1916.14,60.00,378.76,498.74,"ETH at -1.91% is stretched roughly 85bps below BTC's -1.05% on the day, the widest spread in the pair this session, making it the better mean-reversion snap-back candidate into the only market still open."
2026-07-30T22:10:00Z,sell,ETH-USD,approved,ok,-0.031313,1925.42,60.29,439.05,499.03,ETH is +0.48% on my basis and up off the -1.91% washout I bought — take the fast profit rather than give back another chop cycle.
2026-07-30T22:10:00Z,buy,BTC-USD,approved,ok,0.000848,64880.76,55.00,384.05,499.03,BTC at -0.70% is holding roughly 70bps firmer than ETH's -1.43% and is the stronger of the only two tradable markets while equities are closed.
2026-07-30T22:20:00Z,sell,BTC-USD,approved,ok,-0.000848,64850.00,54.97,439.02,499.00,BTC has slipped to -0.05% on my basis and BTC's -0.75% is now the firmer of the two cryptos only marginally — rotate out of a stalled position rather than sit through more chop.
2026-07-30T22:20:00Z,buy,ETH-USD,approved,ok,0.031187,1923.88,60.00,379.02,499.00,"ETH at -1.51% is stretched roughly 75bps below BTC on the day, the same dislocation that paid on my last two rotations, so take the weaker leg for the mean-reversion snap."
2026-07-30T22:30:02Z,sell,ETH-USD,approved,ok,-0.031187,1930.43,60.20,439.23,499.21,ETH is +0.34% on my basis after the washout snapback I bought at -1.51% — take the fast scalp profit before it round-trips like the last six pairs.
2026-07-30T22:30:02Z,buy,BTC-USD,approved,ok,0.000924,64940.48,60.00,379.23,499.21,"BTC at -0.61% is now holding roughly 55bps firmer than ETH's -1.18% on the day, so rotate the crypto sleeve into the stronger horse while equities are closed."
2026-07-30T22:40:01Z,sell,BTC-USD,approved,ok,-0.000924,64833.18,59.90,439.13,499.11,BTC is -0.17% on my basis and its -0.78% day now sits firmer than ETH's -1.31% by only ~53bps while my rotation edge has decayed — book the flat trade and rotate to the more stretched leg.
2026-07-30T22:40:01Z,buy,ETH-USD,approved,ok,0.031122,1927.88,60.00,379.13,499.11,"ETH at -1.31% is stretched roughly 53bps below BTC on the day, the same crypto-pair dislocation that has paid on each of the last three cycles, so buy the washed-out leg for the snapback."
2026-07-30T22:50:00Z,sell,ETH-USD,approved,ok,-0.031122,1926.66,59.96,439.09,499.07,"The ETH-BTC dislocation I bought has closed — ETH -1.37% vs BTC -0.79% is a 58bp gap that hasn't converged after two cycles and the position is bleeding flat at -0.06%, so recycle the capital instead of holding a dead pair trade."
2026-07-30T22:50:00Z,buy,BTC-USD,approved,ok,0.000926,64822.99,60.00,379.09,499.07,BTC at -0.79% is the firmer leg of the crypto pair and the only tradable momentum instrument with equities closed — take the relative-strength side of the same rotation I've been scalping all evening.
2026-07-30T23:00:00Z,sell,BTC-USD,approved,ok,-0.000926,64785.71,59.97,439.05,499.04,"BTC is flat on my basis and ETH has re-stretched to -1.51% vs BTC -0.85%, so I'm freeing the capital to rotate into the wider leg of the same pair dislocation that has paid three cycles running."
2026-07-30T23:00:00Z,buy,ETH-USD,approved,ok,0.036385,1923.85,70.00,369.05,499.04,ETH at -1.51% sits ~66bps below BTC on the day — the same washout spread that snapped back for a profit at 22:30 and 22:50 — so I'm buying the stretched leg for another quick mean-reversion scalp.
2026-07-30T23:10:00Z,buy,ETH-USD,approved,ok,0.015580,1925.58,30.00,339.05,499.10,ETH is still ~65bps stretched below BTC on the day — the same washout spread that snapped back twice tonight — so I'm adding to my convergence position while keeping ETH under the 25% cap.
2026-07-30T23:20:00Z,buy,ETH-USD,approved,ok,0.007789,1925.77,15.00,324.05,499.11,"ETH is still ~69bps stretched below BTC on the day and my mean-reversion position is working, so I'm topping up toward the 25% cap while the washout spread remains open."
2026-07-30T23:30:00Z,hold,none,approved,hold,,,,324.05,499.11,"My ETH mean-reversion position is already at the 25% cap with the ETH-BTC spread still ~70bps stretched, equities are closed, and BTC shows no independent edge, so I let the existing position work toward the spread close."
2026-07-30T23:40:00Z,hold,none,approved,hold,,,,324.05,499.53,"ETH-BTC spread has narrowed from ~69bps to ~57bps and my ETH mean-reversion position is green at +0.42% while still pinned at the 25% cap, so I let the convergence finish; BTC at -0.49% offers no independent momentum edge and equities are closed, leaving no deployable setup this cycle."
2026-07-30T23:50:00Z,buy,ETH-USD,approved,ok,0.004676,1924.76,9.00,315.05,499.05,"The ETH-BTC daily spread has re-widened to ~70bps from ~57bps last cycle, so I'm topping my mean-reversion ETH position back up to the 25% cap while my basis sits flat and the snap-back setup is still live."
2026-07-31T00:00:00Z,sell,ETH-USD,approved,ok,-0.064430,1916.82,123.50,438.56,498.54,"The ETH-BTC spread I bought at 66-70bps has converged to ~20bps, so the mean-reversion edge is captured and I'm exiting the full position rather than holding a played-out thesis at the 25% cap."
2026-07-31T00:00:00Z,buy,BTC-USD,approved,ok,0.000927,64737.86,60.00,378.56,498.54,"BTC is the strongest tradable asset overnight at +1.59% and still grinding higher, so I'm rotating ~12% of equity into its momentum after freeing up the ETH allocation."
2026-07-31T00:10:00Z,buy,BTC-USD,approved,ok,0.000850,64733.33,55.00,323.56,498.53,"BTC remains the strongest tradable asset overnight at +1.58% and the ETH-BTC spread has converged to ~17bps leaving no mean-reversion edge, so I'm adding ~11% of equity to my BTC momentum starter, keeping the position under the 25% cap."
2026-07-31T00:20:00Z,hold,none,approved,hold,,,,323.56,498.50,"BTC is already at the 25% position cap and remains my strongest holding, the ETH-BTC spread at ~22bps is well below my 50bps+ re-entry threshold for the mean-reversion trade, and all equities are closed, so there is no fresh edge to deploy the remaining cash into this cycle."
2026-07-31T00:30:00Z,buy,ETH-USD,approved,ok,0.031309,1916.40,60.00,263.56,498.51,"ETH has closed the ETH-BTC daily gap from ~70bps to ~20bps over the last hour, showing the strongest short-term relative momentum of the two tradable assets while BTC sits at its position cap, so I'm entering a small ETH momentum scalp (~12% of equity) targeting continued catch-up, cutting fast if t"
2026-07-31T00:40:00Z,hold,none,approved,hold,,,,263.56,498.46,"BTC sits at its 25% cap, the ETH-BTC spread has stayed pinned near 20bps since my ETH re-entry last cycle, and equities are closed, so no tradable asset offers fresh edge in the last 10 minutes — holding both crypto positions."
2026-07-31T00:50:00Z,buy,ETH-USD,approved,ok,0.028707,1915.92,55.00,208.56,498.44,"Crypto is the only tradable market and both majors are still grinding higher overnight (BTC +1.51%, ETH +1.34%), so I'm adding to ETH — the position with room under the cap — to ride the momentum while BTC sits pinned at its 25% limit."
2026-07-31T01:00:00Z,hold,none,approved,hold,,,,208.56,498.45,"Both BTC and ETH sit within a point of the 25% cap with momentum flat since my last adds (BTC -0.06%, ETH -0.01% vs entry), equities are closed, and the only legal add is a ~$9 top-up that's pure noise — no exit signal and no room to press, so I wait for either a breakout to scale out into or a dip "
2026-07-31T01:10:00Z,hold,none,approved,hold,,,,208.56,500.54,"Both BTC and ETH sit at ~23% of equity just under the 25% cap with intraday uptrends intact (+2.4%/+2.3% day) and no reversal signal, equities are closed, and remaining headroom (~$9/position) is below any meaningful entry size, so I stay fully positioned and let the winners run."
2026-07-31T01:20:02Z,buy,BTC-USD,approved,ok,0.000138,64995.17,9.00,199.56,499.60,"BTC is still the strongest tape at +1.99% today and grinding higher, so I'm topping the position up from ~23% to the 25% cap while momentum holds."
2026-07-31T01:30:01Z,buy,ETH-USD,approved,ok,0.004668,1928.07,9.00,190.56,499.96,"BTC is pinned at its 25% cap while ETH (+1.98%, grinding higher with BTC +2.2%) still has ~$9 of cap room, so I'm topping ETH to its limit to keep full exposure on the only tradable and trending market."
2026-07-31T01:40:00Z,hold,none,approved,hold,,,,190.56,498.92,"BTC ($124.20) and ETH ($124.19) both sit pinned at the 25% cap with momentum still grinding higher, equities are closed, so I let the winners run and keep cash ready for the next dislocation."
2026-07-31T01:50:00Z,sell,ETH-USD,approved,ok,-0.031442,1908.25,60.00,250.56,497.58,"ETH's intraday momentum has rolled over from +1.98% to +0.93% and my adds near $1928 are underwater, so I'm cutting half the position fast to bank cash for a re-entry if the uptrend resumes."
2026-07-31T02:00:01Z,sell,BTC-USD,approved,ok,-0.000930,64482.99,60.00,310.56,497.45,"BTC momentum has rolled over from +1.99% to +1.19% with price fading from my $64,995 add to $64,483, so I'm scaling out half the position to lock in exposure reduction on a weakening tape, mirroring the ETH trim last cycle."
2026-07-31T02:10:00Z,buy,BTC-USD,approved,ok,0.000620,64528.46,40.00,270.56,497.56,"BTC is holding above my $64,483 exit and day momentum re-firmed from +1.19% to +1.26% while ETH lags, so I'm re-entering a small starter for a bounce continuation with room under the 25% cap."
2026-07-31T02:20:00Z,sell,BTC-USD,approved,ok,-0.001604,64338.83,103.22,373.78,497.03,"My 02:10 re-entry thesis is broken — BTC fell back below the $64,483 exit level to $64,338 with day momentum decaying from +1.99% to +0.96%, so I'm cutting the loser fast and keeping powder for a cleaner re-entry."
2026-07-31T02:20:00Z,sell,ETH-USD,approved,ok,-0.033241,1903.55,63.28,437.05,497.03,"ETH momentum has bled from +1.98% to +0.68% and the position is -0.70% with BTC leading the tape lower, so I'm exiting fully rather than riding a fading trend into the overnight chop."
2026-07-31T02:30:00Z,hold,none,approved,hold,,,,437.05,497.03,"BTC ($64,290) sits below both my $64,339 breakdown exit and the broken $64,483 level with day momentum still bleeding (+1.19% to +0.89%), ETH is drifting at +0.62% with no snap-back signal, and equities are closed — re-entering the same fade I just cut would be churn, so I wait for BTC to reclaim $6"
2026-07-31T02:40:00Z,hold,none,approved,hold,,,,437.05,497.03,"BTC has slid further to $64,226, below both my $64,339 breakdown exit and the $64,483 level, with ETH momentum still bleeding (+0.58%) — no reclaim or reversal signal yet, so I stay in cash and will re-enter BTC only on a reclaim of $64,340+ or buy an ETH snap above $1,910."
2026-07-31T02:50:00Z,hold,none,approved,hold,,,,437.05,497.03,"BTC at $64,250 remains capped below my $64,339 breakdown level with day momentum still bleeding (+1.99% earlier to +0.82% now) and ETH equally soft at +0.64%, so with equities closed there is no confirmed edge — I will re-enter BTC on a reclaim of $64,339 or a flush toward $63,900 for a mean-reversi"
2026-07-31T03:00:00Z,hold,none,approved,hold,,,,437.05,497.03,"BTC at $64,230 is still grinding lower beneath my $64,339 breakdown level with fading day momentum (+0.79%), ETH is equally listless, and equities are closed, so there is no reclaim signal or momentum edge to buy until BTC recovers $64,339."
2026-07-31T03:10:00Z,hold,none,approved,hold,,,,437.05,497.03,"Equities are closed and both tradable cryptos are still bleeding — BTC has ground down to $64,175 making lower lows below my $64,339 breakdown level and ETH momentum keeps fading, so cash-only long entries have no edge until BTC either reclaims $64,339 or prints a capitulation flush worth a mean-rev"
2026-07-31T03:20:00Z,hold,none,approved,hold,,,,437.05,497.03,"BTC at $64,269 is still chopping in a $60 range below my $64,339 reclaim trigger and ETH is flat at $1,904.65 where I exited, so there is no momentum or reversal edge yet — I re-enter BTC on a clean print above $64,339 and stay in cash until then."
2026-07-31T03:30:00Z,buy,BTC-USD,approved,ok,0.000777,64311.13,50.00,387.05,497.03,"BTC has printed three rising cycles ($64,230 → $64,269 → $64,311) and is now $28 below my $64,339 reclaim trigger, so I'm front-running the reclaim with a small 10%-of-equity starter — cut fast if $64,339 rejects again and it slips back under $64,250."
2026-07-31T03:40:01Z,sell,BTC-USD,approved,ok,-0.000777,64264.20,49.96,437.02,497.00,"The three-cycle rising sequence that justified my $64,311 entry broke on this print back down to $64,264 without ever reclaiming the $64,339 trigger, so I'm cutting the failed breakout immediately and will re-enter only on a clean push through $64,339."
2026-07-31T03:50:00Z,hold,none,approved,hold,,,,437.02,497.00,"BTC at $64,274 is mid-chop in the same $64,230–$64,311 range that just stopped out my last entry, and neither the $64,339 reclaim trigger nor a $64,230 range break has fired — no edge until one side of the range gives way."
2026-07-31T04:00:00Z,hold,none,approved,hold,,,,437.02,497.00,"BTC's bounce off $64,264 back to $64,296 is the same mid-range rising sequence that just stopped me out, so I'm waiting for a real reclaim of $64,339 before re-entering rather than paying the chop twice."
2026-07-31T04:10:00Z,buy,BTC-USD,approved,ok,0.000933,64331.74,60.00,377.02,497.00,"BTC printed a fresh three-cycle rising sequence ($64,264 → $64,296 → $64,331) and has now broken above the $64,311 range high that capped the last four hours of chop, so I'm taking a 12%-of-equity breakout entry with an exit if price falls back inside the range below $64,300."
2026-07-31T04:20:00Z,sell,BTC-USD,approved,ok,-0.000933,64237.37,59.91,436.93,496.91,"BTC dropped from my $64,331 entry to $64,237, breaking below both prior cycle lows ($64,264, $64,296) and invalidating the rising sequence that justified the entry — cut it fast per the same rule that saved me at 03:40."
2026-07-31T04:30:00Z,hold,none,approved,hold,,,,436.93,496.91,"BTC at $64,270 is dead mid-range after two identical rising-sequence entries near the top of $64,230–$64,331 both stopped out tonight; I'll only re-enter on a tag of the range floor near $64,237 or a clean break and hold above $64,331, and mid-chop with no ETH signal is genuinely zero-edge."
2026-07-31T04:40:00Z,hold,none,approved,hold,,,,436.93,496.91,"BTC at $64,259 is dead mid-range in the same $64,230–$64,311 chop that stopped out both range-top entries tonight, so I'm waiting for either a tag of $64,230 support to fade or a clean break over $64,311 before committing cash again."
2026-07-31T04:50:01Z,buy,BTC-USD,approved,ok,0.000856,64229.11,55.00,381.93,496.91,"BTC at $64,229 is tagging the $64,230 range floor that has held all night — buying the mean-reversion snap at support with a tight cut if it loses $64,200, instead of chasing the failed mid-range rising sequences."
2026-07-31T05:00:00Z,hold,none,approved,hold,,,,381.93,496.92,"BTC floor-bounce entry at $64,229 is working (+$10 to $64,239) and the range-floor thesis targets the $64,290-64,311 upper band, so I let the position run with an exit if it breaks back below $64,225."
2026-07-31T05:10:00Z,sell,BTC-USD,approved,ok,-0.000856,64323.16,55.08,437.01,496.99,"BTC hit $64,323 — the same $64,311-$64,331 range-ceiling zone that rejected my earlier breakout entry — so I'm banking the +$94/coin move from the $64,229 floor bounce and will re-bid the floor if the range holds."
2026-07-31T05:20:01Z,hold,none,approved,hold,,,,437.01,496.99,"BTC at $64,325 is sitting exactly in the $64,311-$64,331 ceiling zone I just sold into — the range playbook says this is the sell zone not a buy, so I wait flat for either a floor tag near $64,230 to re-enter or a confirmed break and hold above $64,331 to chase a breakout."
2026-07-31T05:30:00Z,hold,none,approved,hold,,,,437.01,496.99,"BTC at $64,259 has dropped back to dead mid-range of the proven $64,230-$64,331 chop — my edge is buying the floor tag or a confirmed ceiling break, and neither exists at this price, so I wait for the next tag rather than donate spread mid-range."
2026-07-31T05:40:00Z,hold,none,approved,hold,,,,437.01,496.99,"BTC at $64,260 is dead mid-range of the proven $64,230-$64,331 overnight channel — the edge is buying the floor tag or selling the ceiling rejection, and neither is on offer this cycle, so I wait for the next range extreme rather than chase the middle."
2026-07-31T05:50:00Z,buy,BTC-USD,approved,ok,0.000934,64239.64,60.00,377.01,496.99,"BTC at $64,240 has drifted back down to the $64,230 range floor that has held all night and already paid one bounce trade — re-entering the proven floor-bounce with a tight cut if $64,230 breaks."
2026-07-31T06:00:00Z,hold,none,approved,hold,,,,377.01,497.03,"BTC floor entry at $64,240 is working (+$47 to $64,287) but price is only mid-range of the proven $64,230-$64,331 channel — holding for the ceiling zone to take profit, no fresh edge in ETH."
2026-07-31T06:10:00Z,sell,BTC-USD,approved,ok,-0.000934,64327.32,60.08,437.09,497.07,"BTC at $64,327 is back in the proven $64,311-$64,331 ceiling zone that has rejected every touch overnight, so I'm banking the floor-entry profit from $64,240 and will look to re-buy the $64,230 floor on the next dip."
2026-07-31T06:20:00Z,hold,none,approved,hold,,,,437.09,497.07,"BTC at $64,316 is still inside the proven $64,311-$64,331 ceiling zone I just sold into at $64,327 — no long edge until price rotates back toward the $64,230-$64,240 floor where the last winning entry fired, and ETH offers no defined level here."
2026-07-31T06:30:01Z,buy,BTC-USD,approved,ok,0.000932,64392.19,60.00,377.09,497.07,"BTC at $64,392 has broken decisively above the proven $64,311-$64,331 ceiling that rejected price all night, so I'm buying the breakout with a tight invalidation back below $64,331."
2026-07-31T06:40:00Z,sell,BTC-USD,approved,ok,-0.000932,64307.86,59.92,437.01,496.99,"The breakout I bought at $64,392 has failed — price is back at $64,308, below the old $64,311-$64,331 ceiling, so I cut the loser fast and wait to re-enter at the proven $64,230 range floor."
2026-07-31T06:50:00Z,hold,none,approved,hold,,,,437.01,496.99,"BTC has now lost both the failed breakout and the $64,230 range floor, printing $64,197 with downside momentum I can't short — no long edge until price reclaims the floor or builds a base, and ETH is drifting with no setup."
2026-07-31T07:00:00Z,buy,BTC-USD,approved,ok,0.000779,64171.07,50.00,387.01,496.99,"BTC's flush from the failed $64,392 breakout has extended ~$220 to $64,171, stretched below the old $64,230 floor, so I'm taking a small mean-reversion long targeting a snap back to retest $64,230-$64,260 with a fast cut if $64,120 gives way."
2026-07-31T07:10:00Z,hold,none,approved,hold,,,,387.01,496.91,"BTC is only $110 below my $64,171 flush-buy entry with the mean-reversion bounce thesis still intact (-0.17% is noise, not invalidation), ETH is flat with zero edge, and every equity is untradable with markets closed — adding exposure here is chasing a falling knife, so I let the dip-buy work and cu"
2026-07-31T07:20:03Z,sell,BTC-USD,approved,ok,-0.000779,64013.00,49.88,436.89,496.87,"My $64,171 flush-buy bounce thesis is dead — BTC has printed another lower low to $64,013 with no mean-reversion snap after two cycles, so I'm cutting the loser and waiting to re-enter on either a deeper flush or a reclaim of $64,230."
2026-07-31T07:30:01Z,hold,none,approved,hold,,,,436.89,496.87,"BTC is still printing an unbroken staircase of lower lows (64392→64308→64171→64013→now 63933) and my last knife-catch at 64171 already failed, so with shorting off the table and ETH flat-to-red there is no long edge until BTC prints a higher low or reclaims 64013."
2026-07-31T07:40:01Z,hold,none,approved,hold,,,,436.89,496.87,"BTC's staircase of lower lows is still intact (64392→64308→64171→64013→63919) and I've already been stopped out of two knife-catches in this exact downtrend, so with equities closed and ETH flat-to-weak there is zero edge to buy until BTC prints a higher low or reclaims $64,013."
2026-07-31T07:50:00Z,hold,none,approved,hold,,,,436.89,496.87,"BTC's lower-low staircase extended again (64013→63919→63893) with no basing structure or reclaim to trade against, my last knife-catch at 64171 already failed, ETH is flat with zero impulse, and equities are closed — no long-side edge exists this cycle so I preserve cash for the first higher-low or "
2026-07-31T08:00:00Z,buy,BTC-USD,approved,ok,0.000705,63872.11,45.00,391.89,496.87,"BTC's downtrend is decelerating hard — each 10-min drop has shrunk from $158 to $94 to $26 to $21 — so I'm taking a small 9%-of-equity starter long on seller exhaustion near $63,872, cutting fast if the staircase reasserts with a drop below $63,800."
2026-07-31T08:10:00Z,sell,BTC-USD,approved,ok,-0.000705,63781.29,44.94,436.82,496.81,"My deceleration-basing entry is invalidated — the drop re-accelerated from $26 to $91 and BTC printed a fresh lower low at 63781, so I cut the loser at -0.14% before the staircase extends further."
2026-07-31T08:20:00Z,buy,BTC-USD,approved,ok,0.000862,63821.13,55.00,381.82,496.81,"BTC just printed its first higher 10-min price (63781→63821) after eight consecutive lower lows, so I'm taking a small reversal-attempt entry with invalidation on any new low below 63781."
2026-07-31T08:30:00Z,buy,BTC-USD,approved,ok,0.000704,63880.75,45.00,336.82,496.86,"BTC printed a second consecutive higher price (63781→63821→63881), confirming the reversal base, so I'm adding to the working long while keeping total exposure under the 25% cap."
2026-07-31T08:40:00Z,hold,none,approved,hold,,,,336.82,496.73,"BTC pulled back from 63881 to 63796 but is holding above the 63781 swing low, so the fresh higher-low reversal structure is intact — I hold the position and exit only on a break below 63781, while ETH shows no edge and equities are closed."
2026-07-31T08:50:00Z,buy,BTC-USD,approved,ok,0.000313,63813.49,20.00,316.82,496.75,"BTC held the 63781 swing low and printed a higher low (63796) before ticking back up to 63813, confirming the reversal structure, so I'm topping the position up toward the 25% cap while keeping 63781 as the hard stop."
2026-07-31T09:00:00Z,sell,BTC-USD,approved,ok,-0.001880,63754.30,119.83,436.66,496.64,"BTC broke below the 63781 swing low that my entire basing thesis was built on (now 63754), so the higher-low structure is invalidated and I'm cutting the full position rather than averaging a failed pattern."
2026-07-31T09:10:00Z,hold,none,approved,hold,,,,436.66,496.64,"BTC is still making lower lows (63781 broken → 63754 → 63727) with no reversal print yet and ETH is flat, so with equities closed and shorting off the table I wait for BTC's first higher 10-min close before re-entering long."
2026-07-31T09:20:01Z,hold,none,approved,hold,,,,436.66,496.64,"BTC extended its lower-low sequence (63781→63754→63727→63660) with no reversal print since my 09:00 exit, ETH is drifting down too, and equities are closed — I'll re-enter BTC only on its first higher 10-min close rather than knife-catch a live downtrend."
2026-07-31T09:30:01Z,hold,none,approved,hold,,,,436.66,496.64,"BTC extended its lower-low chain again (63781→63754→63727→63660→63625) with still no higher low or reversal print, ETH is also bleeding, and equities are closed — cash-only means no edge exists until one of them prints a confirmed higher low."
2026-07-31T09:40:01Z,buy,BTC-USD,approved,ok,0.000786,63622.26,50.00,386.66,496.64,"BTC's lower-low chain has decelerated sharply (63727→63660→63625→63622, the last step nearly flat), so I'm probing a small 10% starter for a mean-reversion snap back toward 63750, cutting immediately if 63600 breaks."
2026-07-31T09:50:00Z,buy,BTC-USD,approved,ok,0.000707,63646.21,45.00,341.66,496.66,"BTC printed its first uptick (63622→63646) after the lower-low chain decelerated to a stall, confirming the basing entry — adding ~9% of equity to bring the position near 19% while defining risk below 63600."
2026-07-31T10:00:00Z,buy,BTC-USD,approved,ok,0.000393,63632.36,25.00,316.66,496.64,"BTC's pullback from 63646 held above the 63622 pivot low, printing a potential higher low that confirms the basing reversal, so I'm adding a final small tranche to bring the position near the 25% cap with an exit trigger on any break below 63622."
2026-07-31T10:10:00Z,hold,none,approved,hold,,,,316.66,496.64,"BTC is holding the higher-low structure above the 63622 pivot but the position is already at ~24% of equity (near the 25% cap) so I can't add, and ETH's -0.52% drift shows no reversal or momentum signal worth opening while equities are closed."
2026-07-31T10:20:00Z,hold,none,approved,hold,,,,316.66,496.71,"BTC printed a higher high at 63670 above the 63646 swing, confirming the reversal thesis, but the position sits at ~24% of equity against the 25% cap so I can't add; ETH shows relative weakness with no long edge and equities are closed, so I let the winner run."
2026-07-31T10:30:02Z,hold,none,approved,hold,,,,316.66,496.86,"BTC accelerated through the 63670 higher high to 63751 confirming the reversal off 63622, but the position already sits at ~24% of equity (position cap) so I let the winner run with an exit trigger if it loses 63670; ETH at -0.31% shows no setup and equities are closed."
2026-07-31T10:40:00Z,hold,none,approved,hold,,,,316.66,496.92,"BTC extended the reversal to 63780 with an unbroken higher-high chain (63646→63670→63751→63780) and the position sits at 24% of equity — at the cap, so I ride the winner and exit on a break back below the 63670 prior swing; equities are closed and ETH shows no setup."
2026-07-31T10:50:00Z,hold,none,approved,hold,,,,316.66,496.96,"BTC's higher-high chain is unbroken through 63804 and the position already sits at ~24% of equity (at the 25% cap), so I ride the winner and hold; ETH at -0.31% shows no reversal structure worth an entry, exit trigger is a break below the 63751 prior swing."
2026-07-31T11:00:00Z,hold,none,approved,hold,,,,316.66,497.05,"BTC's higher-high chain (63646→63670→63751→63780→63804→63850) is still unbroken and the position sits at ~24% of equity — essentially at the 25% cap with no room to add — so I let the winner run with an exit trigger if price breaks back below the 63780 higher-low, while ETH's flat -0.29% drift offer"
2026-07-31T11:10:03Z,hold,none,approved,hold,,,,316.66,497.08,"BTC's higher-high chain extended again to 63865 and the position already sits at ~24% of equity (just under the 25% cap, so no room to add); GOOGL is untradable with the market closed, and ETH at -0.31% shows neither momentum nor a washed-out snap level, so riding the intact BTC trend is the only re"
2026-07-31T11:20:00Z,hold,none,approved,hold,,,,316.66,497.04,"BTC pulled back to 63847 from the 63865 high but holds above the 63804 swing low keeping the uptrend structure intact, the position already sits at the 25% cap so no room to add, equities are closed, and ETH at -0.35% offers no long edge — exit trigger is a break below 63804."
2026-07-31T11:30:00Z,hold,none,approved,hold,,,,316.66,497.03,"BTC's higher-high chain remains intact above the 63804 swing low with the position already at the 25% cap so there is no room to add, and ETH's -0.44% drift shows no reversal structure worth probing while equities are closed."
2026-07-31T11:40:00Z,sell,BTC-USD,approved,ok,-0.001886,63787.65,120.29,436.95,496.93,"BTC broke below the 63804 swing low that anchored the higher-high chain (now 63788), so the uptrend structure is invalidated and I'm banking the small gain rather than watching it decay."
2026-07-31T11:50:00Z,hold,none,approved,hold,,,,436.95,496.93,"BTC has continued lower to 63746 since the 63804 breakdown exit with no base or reclaim yet, ETH is drifting down, and equities are closed — no fresh momentum edge to buy until BTC prints a higher low or reclaims 63804."
2026-07-31T12:00:00Z,hold,none,approved,hold,,,,436.95,496.93,"BTC is still bleeding lower (63739 vs 63747 last cycle) with no higher-low or base since the 63804 breakdown, ETH remains weak at -0.42%, and equities are untradable this cycle, so re-entering now would be catching a falling knife rather than trading momentum."
2026-07-31T12:10:03Z,hold,none,approved,hold,,,,436.95,496.93,"BTC has slid further to 63699 with a fourth straight lower print and no higher-low or base since the 63804 breakdown, ETH is also red, and equities are closed, so buying here is catching a falling knife with no long-side edge — waiting for the first higher-low in the crypto pair to re-enter."
2026-07-31T12:20:00Z,hold,none,approved,hold,,,,436.95,496.93,"BTC printed a fifth straight lower low (63657 vs 63699) with no higher-low or base to buy against, ETH is also red and cash-only rules bar shorting the downtrend, so there is zero long edge this cycle."
2026-07-31T12:30:00Z,buy,BTC-USD,approved,ok,0.000707,63680.99,45.00,391.95,496.93,"BTC printed its first higher tick (63681 vs 63657) after five straight lower lows, so I'm probing a small mean-reversion snap long with invalidation on a break back below 63657."
2026-07-31T12:40:00Z,sell,BTC-USD,approved,ok,-0.000707,63586.81,44.93,436.88,496.87,"The bounce entry is invalidated — BTC at 63587 has broken below the 63657 swing low that formed the higher-tick base, so I cut the loser fast and wait for an actual higher-low before re-entering."
2026-07-31T12:50:04Z,hold,none,approved,hold,,,,436.88,496.87,"BTC's bounce to 63625 is the same below-broken-support setup that just stopped me out at 63587 — I will re-enter only on a reclaim of the 63657 swing level, and ETH offers no edge at -0.75% with no base."
2026-07-31T13:00:00Z,buy,BTC-USD,approved,ok,0.000785,63690.99,50.00,386.88,496.87,"BTC has reclaimed the broken 63657 support with a higher-low sequence (63587 -> 63625 -> 63691), so I'm re-entering the bounce small with an exit if it loses 63625."
2026-07-31T13:10:00Z,hold,none,approved,hold,,,,386.88,496.84,"BTC at 63661 is still holding above the reclaimed 63657 support that justified the 13:00 entry, so the position stays on with invalidation at a clean break below 63657; ETH at -0.46% shows no higher-low or reclaim setup, and equities are closed, so no fresh edge to add."
2026-07-31T13:20:00Z,buy,BTC-USD,approved,ok,0.000706,63722.56,45.00,341.88,496.89,"BTC confirmed the support-reclaim thesis with a higher high at 63722 above the 63657 pivot (sequence 63587 -> 63691 -> 63661 -> 63722), so I'm scaling the winner by $45 to ~19% of equity while keeping the 63657 level as the invalidation stop."
2026-07-31T13:30:00Z,buy,MSFT,approved,ok,0.133466,449.55,60.00,281.88,498.31,"MSFT is the strongest tape on the board at +17.78% with QQQ/SPY green behind it — entering 12% of equity on momentum continuation, cutting fast if it stalls below today's trend."
2026-07-31T13:30:00Z,hold,BTC-USD,approved,hold,,,,281.88,498.31,"BTC at 63732 is still printing higher highs above the reclaimed 63657 support, so the existing position stays on with 63657 as the exit line."
2026-07-31T13:40:01Z,sell,BTC-USD,approved,ok,-0.001491,63555.84,94.78,376.66,499.50,"BTC at 63555 has lost the reclaimed 63657 support that was the entire entry thesis, so I'm cutting the loser fast before the breakdown extends."
2026-07-31T13:40:01Z,buy,AMZN,approved,ok,0.242729,267.79,65.00,311.66,499.50,"AMZN is +15.37% with SPY/QQQ green behind it and is the strongest tape I don't already own, so I'm rotating the freed BTC capital into live momentum."
2026-07-31T13:40:01Z,hold,MSFT,approved,hold,,,,311.66,499.50,"MSFT remains the strongest name on the board at +20% and my position is +1.94% with no reversal signal, so I let the winner run."
2026-07-31T13:50:01Z,sell,AMZN,approved,ok,-0.242729,267.64,64.96,376.62,499.66,"AMZN has gone flat since entry (-0.06%) over multiple cycles while the momentum thesis required continuation, so I'm cutting the dead position to free capital and a slot."
2026-07-31T13:50:01Z,sell,MSFT,approved,ok,-0.065213,460.03,30.00,406.62,499.66,"MSFT is +20.5% on the day and my position is +2.33%, so I'm scaling out half to bank the scalp while letting the rest run with the strongest tape on the board."
2026-07-31T13:50:01Z,hold,GOOGL,approved,hold,,,,406.62,499.66,GOOGL at +7.24% with SPY/QQQ green is still trending and my +2.74% position has no reversal signal yet.
2026-07-31T13:50:01Z,buy,NVDA,approved,ok,0.253075,197.57,50.00,356.62,499.66,"NVDA at -4.48% is the laggard against a green QQQ/SPY tape, a classic mean-reversion snap setup for a small 10%-of-equity probe with a fast cut if it makes a new low."
2026-07-31T14:00:00Z,buy,MSFT,approved,ok,0.129712,462.56,60.00,296.62,500.02,"MSFT is the strongest name on the board at +21.19% and still grinding higher, so I'm re-adding the strength I scaled out of, keeping the position well under the 25% cap."
2026-07-31T14:00:00Z,hold,GOOGL,approved,hold,,,,296.62,500.02,GOOGL at +7.56% with SPY/QQQ green is still trending and my position is +3.04% with no reversal signal.
2026-07-31T14:00:00Z,hold,NVDA,approved,hold,,,,296.62,500.02,NVDA mean-reversion entry is only one cycle old and flat at -0.00%; giving the snap one more cycle before cutting dead money.
2026-07-31T14:10:00Z,sell,NVDA,approved,ok,-0.253075,195.85,49.57,346.19,499.36,"Mean-reversion entry has gone the wrong way (-4.5% to -5.3% on the day) while QQQ flipped red, so the thesis is broken and I'm cutting the small loser fast."
2026-07-31T14:10:00Z,buy,AMZN,approved,ok,0.223543,268.40,60.00,286.19,499.36,"AMZN is +15.6% with real momentum behind it and I have no exposure, so I'm entering ~12% of equity to ride the strongest fresh trend on the board."
2026-07-31T14:10:00Z,hold,GOOGL,approved,hold,,,,286.19,499.36,"GOOGL is +8.3% on the day and still trending with my position +3.75%, so I'm letting the winner run one more cycle."
2026-07-31T14:10:00Z,hold,MSFT,approved,hold,,,,286.19,499.36,"MSFT remains the day's strongest name at +20.3% and my re-entry is green, so no reason to interrupt the grind higher."
2026-07-31T14:20:00Z,sell,MSFT,approved,ok,-0.197965,454.76,90.03,376.22,498.47,"MSFT faded from +20.3% to +19.1% and my re-entry flipped red at -0.72%, so I'm cutting the loser fast before the pullback deepens."
2026-07-31T14:20:00Z,buy,GOOGL,approved,ok,0.115615,345.98,40.00,336.22,498.47,"GOOGL is the steadiest trend on the board at +8.2% and my position is +3.66%, so I'm scaling into strength while staying under the 25% cap."
2026-07-31T14:20:00Z,hold,AMZN,approved,hold,,,,336.22,498.47,"AMZN is holding +15.7% day momentum and my fresh entry is flat-to-green, so I'm giving the trend room."
2026-07-31T14:30:00Z,buy,AMZN,approved,ok,0.148338,269.65,40.00,296.22,499.19,"AMZN momentum improved from +15.7% to +16.18% while my entry stays green, so I'm adding to the strongest confirmed trend I own."
2026-07-31T14:30:00Z,buy,GOOGL,approved,ok,0.043146,347.66,15.00,281.22,499.19,"GOOGL strengthened from +8.2% to +8.73% and my position is +2.69%, so I'm topping up toward the position cap while the trend accelerates."
2026-07-31T14:30:00Z,hold,MSFT,approved,hold,,,,281.22,499.19,"MSFT keeps fading (+20.3% to +18.74%) since my exit at 454.76, so no re-entry until the slide stops."
2026-07-31T14:40:01Z,buy,MSFT,approved,ok,0.109970,454.67,50.00,231.22,499.85,"MSFT momentum reversed its fade and re-accelerated from +18.74% to +19.12% since my 454.76 exit, so I'm re-entering small at effectively the same price to ride the resumed leader."
2026-07-31T14:40:01Z,buy,AMZN,approved,ok,0.073851,270.81,20.00,211.22,499.85,"AMZN keeps strengthening (+16.18% to +16.68%) with my position green, so I'm topping up to just under the 25% cap."
2026-07-31T14:40:01Z,hold,GOOGL,approved,hold,,,,211.22,499.85,"GOOGL trend is intact at +8.94% and my position is +2.54%, but at 23.6% of equity it's already at the position cap so I let it run."
2026-07-31T14:50:00Z,buy,MSFT,approved,ok,0.098741,455.74,45.00,166.22,500.71,"MSFT re-accelerated from +19.12% to +19.40% since my re-entry and sits at only 10% of equity, so I'm adding while GOOGL and AMZN ride near the position cap."
2026-07-31T15:00:00Z,sell,MSFT,approved,ok,-0.208710,452.29,94.40,260.61,500.57,"MSFT momentum broke from +19.40% to +18.49% since my last add and the position went red, so I'm cutting the loser fast and freeing cash to re-enter if it re-accelerates."
2026-07-31T15:00:00Z,hold,GOOGL,approved,hold,,,,260.61,500.57,"GOOGL is the strongest trend (+8.94% to +10.16%) and my position is +3.69%, but at ~23.8% of equity it's pinned against the 25% cap so I ride it rather than add."
2026-07-31T15:00:00Z,hold,AMZN,approved,hold,,,,260.61,500.57,"AMZN trend is intact at +16.68% with my position green, but at ~24.1% of equity there's no room to add under the cap."
2026-07-31T15:10:00Z,buy,MSFT,approved,ok,0.110468,452.62,50.00,210.61,499.88,"MSFT ticked back up from +18.49% to +18.58% after my exit flush, so I'm re-entering small at 10% of equity to catch a resumption of the day's strongest trend."
2026-07-31T15:10:00Z,sell,GOOGL,approved,ok,-0.170901,351.08,60.00,270.61,499.88,"GOOGL momentum rolled over from +10.16% to +9.80% with my position up +3.35%, so I'm scaling out half to bank the gain while keeping a runner in case the trend resumes."
2026-07-31T15:10:00Z,hold,AMZN,approved,hold,,,,270.61,499.88,"AMZN eased only slightly from +16.68% to +16.39% and the position sits at the 25% cap, so I can't add and see no reason to cut a green position in an intact trend."
2026-07-31T15:20:00Z,buy,MSFT,approved,ok,0.098597,456.40,45.00,225.61,500.29,"MSFT reaccelerated from +18.58% to +19.57% since my re-entry and it's the strongest tape on the board, so I'm scaling the winner while staying under the 25% cap."
2026-07-31T15:20:00Z,sell,GOOGL,approved,ok,-0.167630,350.27,58.72,284.33,500.29,"GOOGL momentum keeps bleeding (+10.16% to +9.80% to +9.55%) so I'm booking the +3.11% before the fade deepens, free to re-enter on a fresh push."
2026-07-31T15:20:00Z,hold,AMZN,approved,hold,,,,284.33,500.29,"AMZN ticked back up to +16.51% with the trend intact, but at ~24% of equity it's pinned against the position cap so I ride it as-is."
2026-07-31T15:30:00Z,sell,AMZN,approved,ok,-0.445732,267.37,119.18,403.51,499.25,"AMZN momentum broke down from +16.51% to +15.19% in one cycle with my position now red at -0.69%, so I'm cutting the loser fast to free ~$119 of buying power."
2026-07-31T15:30:00Z,buy,MSFT,approved,ok,0.054591,457.95,25.00,378.51,499.25,"MSFT is the strongest tape on the board and still accelerating (+19.57% to +19.98%) with my position green, so I'm adding $25 to press the winner while staying under the 25% cap."
2026-07-31T15:40:00Z,buy,GOOGL,approved,ok,0.142833,350.06,50.00,328.51,499.43,"GOOGL's fade has flattened (+9.80 to +9.55 to +9.48) after my profitable exit, so I'm probing 10% of equity for a momentum re-ignition off the base."
2026-07-31T15:40:00Z,hold,MSFT,approved,hold,,,,328.51,499.43,"MSFT remains the strongest tape (+20.16% and still grinding up) but the position sits at ~24% of equity, right under the 25% cap, so I ride it."
2026-07-31T15:50:00Z,buy,AMZN,approved,ok,0.205777,267.28,55.00,273.51,499.64,"AMZN's fade has decelerated sharply (+16.51 to +15.19 to +15.15, nearly flat last cycle) after my profitable exit, so I'm re-entering small for a momentum resumption off the base."
2026-07-31T15:50:00Z,hold,MSFT,approved,hold,,,,273.51,499.64,"MSFT is still the strongest tape (+20.42% and grinding higher) but sits at the 25% position cap, so I ride it."
2026-07-31T15:50:00Z,hold,GOOGL,approved,hold,,,,273.51,499.64,"GOOGL's drift is only -0.11pp this cycle and my entry is barely underwater, so the stabilization thesis gets one more cycle before I cut."
2026-07-31T16:00:00Z,buy,GOOGL,approved,ok,0.113727,351.72,40.00,233.51,501.17,"GOOGL re-accelerated from +9.48 to +10.00 this cycle after its fade flattened, and the position sits well under the 25% cap, so I'm adding while momentum turns back up."
2026-07-31T16:00:00Z,buy,AMZN,approved,ok,0.130165,268.89,35.00,198.51,501.17,"AMZN flipped from flat to +0.70pp this cycle (+15.15 to +15.85), confirming the fade is over, so I'm scaling into the resumed uptrend with room under the cap."
2026-07-31T16:00:00Z,hold,MSFT,approved,hold,,,,198.51,501.17,"MSFT is still the strongest tape (+21.33 and grinding higher) but the position is at roughly $122 of a $125 cap, so I ride it with no room to add."
2026-07-31T16:10:00Z,sell,MSFT,approved,ok,-0.130104,461.17,60.00,258.51,501.16,"MSFT rolled over from +21.33 to +20.82 this cycle while sitting at the position cap, so I'm scaling out half to lock the +1.3% gain and free ammo for accelerating names."
2026-07-31T16:10:00Z,buy,AMZN,approved,ok,0.111202,269.78,30.00,228.51,501.16,"AMZN accelerated again from +15.85 to +16.23 (+0.38pp), the strongest positive delta on the board, so I'm adding while staying under the 25% cap."
2026-07-31T16:10:00Z,buy,GOOGL,approved,ok,0.085112,352.48,30.00,198.51,501.16,"GOOGL extended from +10.00 to +10.24, confirming the 16:00 re-acceleration thesis, so I'm pressing the winner with a small add."
2026-07-31T16:20:00Z,buy,MSFT,approved,ok,0.118723,463.26,55.00,143.51,501.96,"MSFT re-accelerated from +20.82 to +21.37 (+0.55pp, strongest delta on the board) after the 16:10 fade I sold into, and the position is only ~12% of equity, leaving room under the 25% cap to re-add into confirmed strength."
2026-07-31T16:20:00Z,hold,GOOGL,approved,hold,,,,143.51,501.96,"GOOGL still grinding up (+10.24 to +10.45) but the position is at the 25% cap, so ride it and cut on the first negative delta."
2026-07-31T16:20:00Z,hold,AMZN,approved,hold,,,,143.51,501.96,"AMZN extended +16.23 to +16.51 but is also pinned at the position cap; hold winner, exit on deceleration."
2026-07-31T16:30:00Z,sell,MSFT,approved,ok,-0.097043,463.71,45.00,188.51,502.68,"MSFT momentum decelerated hard from +0.55pp last cycle to +0.12pp this cycle, so scale out a third of the position to lock gains while keeping exposure in case it re-accelerates."
2026-07-31T16:30:00Z,buy,AAPL,approved,ok,0.166301,300.66,50.00,138.51,502.68,"AAPL is down 9.72% on the day and stretched far below the tape while indices are green, so open a small 10%-of-equity mean-reversion probe as the fourth position slot."
2026-07-31T16:30:00Z,hold,GOOGL,approved,hold,,,,138.51,502.68,"GOOGL is still accelerating (+10.45 to +10.84, +0.39pp, strongest delta among holdings) but pinned at the 25% cap, so let the winner run."
2026-07-31T16:30:00Z,hold,AMZN,approved,hold,,,,138.51,502.68,"AMZN extended +16.51 to +16.68 but is at the position cap and its delta is fading, so hold and watch for a rollover to scale out next cycle."
2026-07-31T16:40:00Z,sell,GOOGL,approved,ok,-0.169818,353.32,60.00,198.51,502.04,"GOOGL momentum reversed from +10.84 to +10.50 (-0.34pp), first negative delta after cycles of acceleration, so scale out half to bank the gain."
2026-07-31T16:40:00Z,buy,AAPL,approved,ok,0.166362,300.55,50.00,148.51,502.04,"AAPL is still -9.75% and holding its base at $300.55 while SPY/QQQ stay green, so add to the mean-reversion snap position while it remains under the cap."
2026-07-31T16:40:00Z,hold,AMZN,approved,hold,,,,148.51,502.04,"AMZN faded slightly (+16.68 to +16.56) but is pinned at the position cap and not breaking down, so let the winner sit."
2026-07-31T16:40:00Z,hold,MSFT,approved,hold,,,,148.51,502.04,"MSFT is drifting sideways after the trim (463.71 to 462.95) with the runner already reduced, so keep the small remainder for a continuation leg."
2026-07-31T16:50:00Z,buy,MSFT,approved,ok,0.097002,463.91,45.00,103.51,502.33,"MSFT re-accelerated from 462.95 back to 463.91 after its sideways drift, day leader at +21.5% resuming trend, adding while position sits well under the 25% cap."
2026-07-31T16:50:00Z,sell,AMZN,approved,ok,-0.147798,270.64,40.00,143.51,502.33,"AMZN momentum has gone flat (+16.68 to +16.60 over two cycles) while pinned at the position cap, so scaling out to lock gains and free cash for faster movers."
2026-07-31T16:50:00Z,hold,GOOGL,approved,hold,,,,143.51,502.33,"GOOGL delta flipped slightly positive again (+10.50 to +10.58) after the trim, small remainder rides until direction confirms."
2026-07-31T16:50:00Z,hold,AAPL,approved,hold,,,,143.51,502.33,"AAPL mean-reversion base at $300.55 is holding with a slight uptick to 300.72 and today's drawdown stabilizing (-9.75 to -9.70), thesis intact but unconfirmed."
2026-07-31T17:00:00Z,sell,MSFT,approved,ok,-0.252232,461.88,116.50,260.01,501.97,"Re-entry at 463.91 failed — price faded to 461.88 against the add, so cut the loser fast and free capital."
2026-07-31T17:00:00Z,buy,AMZN,approved,ok,0.147547,271.10,40.00,220.01,501.97,AMZN day-change re-accelerated from +16.60 to +16.80 after the trim; add back toward the cap while momentum resumes.
2026-07-31T17:00:00Z,hold,GOOGL,approved,hold,,,,220.01,501.97,GOOGL momentum flat-to-slightly-fading (+10.58 to +10.48) — no edge to add or cut yet.
2026-07-31T17:00:00Z,hold,AAPL,approved,hold,,,,220.01,501.97,AAPL mean-reversion base holding with uptick 300.72 to 300.92 — let the bounce work.
2026-07-31T17:10:00Z,sell,AMZN,approved,ok,-0.147629,270.95,40.00,260.01,501.92,"The 17:00 add at 271.10 failed — day momentum decelerated from +16.80 to +16.73 and price faded to 270.95, so cut the add back and keep the core."
2026-07-31T17:10:00Z,buy,AAPL,approved,ok,0.083007,301.18,25.00,235.01,501.92,Mean-reversion bounce is confirming with a third consecutive uptick (300.72 to 300.92 to 301.18) — add to the winner up to just under the 25% cap.
2026-07-31T17:10:00Z,hold,GOOGL,approved,hold,,,,235.01,501.92,GOOGL momentum is flat around +10.4 with no fresh acceleration or breakdown — no edge to add or cut this cycle.
2026-07-31T17:20:01Z,buy,MSFT,approved,ok,0.129765,462.38,60.00,175.01,502.00,MSFT is the clear day-momentum leader at +21.14% and we hold none — enter a 12%-of-equity starter to ride the strongest tape on the board.
2026-07-31T17:20:01Z,sell,AMZN,approved,ok,-0.299264,269.96,80.79,255.79,502.00,AMZN day momentum has decayed three straight cycles (+16.80 to +16.73 to +16.31) — take the small gain and recycle capital into the stronger MSFT tape.
2026-07-31T17:20:01Z,hold,GOOGL,approved,hold,,,,255.79,502.00,GOOGL ticked back up from +10.4 to +10.73 but hasn't broken to a fresh acceleration — keep the winner running with no add.
2026-07-31T17:20:01Z,hold,AAPL,approved,hold,,,,255.79,502.00,"Mean-reversion bounce still confirming (301.18 entry to 301.57) and position sits at the 25% cap — let it work, no room to add."
2026-07-31T17:30:01Z,sell,AAPL,approved,ok,-0.415670,301.19,125.20,380.99,502.06,Mean-reversion bounce broke down (301.57 back to 301.19) so I'm cutting the full position near flat and rotating capital into confirmed momentum leaders.
2026-07-31T17:30:01Z,buy,MSFT,approved,ok,0.107842,463.64,50.00,330.99,502.06,MSFT is still accelerating as day leader (+21.14 at entry to +21.47 now) — add 10% of equity while staying under the 25% cap.
2026-07-31T17:30:01Z,buy,AMZN,approved,ok,0.221206,271.24,60.00,270.99,502.06,"AMZN momentum re-ignited from +16.31 at my exit to +16.86 now, so I'm re-entering a 12% starter on the fresh acceleration."
2026-07-31T17:30:01Z,hold,GOOGL,approved,hold,,,,270.99,502.06,GOOGL is grinding up (+10.73 to +10.83) but shows no fresh breakout — keep the small winner running.
2026-07-31T17:40:01Z,sell,AMZN,approved,ok,-0.221206,270.59,59.86,330.85,501.52,"AMZN momentum stalled since re-entry (+16.86 at fill to +16.58 now) and the position went red, so I cut fast and keep powder for the next ignition."
2026-07-31T17:40:01Z,hold,MSFT,approved,hold,,,,330.85,501.52,"MSFT is still the day leader but decelerated (+21.47 to +21.19) and sits only -0.08% off my add — one more cycle of grace, exit if the fade continues."
2026-07-31T17:40:01Z,hold,GOOGL,approved,hold,,,,330.85,501.52,"GOOGL is green at +0.67% but ticked down from +10.83 to +10.58 with no fresh breakout, so I let the winner run with no add."
2026-07-31T17:50:00Z,sell,MSFT,approved,ok,-0.237607,460.56,109.43,440.28,501.04,"MSFT momentum has decayed three cycles straight (+21.47 to +21.19 to +20.66) and the position is red at -0.52%, so I'm cutting the fading leader before the give-back accelerates."
2026-07-31T17:50:00Z,hold,GOOGL,approved,hold,,,,440.28,501.04,"GOOGL is still green at +0.67% and holding its +10.5% day gain in a tight drift, so I'll let the winner sit until it either breaks out or breaks trend."
2026-07-31T17:50:00Z,buy,AAPL,approved,ok,0.149442,301.12,45.00,395.28,501.04,"AAPL at -9.58% is the day's most stretched dislocation while indexes are green, so I'm taking a small ~9%-of-equity mean-reversion snap entry with a fast cut if it makes a new low."
2026-07-31T18:00:02Z,buy,META,approved,ok,0.100182,549.00,55.00,340.28,501.04,META at -7.76% is the second-deepest dislocation on a green tape (SPY +0.89) and pairs the AAPL snap-back bet without overlapping it.
2026-07-31T18:00:02Z,hold,GOOGL,approved,hold,,,,340.28,501.04,"GOOGL re-accelerated from +10.58 to +10.70 with the position green +0.78%, so let the winner run."
2026-07-31T18:00:02Z,hold,AAPL,approved,hold,,,,340.28,501.04,"AAPL mean-reversion entry is only one cycle old and down just -0.16%, thesis intact while the stock sits at max stretch -9.73%."
2026-07-31T18:10:00Z,buy,AMZN,approved,ok,0.184318,271.27,50.00,290.28,501.18,"AMZN at +16.87% is the strongest fresh momentum name not yet held, and with MSFT stabilizing rather than leading, a ~10%-of-equity starter fills the fourth slot on the day's leader."
2026-07-31T18:10:00Z,hold,GOOGL,approved,hold,,,,290.28,501.18,"GOOGL re-accelerated again from +10.70 to +10.92 with the position green +0.98%, so the trend leg is still paying and gets more room."
2026-07-31T18:10:00Z,hold,AAPL,approved,hold,,,,290.28,501.18,"AAPL mean-reversion entry is flat at -0.05% two cycles in with the dislocation still stretched at -9.62% on a green tape, thesis intact."
2026-07-31T18:10:00Z,hold,META,approved,hold,,,,290.28,501.18,"META snap-back entry is one cycle old and flat at -0.05% while SPY holds +0.94%, so the reversion setup remains live."
2026-07-31T18:20:00Z,sell,AAPL,approved,ok,-0.149442,302.03,45.14,335.42,501.86,"AAPL mean-reversion has gone nowhere in three cycles (+0.30%) while the stock sits -9.31% with no bounce impulse, so I'm freeing the position slot for the day's momentum leader."
2026-07-31T18:20:00Z,buy,MSFT,approved,ok,0.129825,462.16,60.00,275.42,501.86,MSFT is the strongest tape on the board at +21.08% and still unheld — entering ~12% of equity into the momentum leader with QQQ/SPY green confirming risk-on.
2026-07-31T18:20:00Z,hold,GOOGL,approved,hold,,,,275.42,501.86,"GOOGL momentum is intact at +11.37% with the position green +1.39%, so let the winner run with a mental stop at breakeven."
2026-07-31T18:20:00Z,hold,AMZN,approved,hold,,,,275.42,501.86,"AMZN entry is two cycles old at +16.98% day momentum and slightly green, thesis unchanged."
2026-07-31T18:20:00Z,hold,META,approved,hold,,,,275.42,501.86,"META snap-back is two cycles old and green +0.36% off a -7.43% dislocation, giving the bounce more room before judging it."
2026-07-31T18:30:00Z,sell,META,approved,ok,-0.100182,550.07,55.11,330.52,501.74,Snap-back thesis is three cycles old and dead flat at +0.19% against a -7.58% tape — cut the laggard and recycle capital into what's working.
2026-07-31T18:30:00Z,buy,MSFT,approved,ok,0.118807,462.94,55.00,275.52,501.74,"MSFT is the strongest momentum on the board at +21.28% and our entry is already green — press the winner with recycled META capital, keeping the position under the 25% cap."
2026-07-31T18:30:00Z,hold,GOOGL,approved,hold,,,,275.52,501.74,GOOGL momentum intact at +11.38% and position green +1.40% — let the winner run.
2026-07-31T18:30:00Z,hold,AMZN,approved,hold,,,,275.52,501.74,"AMZN day momentum still +16.68% and position only -0.17% — thesis not broken, give it one more cycle before cutting."
2026-07-31T18:40:00Z,buy,GOOGL,approved,ok,0.112551,355.39,40.00,235.52,501.40,GOOGL momentum intact at +11.15% and position green +1.19% — scale into the working winner while staying under the 25% cap.
2026-07-31T18:40:00Z,buy,AAPL,approved,ok,0.182110,302.01,55.00,180.52,501.40,AAPL -9.31% is the deepest dislocation on the board and fills our open 4th slot for a small mean-reversion snap with a fast cut if it keeps bleeding.
2026-07-31T18:40:00Z,hold,AMZN,approved,hold,,,,180.52,501.40,"AMZN day momentum still +16.63% and position only -0.20% — thesis not broken, give it one more cycle."
2026-07-31T18:40:00Z,hold,MSFT,approved,hold,,,,180.52,501.40,MSFT is the strongest tape at +21.08% and the position sits at the 25% cap — nothing to do but let it work.
2026-07-31T18:50:01Z,buy,AMZN,approved,ok,0.147362,271.44,40.00,140.52,501.60,AMZN is the second-strongest tape at +16.94% but only ~10% of equity — scale the underweight winner toward the cap.
2026-07-31T18:50:01Z,buy,GOOGL,approved,ok,0.056249,355.56,20.00,120.52,501.60,GOOGL momentum intact at +11.20% and position green +0.76% — add within the 25% cap while the trend holds.
2026-07-31T18:50:01Z,hold,MSFT,approved,hold,,,,120.52,501.60,MSFT is the strongest tape at +21.05% but the position sits at the 25% cap — nothing to do but let it run.
2026-07-31T18:50:01Z,hold,AAPL,approved,hold,,,,120.52,501.60,"AAPL -9.23% mean-reversion entry is flat and not broken — give the snap-back room, cut if it goes -1.5% on the position."
2026-07-31T19:00:03Z,buy,AMZN,approved,ok,0.110444,271.63,30.00,90.52,501.43,"AMZN momentum is strengthening (+16.94% to +17.03%) with position green — add ~6% of equity, staying under the 25% cap with room to spare."
2026-07-31T19:00:03Z,hold,GOOGL,approved,hold,,,,90.52,501.43,"GOOGL is +11.11% on the day and green +0.55%, but at 24.1% of equity it sits at the cap — ride it."
2026-07-31T19:00:03Z,hold,MSFT,approved,hold,,,,90.52,501.43,"MSFT is still the strongest tape at +20.81% though momentum is cooling slightly — position -0.30% is within noise, cut only if day momentum cracks below +19%."
2026-07-31T19:00:03Z,hold,AAPL,approved,hold,,,,90.52,501.43,"AAPL mean-reversion is working (-9.23% to -9.08% day, position +0.25%) — give the snap-back room, exit if it breaks below entry by 1%."
2026-07-31T19:10:00Z,buy,AAPL,approved,ok,0.147815,304.44,45.00,45.52,501.94,"AAPL mean-reversion snap is accelerating (day loss narrowed -9.23% to -8.58%, position +0.80%) and at only 11% of equity it has the most room — add to the working trade."
2026-07-31T19:10:00Z,buy,MSFT,approved,ok,0.021622,462.49,10.00,35.52,501.94,MSFT momentum is reaccelerating (+20.81% to +21.16%) as the strongest tape on the board — top the position up to the 25% cap.
2026-07-31T19:10:00Z,hold,GOOGL,approved,hold,,,,35.52,501.94,"GOOGL is green and +11% on the day but sits at 24.1% of equity, pinned at the position cap with momentum flat."
2026-07-31T19:10:00Z,hold,AMZN,approved,hold,,,,35.52,501.94,AMZN is at 23.9% of equity right under the cap and momentum is drifting sideways (+17.03% to +16.97%) — no room and no fresh signal to add.
2026-07-31T19:20:00Z,buy,AAPL,approved,ok,0.078634,305.21,24.00,11.52,502.46,"AAPL mean-reversion snap keeps working (day loss narrowed -8.58% to -8.35%, position +0.70%) — add to just under the 25% cap while the bounce runs."
2026-07-31T19:20:00Z,hold,MSFT,approved,hold,,,,11.52,502.46,"MSFT is still the strongest tape (+21.16% to +21.35%) but already pinned at 24.9% of equity, so I ride it."
2026-07-31T19:20:00Z,hold,GOOGL,approved,hold,,,,11.52,502.46,"GOOGL green at +11.15% and 24.1% of equity — capped out, momentum intact, let it work."
2026-07-31T19:20:00Z,hold,AMZN,approved,hold,,,,11.52,502.46,AMZN momentum is stalling sideways at +16.92% and flat P/L — one more cycle before I cut it for fresher rotation.
2026-07-31T19:30:00Z,sell,AMZN,approved,ok,-0.442125,271.89,120.21,131.73,502.64,"AMZN has stalled sideways for three straight cycles with P/L flat at +0.17% while pinned at the cap — dead money, free the capital."
2026-07-31T19:30:00Z,buy,NVDA,approved,ok,0.324497,200.31,65.00,66.73,502.64,"NVDA at -3.16% is the freshest mean-reversion snap candidate on the board, same setup that's paying on AAPL, sized at 13% of equity with a fast cut if it makes a new low."
2026-07-31T19:30:00Z,hold,MSFT,approved,hold,,,,66.73,502.64,Still the strongest tape at +21% and pinned at the 25% cap — nothing to do but let it work.
2026-07-31T19:30:00Z,hold,GOOGL,approved,hold,,,,66.73,502.64,Green at +11.22% with momentum intact and position at the cap — let the winner run.
2026-07-31T19:30:00Z,hold,AAPL,approved,hold,,,,66.73,502.64,"Mean-reversion snap still working (-8.58% to -8.20% day loss, +0.72% P/L) and near the cap — ride it toward the next leg."
2026-07-31T19:40:04Z,buy,NVDA,approved,ok,0.274171,200.60,55.00,11.73,503.37,"NVDA mean-reversion snap is confirming (-3.16% to -3.01% with P/L turning green) and it is the only position with room under the 25% cap, so I press the working trade with most of my idle cash."
2026-07-31T19:40:04Z,hold,MSFT,approved,hold,,,,11.73,503.37,Strongest tape on the board at +21% and pinned at the cap — nothing to do but let it work.
2026-07-31T19:40:04Z,hold,GOOGL,approved,hold,,,,11.73,503.37,Momentum intact at +11.69% with position P/L green and at the cap — let the winner run.
2026-07-31T19:40:04Z,hold,AAPL,approved,hold,,,,11.73,503.37,Mean-reversion off the -8% flush is still grinding in my favor (+0.64% P/L) — stay in until the bounce stalls.
2026-07-31T19:50:00Z,sell,AAPL,approved,ok,-0.408559,307.99,125.83,137.56,505.25,Mean-reversion scalp captured +1.48% and the snap is decelerating — book it and free ammo per take-profits-fast mandate.
2026-07-31T19:50:00Z,buy,AMZN,approved,ok,0.275442,272.29,75.00,62.56,505.25,Rotating booked AAPL profit into the strongest untouched tape on the board at +17.31% with a 15%-of-equity momentum entry.
2026-07-31T19:50:00Z,hold,MSFT,approved,hold,,,,62.56,505.25,Best tape of the day at +21.4% and pinned at the position cap — nothing to do but let it run.
2026-07-31T19:50:00Z,hold,GOOGL,approved,hold,,,,62.56,505.25,Momentum intact at +11.83% with P/L green and position at the cap — let the winner run.
2026-07-31T19:50:00Z,hold,NVDA,approved,hold,,,,62.56,505.25,"Fresh mean-reversion entry from 200.60 is confirming (+0.55% P/L, day loss narrowing) — give the snap room."
2026-07-31T20:00:00Z,buy,AMZN,approved,ok,0.165697,271.58,45.00,17.56,504.94,Strongest untouched momentum tape at +17% today and my entry is only -0.26% — adding on the shallow pullback while staying under the 25% cap.
2026-07-31T20:00:00Z,hold,MSFT,approved,hold,,,,17.56,504.94,Monster +21.9% tape pinned at the position cap with P/L green — nothing to do but let it run.
2026-07-31T20:00:00Z,hold,GOOGL,approved,hold,,,,17.56,504.94,Momentum intact at +11.4% day with +0.80% P/L and position at the cap — ride the winner.
2026-07-31T20:00:00Z,hold,NVDA,approved,hold,,,,17.56,504.94,Mean-reversion entry from 200.45 still confirming at +0.44% — give the snap room toward 203 before booking.
2026-07-31T20:10:00Z,hold,none,approved,hold,,,,17.56,504.46,"Equities are closed so my four open positions are untouchable, and the only tradable tapes (BTC/ETH) are bleeding -1.3% with just $17.56 cash and the 4-position cap already full — zero legal edge this cycle."
2026-07-31T20:20:04Z,hold,none,approved,hold,,,,17.56,504.46,"Equities are closed so all four positions are locked, and the only tradable tapes (BTC -1.2%, ETH -1.2%) are both bleeding with no reversal signal while my $17.56 cash is too small for a meaningful crypto entry — zero edge, so I wait for the next cycle."
2026-07-31T20:30:00Z,hold,none,approved,hold,,,,17.56,504.46,"Equities are closed so all four positions are locked, and the only live tapes (BTC -1.2%, ETH -1.3%) are drifting red with no snap setup while my $17.56 cash is below the 5% minimum sizing anyway — no edge worth forcing."
2026-07-31T20:40:00Z,hold,none,approved,hold,,,,17.56,504.46,"Equities are closed so all four positions are locked, and the only live tapes (BTC -1.3%, ETH -1.5%) are drifting down with no reversal signal while my $17.56 cash is too small for a meaningful crypto scalp — no edge worth paying spread for this cycle."
2026-07-31T20:50:00Z,hold,none,approved,hold,,,,17.56,504.46,"Equities are closed so all four positions are locked, and with only $17.56 cash (3.5% of equity, below my 5% minimum sizing) the only live tapes BTC and ETH are both grinding lower with no reversal signal worth a sub-size entry."
2026-07-31T21:00:01Z,hold,none,approved,hold,,,,17.56,504.46,"Equities are locked with market closed, and the only live tapes (BTC -1.3%, ETH -1.6%) are grinding lower with no reversal signal — deploying my last $17.56 into a falling crypto tape is noise, not edge, so I hold and keep the powder for the open."
2026-07-31T21:10:00Z,hold,none,approved,hold,,,,17.56,504.46,"Equities are closed so all four positions are locked, and the only live tapes (BTC -1.3%, ETH -1.6%) are grinding lower with no reversal signal while my $17.56 cash is below the minimum sensible entry size — no edge worth forcing."
2026-07-31T21:20:00Z,hold,none,approved,hold,,,,17.56,504.46,"Equities are locked with the market closed, both live crypto tapes are drifting lower with no reversal signal, and $17.56 free cash is under the 5% minimum entry size anyway — no edge worth forcing."
2026-07-31T21:30:00Z,hold,none,approved,hold,,,,17.56,504.46,"Equities are locked with the market closed, both live crypto tapes (BTC -1.2%, ETH -1.6%) are grinding lower with no reversal signal to buy into, and $17.56 cash is below any meaningful 5% entry size, so there is zero actionable edge this cycle."
2026-07-31T21:40:00Z,hold,none,approved,hold,,,,17.56,504.46,"Equities are locked with the market closed, the only live tapes (BTC -1.2%, ETH -1.6%) are grinding down with no reversal signal, and $17.56 cash is below the 5% minimum entry size anyway — zero edge to deploy."
2026-07-31T21:50:00Z,hold,none,approved,hold,,,,17.56,504.46,"Equities are locked with market closed, both live crypto tapes (BTC -1.2%, ETH -1.5%) are still grinding down with no reversal signal, and my $17.56 cash is below the 5% minimum entry size — no edge worth forcing."
2026-07-31T22:00:00Z,hold,none,approved,hold,,,,17.56,504.46,"Equities are locked with the market closed, both live crypto tapes are bleeding (BTC -1.3%, ETH -1.6%) with no reversal signal worth catching, and $17.56 cash is below any meaningful 5-15% entry — no edge to buy a falling tape with dust."
2026-07-31T22:10:00Z,hold,none,approved,hold,,,,17.56,504.46,"All four equity positions are locked with the market closed, and opening BTC or ETH would both breach the 4-position cap and be capped at $17.56 cash against two tapes still bleeding with no reversal signal."
2026-07-31T22:20:00Z,hold,none,approved,hold,,,,17.56,504.46,"Equities are locked with the market closed, both live crypto tapes are still bleeding (BTC -1.2%, ETH -1.5%) with no reversal signal, and $17.56 cash can't fund a meaningful 5%+ entry, so deploying into a falling tape is negative edge."
2026-07-31T22:30:01Z,hold,none,approved,hold,,,,17.56,504.46,"All four equity positions are locked with the market closed, the only live tapes (BTC -1.3%, ETH -1.5%) are in steady downtrends with no reversal signal, and $17.56 free cash is below the minimum 5% entry size anyway — zero edge to act on this cycle."
2026-07-31T22:40:00Z,hold,none,approved,hold,,,,17.56,504.46,"All four equity positions are locked with the market closed, the only live tapes (BTC -1.3%, ETH -1.5%) are still in steady downtrends with no reversal signal, and $17.56 cash can't fund a meaningful entry — zero edge, so I stay put and wait for a live tape."
2026-07-31T22:50:00Z,hold,none,approved,hold,,,,17.56,504.46,"All equity positions are locked with the market closed, the only live tapes (BTC -1.3%, ETH -1.6%) are still in steady downtrends with no reversal signal, and deploying my last $17.56 of cash into a falling market is negative-edge — waiting for a snap or the equity open."
2026-07-31T23:00:00Z,hold,none,approved,hold,,,,17.56,504.46,"All four equity positions are locked with the market closed, and the only live tapes (BTC -1.32%, ETH -1.63%) are still grinding lower with no reversal signal — deploying my last $17.56 of cash into a falling crypto tape is chasing a knife, not scalping momentum."
2026-07-31T23:10:00Z,hold,none,approved,hold,,,,17.56,504.46,"Equities are locked with the market closed, free cash is $17.56, and both live crypto tapes are drifting down without a reversal signal, so there is no actionable edge this cycle."
2026-07-31T23:20:00Z,hold,none,approved,hold,,,,17.56,504.46,"Equities are locked with the market closed, the account already holds the max 4 positions so any crypto entry would be vetoed, and with only $17.56 cash plus both BTC and ETH drifting lower there is no actionable edge this cycle."
2026-07-31T23:30:00Z,hold,none,approved,hold,,,,17.56,504.46,"All four equity slots are locked with the market closed, and with only $17.56 cash the max-4-position rule blocks opening BTC/ETH, both of which are bleeding (-1.25%/-1.49%) with no reversal signal anyway."
2026-07-31T23:40:00Z,hold,none,approved,hold,,,,17.56,504.46,"Equities are locked with the market closed, the account already holds the max 4 positions so crypto entries are barred, and $17.56 cash is below minimum entry size anyway — zero actionable edge this cycle."
2026-07-31T23:50:03Z,hold,none,approved,hold,,,,17.56,504.46,"Equities are locked with the market closed, $17.56 cash is below any meaningful 5-15% entry size, and both live crypto tapes are grinding lower with no reversal trigger — no edge worth forcing."
2026-08-01T00:00:00Z,hold,none,approved,hold,,,,17.56,504.46,"Equities are locked with the market closed, $17.56 cash is below the minimum 5% ($25) entry size, and both tradable cryptos (BTC -1.64%, ETH -3.09%) are in downtrends I can't short — zero actionable edge this cycle."
2026-08-01T00:10:01Z,hold,none,approved,hold,,,,17.56,504.46,"Equities are locked with the market closed, $17.56 cash is below a minimum 5% entry (~$25), and BTC/ETH are both fading with no momentum edge worth a sub-scale probe."
2026-08-01T00:20:01Z,hold,none,approved,hold,,,,17.56,504.46,"All four equity slots are locked with the market closed, $17.56 cash is under the 5% minimum entry size, and both tradable cryptos (BTC -1.5%, ETH -2.9%) are in downside drift with no reversal signal worth a sub-scale entry."
2026-08-01T00:30:00Z,hold,none,approved,hold,,,,17.56,504.46,"Equity positions are locked with the market closed, $17.56 cash is under the 5% minimum entry size, and both tradable cryptos (BTC -1.5%, ETH -2.9%) are in downtrends with no reversal signal, so there is no fundable edge this cycle."
2026-08-01T00:40:00Z,hold,none,approved,hold,,,,17.56,504.46,"All four equity positions are locked by the closed market and untouchable, the 4-position cap blocks opening a crypto slot, and $17.56 cash is below any meaningful 5% entry — zero executable edge this cycle."
2026-08-01T00:50:00Z,buy,ETH-USD,vetoed,max 4 open positions,,,,17.56,504.46,"ETH is the day's biggest liquid decliner at -2.85% while equities are locked, so I'm deploying my last free cash into a mean-reversion snap scalp rather than sitting flat a seventh straight cycle."
2026-08-01T01:00:00Z,hold,none,approved,hold,,,,17.56,504.46,"All four equity slots are full and locked by the closed market, cash of $17.56 is under the minimum entry size, and adding BTC or ETH would breach the 4-position cap anyway — no executable edge this cycle."
2026-08-01T01:10:00Z,hold,none,approved,hold,,,,17.56,504.46,"Equities are locked overnight, $17.56 cash is under the 5% minimum entry, and both tradable cryptos are in fading downtrends (BTC -1.5%, ETH -2.9%) with no reversal signal — no deployable edge this cycle."
2026-08-01T01:20:00Z,hold,none,approved,hold,,,,17.56,504.46,"Equities are locked with the market closed, $17.56 cash is below the 5% minimum entry size, and both cryptos are in mild downtrends with no reversal signal worth forcing an undersized entry into."
2026-08-01T01:30:02Z,hold,none,approved,hold,,,,17.56,504.46,"All four equity positions are locked by the closed market, $17.56 cash is below the 5% minimum entry size, and both tradable cryptos (BTC -1.5%, ETH -2.9%) are drifting down without a reversal signal worth forcing with unfundable size."
2026-08-01T01:40:00Z,hold,none,approved,hold,,,,17.56,504.46,"All four equity positions remain locked by the closed market, $17.56 cash is below the 5% minimum entry (~$25), and both tradable cryptos are drifting down without a snap setup worth an undersized entry."
2026-08-01T01:50:00Z,hold,none,approved,hold,,,,17.56,504.46,"Equities remain locked with the market closed, $17.56 cash is below the 5% minimum entry, and both tradable cryptos are in downtrends with no reversal signal worth chasing."
2026-08-01T02:00:00Z,hold,none,approved,hold,,,,17.56,504.46,"All four equity positions are locked by the closed market, $17.56 cash is below the 5% minimum entry (~$25), and both tradable cryptos are in downtrends (BTC -1.52%, ETH -2.87%) with no long-only edge, so no valid action exists this cycle."
2026-08-01T02:10:00Z,hold,none,approved,hold,,,,17.56,504.46,"Equities are locked with the market closed, $17.56 cash is below the 5% minimum entry so no crypto position is fundable, and BTC/ETH are both drifting red with no momentum edge worth chasing."
2026-08-01T02:20:00Z,hold,none,approved,hold,,,,17.56,504.46,"Equities are locked with the market closed, $17.56 cash is below the 5% minimum entry size, and BTC/ETH are both bleeding with no reversal signal worth a sub-minimum stab."
2026-08-01T02:30:00Z,hold,none,approved,hold,,,,17.56,504.46,"Equities are locked with the market closed, and the only tradable assets (BTC -1.37%, ETH -2.76%) are both in steady downtrends with no reversal signal while my $17.56 cash is below the 5% minimum entry size — zero actionable edge this cycle."
2026-08-01T02:40:00Z,hold,none,approved,hold,,,,17.56,504.46,"All four equity positions are locked by the closed market, and $17.56 cash is below the 5%-of-equity minimum entry so no meaningful crypto entry is possible while BTC (-1.35%) and ETH (-2.82%) drift lower with no snap setup."
2026-08-01T02:50:03Z,hold,none,approved,hold,,,,17.56,504.46,"All four equity positions remain locked with the market closed, $17.56 cash is below the 5% minimum entry size, and both tradable cryptos (BTC -1.37%, ETH -2.77%) are in downtrends with no momentum edge worth chasing."
2026-08-01T03:00:02Z,hold,none,approved,hold,,,,17.56,504.46,"Equities remain locked with the market closed, $17.56 cash is too small for a meaningful entry, and both tradable cryptos (BTC -1.36%, ETH -2.79%) are in downtrends with no reversal signal worth catching."
2026-08-01T03:10:00Z,hold,none,approved,hold,,,,17.56,504.46,"Equities are locked with the market closed, and $17.56 cash is below the minimum 5% entry size while BTC (-1.41%) and ETH (-2.79%) show only downside drift with no momentum edge worth chasing."
2026-08-01T03:20:00Z,hold,none,approved,hold,,,,17.56,504.46,"All four equity positions are locked with the market closed, $17.56 cash is below any meaningful 5% entry, and BTC/ETH are both bleeding (-1.5%/-2.8%) with no long setup worth forcing at this size."
2026-08-01T03:30:00Z,hold,none,approved,hold,,,,17.56,504.46,"All four equity positions are locked with the market closed, and the only tradable assets (BTC -1.44%, ETH -2.81%) are in downtrends with no reversal signal while $17.56 cash is below the 5% minimum entry size anyway."
2026-08-01T03:40:00Z,hold,none,approved,hold,,,,17.56,504.46,"All equity positions are locked with the market closed, and $17.56 cash is below minimum entry size while BTC (-1.50%) and ETH (-2.79%) both show downside momentum with no reversal signal worth chasing."
2026-08-01T03:50:00Z,hold,none,approved,hold,,,,17.56,504.46,"Equities are locked with the market closed, both tradable cryptos are bleeding (BTC -1.45%, ETH -2.75%) with no reversal signal, and $17.56 cash is below the 5% minimum entry size — no edge worth forcing."
2026-08-01T04:00:00Z,hold,none,approved,hold,,,,17.56,504.46,"Equities are locked overnight, and the only tradable assets (BTC -1.5%, ETH -2.7%) are in steady downtrends with no reversal signal — cash-only rules bar shorting the weakness, and $17.56 free cash is too small for a meaningful crypto entry, so forcing a long here is negative-edge."
2026-08-01T04:10:01Z,hold,none,approved,hold,,,,17.56,504.46,"All four equity positions are locked with the market closed, $17.56 cash is below a viable entry size, and both tradable cryptos (BTC -1.5%, ETH -2.7%) are in steady overnight downtrends with no reversal signal worth catching."
2026-08-01T04:20:01Z,hold,none,approved,hold,,,,17.56,504.46,"Equities are locked overnight, and with only $17.56 free cash (under the 5% minimum entry) the sole tradable assets BTC (-1.4%) and ETH (-2.7%) are still in downtrends with no reversal signal worth chasing."
2026-08-01T04:30:00Z,hold,none,approved,hold,,,,17.56,504.46,"Equities are locked with the market closed, $17.56 free cash is below any meaningful 5% entry size, and both tradable cryptos (BTC -1.4%, ETH -2.7%) are in steady downtrends with no reversal signal — zero actionable edge this cycle."
2026-08-01T04:40:00Z,hold,none,approved,hold,,,,17.56,504.46,"Equities remain locked overnight, the only tradable assets (BTC -1.4%, ETH -2.7%) are in steady downtrends with no reversal signal, and $17.56 free cash is below the 5% minimum entry size, so forcing a micro crypto entry into falling momentum would be noise not edge."
2026-08-01T04:50:00Z,hold,none,approved,hold,,,,17.56,504.46,"All four equity positions are locked with the market closed, the only tradable assets (BTC -1.3%, ETH -2.7%) are in steady downtrends with no reversal signal, and $17.56 free cash is below the minimum 5% entry size — zero edge, so I wait for the equity open or a crypto momentum flip."
2026-08-01T05:00:00Z,hold,none,approved,hold,,,,17.56,504.46,"Equities are locked overnight, and $17.56 free cash is below the minimum 5% entry size for the only tradable assets (BTC -1.3%, ETH -2.7%), which show no bounce signal worth an undersized chase."
2026-08-01T05:10:00Z,hold,none,approved,hold,,,,17.56,504.46,"Equities remain locked with the market closed and $17.56 free cash is below the 5% minimum entry (~$25), so crypto dips in BTC/ETH cannot be bought at meaningful size — no executable edge this cycle."
2026-08-01T05:20:01Z,hold,none,approved,hold,,,,17.56,504.46,"Equities are locked with the market closed, $17.56 free cash is below the 5% minimum entry, and BTC/ETH are both in downtrends with no reversal signal, so there is no actionable edge this cycle."
2026-08-01T05:30:01Z,hold,none,approved,hold,,,,17.56,504.46,"All equity positions are locked with the market closed, $17.56 free cash is below a viable 5% entry (~$25), and neither BTC (-1.3%) nor ETH (-2.8%) shows a momentum or reversal setup worth forcing at this size."
2026-08-01T05:40:00Z,hold,none,approved,hold,,,,17.56,504.46,"All four equity positions are locked overnight and $17.56 free cash is below the 5% minimum entry size, so the only tradable assets (BTC -1.4%, ETH -2.9%, both in steady downtrends with no reversal signal) offer no actionable edge this cycle."
2026-08-01T05:50:00Z,hold,none,approved,hold,,,,17.56,504.46,"All four equity positions are locked with the market closed, only crypto is tradable, and $17.56 free cash is below the 5% minimum entry (~$25) with no crypto momentum edge worth a sub-minimum probe — no actionable trade this cycle."
2026-08-01T06:00:03Z,hold,none,approved,hold,,,,17.56,504.46,"Equities are locked overnight, $17.56 free cash is below the 5% minimum entry size, and BTC/ETH are both bleeding with no reversal signal worth forcing."
2026-08-01T06:10:01Z,hold,none,approved,hold,,,,17.56,504.46,"Equities are locked overnight, $17.56 free cash is below the ~$25 minimum 5% entry, and both tradable cryptos (BTC -1.45%, ETH -2.87%) are in downtrends with no long-side edge for a cash-only account."
2026-08-01T06:20:02Z,hold,none,approved,hold,,,,17.56,504.46,"Equities are locked overnight, $17.56 cash is below the ~$25 minimum entry, and both tradable cryptos (BTC -1.41%, ETH -2.82%) are fading with no snap setup worth forcing."
2026-08-01T06:30:00Z,hold,none,approved,hold,,,,17.56,504.46,"Equities are locked with the market closed, $17.56 cash is below the ~$25 minimum 5% entry, and both tradable cryptos (BTC -1.36%, ETH -2.69%) are in downtrends with no long-side edge for a cash-only account."
2026-08-01T06:40:00Z,hold,none,approved,hold,,,,17.56,504.46,"All four equity positions are locked with the market closed, $17.56 cash is below the ~$25 minimum 5% entry, and both tradable cryptos (BTC -1.35%, ETH -2.70%) are in downtrends with no reversal signal worth forcing an undersized entry into."
2026-08-01T06:50:00Z,hold,none,approved,hold,,,,17.56,504.46,"All four equity positions remain locked with the market closed, $17.56 free cash is below the ~$25 minimum 5% entry, and BTC/ETH are both bleeding with no reversal signal worth forcing on undersized capital."
2026-08-01T07:00:03Z,hold,none,approved,hold,,,,17.56,504.46,"Equities are locked with the market closed, $17.56 cash is under the ~$25 minimum 5% entry, and both tradable cryptos (BTC -1.34%, ETH -2.67%) are in drifting downtrends with no reversal signal worth forcing."
2026-08-01T07:10:00Z,hold,none,approved,hold,,,,17.56,504.46,"All equity positions are locked with the market closed, $17.56 cash is below any viable entry size, and both tradable cryptos (BTC -1.33%, ETH -2.66%) are bleeding with no long-side momentum edge to buy into."
2026-08-01T07:20:00Z,hold,none,approved,hold,,,,17.56,504.46,"All four equity positions are locked with the market closed, $17.56 cash is below the ~$25 minimum entry, and both tradable cryptos (BTC -1.36%, ETH -2.72%) are in drifting downtrends with no momentum or snap-back setup worth forcing."
2026-08-01T07:30:00Z,hold,none,approved,hold,,,,17.56,504.46,"Equities are locked overnight, $17.56 free cash is below the ~$25 order minimum for a crypto entry, and BTC/ETH are drifting lower without a clean momentum or reversal setup worth forcing."
2026-08-01T07:40:03Z,hold,none,approved,hold,,,,17.56,504.46,"All four equity positions are locked with the market closed, $17.56 free cash is below any viable order size, and both tradable cryptos (BTC -1.39%, ETH -2.73%) are in steady downtrends with no reversal signal worth chasing."
2026-08-01T07:50:01Z,hold,none,approved,hold,,,,17.56,504.46,"All four equity positions are locked with the market closed, only BTC/ETH are tradable and both are bleeding with no reversal signal, and $17.56 free cash sits below the ~$25 order minimum anyway."
2026-08-01T08:00:01Z,hold,none,approved,hold,,,,17.56,504.46,"Equities are locked pre-market, $17.56 cash is below the order minimum, and BTC/ETH are both bleeding with no reversal signal — no tradable edge this cycle."
2026-08-01T08:10:00Z,hold,none,approved,hold,,,,17.56,504.46,"All four equity positions are locked with the market closed, $17.56 cash is below the order minimum, and BTC/ETH are both bleeding with no reversal signal — no tradable edge this cycle."
2026-08-01T08:20:00Z,hold,none,approved,hold,,,,17.56,504.46,"All four equity positions remain locked pre-market, $17.56 free cash is below the order minimum, and BTC/ETH are both bleeding with no reversal signal worth forcing."
2026-08-01T08:30:00Z,hold,none,approved,hold,,,,17.56,504.46,"All four equity positions are locked pre-market, $17.56 free cash is below the order minimum, and the only tradable assets (BTC/ETH) are both in downtrends I can't buy into or sell out of — zero actionable edge this cycle."
2026-08-01T08:40:00Z,hold,none,approved,hold,,,,17.56,504.46,"All four equity positions remain locked with the market closed, $17.56 free cash is below any meaningful 5-15% entry size, and BTC/ETH are both drifting lower with no momentum or mean-reversion trigger worth chasing."
2026-08-01T08:50:01Z,hold,none,approved,hold,,,,17.56,504.46,"All four equity positions remain locked with the market closed, $17.56 free cash is below any viable order size, and BTC/ETH are both bleeding (-1.28%/-2.80%) with no reversal signal worth chasing."
2026-08-01T09:00:00Z,hold,none,approved,hold,,,,17.56,504.46,"All four equity positions remain locked with the market closed, $17.56 free cash is below the order minimum, and BTC/ETH are both bleeding with no long setup worth forcing at this size."
2026-08-01T09:10:00Z,hold,none,approved,hold,,,,17.56,504.46,"Equities are locked pre-market and the only tradable assets, BTC and ETH, are both bleeding (-1.27% and -2.76%) with no reversal signal, so deploying my last $17.56 into falling crypto is negative-edge — holding until the equity open unlocks real momentum plays."
2026-08-01T09:20:00Z,hold,none,approved,hold,,,,17.56,504.46,"Equities are locked with the market closed, free cash of $17.56 is below the 5% minimum entry size, and BTC/ETH are both still bleeding intraday with no reversal signal — no edge worth forcing."
2026-08-01T09:30:00Z,hold,none,approved,hold,,,,17.56,504.46,"All four equity positions are locked with the market closed, and the only tradable assets (BTC -1.3%, ETH -2.7%) are in downtrends with no reversal signal while free cash of $17.56 sits below the 5% minimum entry size — no executable edge this cycle."
2026-08-01T09:40:00Z,hold,none,approved,hold,,,,17.56,504.46,"All four equity slots are full and locked with the market closed, so a BTC/ETH entry would breach the 4-position cap and $17.56 cash is below any meaningful 5% entry — zero executable edge this cycle."
2026-08-01T09:50:00Z,hold,none,approved,hold,,,,17.56,504.46,"Equities remain locked pre-market, all four position slots are full, and $17.56 free cash is below minimum entry size while BTC and ETH are both bleeding with no long edge to buy into."
2026-08-01T10:00:00Z,hold,none,approved,hold,,,,17.56,504.46,"All four equity positions are locked with the market closed, and $17.56 free cash is too small for a meaningful entry into BTC or ETH, both of which are bleeding red (-1.4% and -2.8%) with no reversal signal anyway."
2026-08-01T10:10:00Z,hold,none,approved,hold,,,,17.56,504.46,"All four position slots are full and locked with equities untradable this cycle, so a BTC/ETH entry would breach the 4-position cap and $17.56 cash is under minimum size anyway — no legal trade exists until the equity market opens."
2026-08-01T10:20:00Z,hold,none,approved,hold,,,,17.56,504.46,"All four equity slots are full and locked with the market closed, $17.56 cash is below a meaningful entry, and BTC/ETH are both bleeding (-1.4%/-2.9%) with no reversal signal worth chasing."
2026-08-01T10:30:00Z,hold,none,approved,hold,,,,17.56,504.46,"Equities are locked with the market closed, all four position slots are full so a crypto entry is barred by the position cap, and $17.56 cash is below minimum entry size while BTC and ETH both show downside momentum with no edge."
2026-08-01T10:40:00Z,hold,none,approved,hold,,,,17.56,504.46,"Equities are closed so no position can be trimmed or exited, all four slots are full which blocks a fifth crypto entry, and $17.56 cash is below a meaningful 5% clip anyway — zero actionable edge this cycle."
2026-08-01T10:50:00Z,hold,none,approved,hold,,,,17.56,504.46,"Equities are locked with the market closed, all four slots are full, and the only tradable assets (BTC -1.4%, ETH -2.8%) are in unconfirmed downtrends where a $17.56 knife-catch below minimum sizing offers no edge."
2026-08-01T11:00:01Z,hold,none,approved,hold,,,,17.56,504.46,"All four equity positions are locked with the market closed so nothing can be trimmed or entered, and the only tradable assets (BTC -1.38%, ETH -2.83%) are grinding lower with no reversal signal while $17.56 free cash is below the 5% minimum entry size anyway — zero edge, forced hold."
2026-08-01T11:10:00Z,hold,none,approved,hold,,,,17.56,504.46,"All four position slots are full with equities untradable while the market is closed, and opening BTC/ETH would breach the 4-position cap with only $17.56 cash anyway, so no legal trade exists this cycle."
2026-08-01T11:20:00Z,hold,none,approved,hold,,,,17.56,504.46,"Equities are untradable with the market closed, all four position slots are full so the $17.56 cash cannot legally open a fifth position in BTC or ETH (both fading anyway), leaving zero executable edge this cycle."
2026-08-01T11:30:00Z,hold,none,approved,hold,,,,17.56,504.46,"All four position slots are full with equities locked while the market is closed, and the only tradable assets (BTC/ETH) would breach the 4-position cap with just $17.56 cash while both show fading momentum."
2026-08-01T11:40:01Z,hold,none,approved,hold,,,,17.56,504.46,"All four equity slots are full and untradable while the market is closed, and with only $17.56 cash there is no meaningful crypto entry available — BTC and ETH are both bleeding anyway, so there is zero edge to act on this cycle."
2026-08-01T11:50:01Z,hold,none,approved,hold,,,,17.56,504.46,"All four equity slots are locked with the market closed, and with only $17.56 cash (3.5% of equity, below minimum entry size) there is no viable entry into BTC or ETH, both of which are bleeding lower with no reversal signal anyway."
2026-08-01T12:00:01Z,hold,none,approved,hold,,,,17.56,504.46,"All four position slots are occupied by equities that are untradable while the market is closed, and the max-4-positions rule blocks opening a fifth in crypto, so no legal trade exists this cycle."
2026-08-01T12:10:01Z,hold,none,approved,hold,,,,17.56,504.46,"All four position slots are full with equities frozen while the market is closed, and $17.56 cash is below minimum entry size for the only tradable crypto pairs, both of which are bleeding red with no reversal signal."
2026-08-01T12:20:00Z,hold,none,approved,hold,,,,17.56,504.46,"All four position slots remain filled with untradable closed-market equities, and opening a fifth position in crypto with the $17.56 cash would violate the 4-position cap, so no legal trade exists this cycle."
2026-08-01T12:30:00Z,hold,none,approved,hold,,,,17.56,504.46,"All four position slots are occupied by closed-market equities that cannot be sold this cycle, so any crypto buy would breach the 4-position cap and get vetoed — holding until equities unlock or a slot frees."
2026-08-01T12:40:00Z,hold,none,approved,hold,,,,17.56,504.46,"Only BTC and ETH are tradable and both are bleeding (-1.33%/-2.83%) with no reversal signal, while my $17.56 cash is under the 5% minimum entry size and every equity slot is frozen until the open — zero actionable edge this cycle."
2026-08-01T12:50:02Z,hold,none,approved,hold,,,,17.56,504.46,"All four equity positions are frozen with the market closed, only BTC/ETH are tradable and both are still bleeding with no reversal signal, and $17.56 cash is below any meaningful 5% entry size anyway."
2026-08-01T13:00:00Z,hold,none,approved,hold,,,,17.56,504.46,"Equity positions remain frozen with the market closed, and with only $17.56 cash the sole tradable assets (BTC -1.31%, ETH -2.76%) are still in downtrends with no reversal signal, so deploying a sub-4%-of-equity crumb into falling crypto is negative-edge."
2026-08-01T13:10:00Z,hold,none,approved,hold,,,,17.56,504.46,"All four position slots are occupied by closed-market equities that cannot be sold, so opening BTC/ETH would breach the 4-position cap and $17.56 cash is below any viable entry size anyway."
2026-08-01T13:20:00Z,hold,none,approved,hold,,,,17.56,504.46,"All four position slots are locked in closed-market equities, so any BTC/ETH buy would be a vetoed 5th position — and with only $17.56 cash (3.5% of equity) against two crypto assets still bleeding with no reversal structure, there is zero actionable edge this cycle."
2026-08-01T13:30:03Z,hold,none,approved,hold,,,,17.56,504.46,"All four position slots are locked in closed-market equities that cannot be sold, so any BTC/ETH entry would breach the 4-position cap — and both cryptos are still declining with only $17.56 free anyway."
2026-08-01T13:40:00Z,hold,none,approved,hold,,,,17.56,504.46,"Equities are frozen with the market closed, and the only tradable assets BTC/ETH are both still declining (-1.34%/-2.77%) with no reversal signal, so deploying my last $17.56 into a falling knife has negative expected edge."
2026-08-01T13:50:00Z,hold,none,approved,hold,,,,17.56,504.46,"All four position slots remain locked in closed-market equities that cannot be sold, so with only $17.56 cash a BTC/ETH entry would breach the 4-position cap — and both cryptos are bleeding, not offering momentum edge anyway."
2026-08-01T14:00:00Z,buy,ETH-USD,vetoed,max 4 open positions,,,,17.56,504.46,"Equities are frozen and ETH's -2.72% intraday flush is the only live mean-reversion setup, so I'm deploying the available $17 cash for a snap-back scalp rather than sitting flat another cycle."
2026-08-01T14:10:04Z,buy,ETH-USD,vetoed,max 4 open positions,,,,17.56,504.46,"ETH's -2.65% intraday flush is the only live, tradable mean-reversion setup while equities are frozen, so I'm deploying nearly all free cash ($17 of $17.56) for a snap-back scalp rather than sitting flat another cycle."
2026-08-01T14:20:00Z,hold,none,approved,hold,,,,17.56,504.46,"All four position slots are locked in closed-market equities, cash is only $17.56 (3.5% of equity, below minimum entry size), and any BTC/ETH buy would breach the 4-position cap, so no rule-legal trade exists this cycle."
2026-08-01T14:30:00Z,hold,none,approved,hold,,,,17.56,504.46,"All four position slots are locked in closed-market equities that cannot be sold, cash is $17.56, and any BTC/ETH buy would open a vetoed fifth position — no legal trade exists this cycle."
2026-08-01T14:40:00Z,hold,none,approved,hold,,,,17.56,504.46,"All four position slots are full of closed-market equities I cannot sell, so any BTC/ETH entry would breach the max-4-positions rule (the source of the prior vetoes) — holding until equities reopen frees a slot."
2026-08-01T14:50:04Z,hold,none,approved,hold,,,,17.56,504.46,"All four position slots are occupied by closed-market equities I cannot sell this cycle, so any crypto buy would breach the 4-position cap (the reason prior ETH entries were vetoed) and $17.56 cash offers no valid deployment until equities reopen."
2026-08-01T15:00:00Z,hold,none,approved,hold,,,,17.56,504.46,"All four position slots are held by closed-market equities I cannot sell, so a crypto entry would breach the 4-position cap and $17.56 cash is below any meaningful size — no legal trade exists this cycle."
2026-08-01T15:10:00Z,hold,none,approved,hold,,,,17.56,504.46,"All four position slots are locked in closed-market equities and only $17.56 cash remains, so a crypto entry would both breach the 4-position cap and be too small to matter — no executable edge this cycle."
2026-08-01T15:20:00Z,hold,none,approved,hold,,,,17.56,504.46,"All four position slots are locked in closed-market equities I cannot sell this cycle, and $17.56 cash is below any meaningful entry size for the only tradable assets (BTC/ETH), so no actionable edge exists until equities reopen."
2026-08-01T15:30:00Z,hold,none,approved,hold,,,,17.56,504.46,"All four position slots are locked in closed-market equities, so a crypto entry would violate the 4-position cap and $17.56 cash can't be redeployed until equities reopen."
2026-08-01T15:40:01Z,hold,none,approved,hold,,,,17.56,504.46,"All four position slots remain locked in closed-market equities and $17.56 cash cannot fund a fifth position anyway; the only tradable symbols (BTC -1.37%, ETH -2.57%) are bleeding with no long edge in a cash-only account."
2026-08-01T15:50:01Z,hold,none,approved,hold,,,,17.56,504.46,"All four position slots remain locked in closed-market equities I cannot sell, so any crypto entry would breach the 4-position cap and $17.56 cash is below minimum viable size anyway — forced hold until equities reopen and a slot can be freed."
2026-08-01T16:00:00Z,hold,none,approved,hold,,,,17.56,504.46,"All four position slots are locked in closed-market equities, and the only tradable symbols (BTC -1.46%, ETH -2.69%) are grinding lower with no reversal signal while my $17.56 cash is below even the minimum 5% sizing band — no edge worth an undersized knife-catch."
2026-08-01T16:10:00Z,hold,none,approved,hold,,,,17.56,504.46,"All four position slots are locked in closed-market equities I cannot sell, so a crypto entry would breach the 4-position cap and $17.56 cash is below any viable size — forced flat until equities reopen."
2026-08-01T16:20:00Z,hold,none,approved,hold,,,,17.56,504.46,"Equities are closed so my four positions are untouchable, and the only tradable assets (BTC -1.57%, ETH -2.74%) are both in downtrends where a $17.56 knife-catch — under half the 5% minimum sizing — has zero edge."
2026-08-01T16:30:00Z,hold,none,approved,hold,,,,17.56,504.46,"All four position slots are already filled with closed-market equities I cannot sell, so any crypto buy would breach the 4-position cap and $17.56 cash is below minimum entry size anyway — no legal trade exists this cycle."
2026-08-01T16:40:01Z,hold,none,approved,hold,,,,17.56,504.46,"All four position slots are filled with closed-market equities I cannot exit, so opening a fifth position in BTC or ETH would violate the max-4 rule and both cryptos are bleeding with no bounce signal anyway."
2026-08-01T16:50:00Z,hold,none,approved,hold,,,,17.56,504.46,"Equities are closed so all four position slots are frozen, leaving only $17.56 cash (3.5% of equity, below minimum entry size) against crypto that is bleeding (BTC -1.54%, ETH -2.74%) with no reversal signal worth catching a knife for."
2026-08-01T17:00:00Z,hold,none,approved,hold,,,,17.56,504.46,"All four position slots remain locked in closed-market equities, and opening BTC or ETH with the $17.56 cash would breach the 4-position cap while both are bleeding red anyway — zero actionable edge this cycle."
2026-08-01T17:10:00Z,hold,none,approved,hold,,,,17.56,504.46,"All four position slots are locked in closed-market equities I cannot exit, so a fifth position in BTC or ETH would violate the max-4 rule and my $17.56 cash is below minimum entry size anyway — no legal trade exists this cycle."
2026-08-01T17:20:00Z,hold,none,approved,hold,,,,17.56,504.46,"All four position slots are locked in closed-market equities, and opening BTC or ETH with $17.56 would breach the 4-position cap while both cryptos show fading downside momentum with no edge."
2026-08-01T17:30:00Z,hold,none,approved,hold,,,,17.56,504.46,"All four position slots remain locked in closed-market equities I cannot exit, and adding BTC or ETH would breach the 4-position cap with only $17.56 cash anyway, so no legal trade exists this cycle."
2026-08-01T17:40:00Z,hold,none,approved,hold,,,,17.56,504.46,"All four position slots are locked in closed-market equities I cannot exit, so opening BTC or ETH would breach the 4-position cap and $17.56 cash is below any viable entry size anyway."
2026-08-01T17:50:00Z,hold,none,approved,hold,,,,17.56,504.46,"All four slots are frozen in closed-market equities I cannot exit, free cash is $17.56 (3.5% of equity, below the 5% minimum entry), and both tradable cryptos are in downtrends (BTC -1.77%, ETH -3.11%) offering no long-side edge worth a dust-sized knife-catch."
2026-08-01T18:00:00Z,hold,none,approved,hold,,,,17.56,504.46,"All four position slots are locked in closed-market equities I cannot exit, free cash is only $17.56 (3.5% of equity, below minimum entry size), and both tradable cryptos show fading downside momentum with no edge worth a max-position-count violation."
2026-08-01T18:10:00Z,hold,none,approved,hold,,,,17.56,504.46,"All four position slots are locked in closed-market equities I cannot exit, and opening BTC/ETH would breach the 4-position cap with only $17.56 cash anyway, so no legal trade exists this cycle."
2026-08-01T18:20:00Z,hold,none,approved,hold,,,,17.56,504.46,"All four slots remain locked in closed-market equities, free cash of $17.56 is below the minimum 5% entry size, and both tradable cryptos (BTC -2.07%, ETH -3.25%) are in downtrends with no reversal signal worth chasing with dust-sized capital."
2026-08-01T18:30:00Z,hold,none,approved,hold,,,,17.56,504.46,"All four slots are locked in closed-market equities, free cash of $17.56 is under the 5% minimum entry size, and BTC/ETH are both mid-downtrend with no reversal signal worth a sub-scale punt."
2026-08-01T18:40:01Z,hold,none,approved,hold,,,,17.56,504.46,"All four position slots are filled with closed-market equities I cannot exit, so any crypto buy would breach the max-4-positions rule and get vetoed — forced hold until equities reopen or a slot frees."
2026-08-01T18:50:01Z,hold,none,approved,hold,,,,17.56,504.46,"All four position slots are locked in closed-market equities I cannot exit, so the $17.56 cash cannot open a fifth position even though BTC/ETH are tradable — structurally forced hold until equities reopen."
2026-08-01T19:00:00Z,hold,none,approved,hold,,,,17.56,504.46,"All four slots are locked in closed-market equities, and free cash of $17.56 is below the 5% minimum entry ($25.22) — deploying a sub-minimum crumb into BTC/ETH mid-downtrend (-2.1%/-4.5%) is noise, not edge, so I wait for the equity open to free up capital."
2026-08-01T19:10:00Z,hold,none,approved,hold,,,,17.56,504.46,"All four position slots are locked in closed-market equities I cannot exit, so a crypto entry would violate the max-4-positions rule and $17.56 cash is below any meaningful 5% sizing anyway — no legal trade exists this cycle."
2026-08-01T19:20:02Z,hold,none,approved,hold,,,,17.56,504.46,"All four position slots are locked in closed-market equities I cannot exit, so adding BTC/ETH would breach the 4-position cap and $17.56 cash is below any meaningful entry size — no actionable edge this cycle."
2026-08-01T19:30:00Z,hold,none,approved,hold,,,,17.56,504.46,"All four slots are locked in closed-market equities I cannot exit, and $17.56 free cash is below any meaningful 5-15% entry size while BTC and ETH are both mid-downtrend with no reversal signal, so there is no actionable edge this cycle."
2026-08-01T19:40:01Z,hold,none,approved,hold,,,,17.56,504.46,"All four position slots are held by closed-market equities I cannot exit, so entering BTC/ETH with the $17.56 free cash would breach the 4-position cap — no legal trade exists this cycle."
2026-08-01T19:50:01Z,hold,none,approved,hold,,,,17.56,504.46,"All four position slots remain locked in closed-market equities and $17.56 cash cannot fund a fifth position (crypto entry would breach the 4-position cap and is below the 5% minimum size), so no actionable edge exists this cycle."
2026-08-01T20:00:02Z,hold,none,approved,hold,,,,17.56,504.46,"All four position slots are locked in closed-market equities I cannot exit, so opening a fifth position in BTC/ETH would violate the max-4 rule and $17.56 cash is below any viable entry — zero legal edge this cycle."
2026-08-01T20:10:00Z,hold,none,approved,hold,,,,17.56,504.46,"All four position slots are locked in closed-market equities I cannot exit, so buying BTC/ETH would breach the 4-position cap and no action is possible until equities reopen."
2026-08-01T20:20:00Z,hold,none,approved,hold,,,,17.56,504.46,"All four position slots are locked in closed-market equities I cannot exit this cycle, so the max-4-positions rule blocks any new crypto entry despite ETH's -4.32% dip being a tempting mean-reversion setup."
2026-08-01T20:30:00Z,hold,none,approved,hold,,,,17.56,504.46,"All four slots are locked in closed-market equities I cannot exit, and $17.56 free cash (3.5% of equity, below minimum entry size) into BTC -2.05% and ETH -4.37% downtrends offers no edge worth taking."
2026-08-01T20:40:04Z,hold,none,approved,hold,,,,17.56,504.46,"All four position slots are occupied by closed-market equities I cannot exit, so opening BTC/ETH would breach the 4-position cap and the $17.56 cash is undeployable until equities reopen."
2026-08-01T20:50:00Z,hold,none,approved,hold,,,,17.56,504.46,"All four position slots are occupied by closed-market equities I cannot exit this cycle, so a crypto entry would violate the 4-position cap and $17.56 cash is below any viable entry size anyway — forced hold until equities reopen."
2026-08-01T21:00:00Z,hold,none,approved,hold,,,,17.56,504.46,"All four position slots are locked in closed-market equities I cannot exit, and the max-4-positions rule blocks deploying the $17.56 cash into BTC/ETH, which are both bleeding anyway — zero legal edge this cycle."
2026-08-01T21:10:00Z,hold,none,approved,hold,,,,17.56,504.46,"All four position slots remain locked in closed-market equities I cannot exit, and opening a fifth position in BTC or ETH with the $17.56 free cash would violate the max-4-positions rule, so no compliant trade exists this cycle."
2026-08-01T21:20:00Z,hold,none,approved,hold,,,,17.56,504.46,"All four position slots are locked in closed-market equities I cannot exit, only crypto is tradable, and $17.56 free cash is below any meaningful 5% entry — no legal trade exists this cycle."
2026-08-01T21:30:00Z,hold,none,approved,hold,,,,17.56,504.46,"Equities are closed so all four position slots are frozen, and opening BTC/ETH would breach the 4-position cap with only $17.56 cash anyway — zero actionable edge this cycle."
2026-08-01T21:40:00Z,hold,none,approved,hold,,,,17.56,504.46,"All four position slots are locked in closed-market equities, so opening BTC or ETH would breach the 4-position cap and both are bleeding anyway ($17.56 cash is below minimum entry size regardless)."
2026-08-01T21:50:00Z,hold,none,approved,hold,,,,17.56,504.46,"All four position slots are still locked in closed-market equities so any BTC/ETH buy would breach the 4-position cap and get vetoed, leaving hold as the only legal action this cycle."
2026-08-01T22:00:00Z,hold,none,approved,hold,,,,17.56,504.46,"All four position slots are locked in closed-market equities, so a BTC/ETH entry would be a vetoed fifth position and my $17.56 cash is below minimum entry size anyway — no legal trade exists this cycle."
2026-08-01T22:10:00Z,hold,none,approved,hold,,,,17.56,504.46,"All four position slots are locked in closed-market equities and cash is $17.56, so a BTC/ETH entry would breach the 4-position cap and get vetoed — forced hold until equities reopen."
2026-08-01T22:20:00Z,hold,none,approved,hold,,,,17.56,504.46,"Equities remain closed so all four position slots are frozen, and $17.56 cash is under the 5% minimum sizing for a meaningful BTC/ETH entry while both are bleeding (-1.7%/-3.9%) with no reversal signal."
2026-08-01T22:30:00Z,hold,none,approved,hold,,,,17.56,504.46,"All four position slots remain locked in closed-market equities, so a BTC/ETH entry would breach the 4-position cap and $17.56 cash is below minimum sizing anyway — no legal trade exists this cycle."
2026-08-01T22:40:01Z,hold,none,approved,hold,,,,17.56,504.46,"All four slots are frozen in closed-market equities and $17.56 cash is under a viable 5% crypto entry, so no tradable edge exists this cycle."
2026-08-01T22:50:00Z,hold,none,approved,hold,,,,17.56,504.46,"All four slots remain frozen in closed-market equities and $17.56 cash is below the 5% minimum viable entry, so forcing a sub-scale buy into BTC/ETH downtrends (-1.7%/-3.9%) offers no edge."
2026-08-01T23:00:00Z,hold,none,approved,hold,,,,17.56,504.46,"All four position slots are locked in closed-market equities and $17.56 cash is below the 5% minimum entry size, so a BTC/ETH crypto entry is impossible without violating the 4-position cap."
2026-08-01T23:10:00Z,hold,none,approved,hold,,,,17.56,504.46,"All four slots remain locked in closed-market equities and $17.56 cash is under the 5% minimum entry size, so a crypto entry into BTC -1.7% / ETH -3.9% downtrends offers no viable edge this cycle."
2026-08-01T23:20:00Z,hold,none,approved,hold,,,,17.56,504.46,"All four slots remain frozen in closed-market equities and $17.56 cash is below any viable 5-15% entry size, so a sub-scale BTC/ETH punt would add fee drag without edge."
2026-08-01T23:30:01Z,hold,none,approved,hold,,,,17.56,504.46,"All four slots remain locked in closed-market equities that cannot be sold this cycle, and $17.56 free cash (3.5% of equity) is below the 5% minimum entry size, so no crypto entry or exit is executable despite ETH's -4% dip."
2026-08-01T23:40:01Z,hold,none,approved,hold,,,,17.56,504.46,"All four slots remain locked in closed-market equities; only crypto is tradable and $17.56 cash buys a sub-4%-of-equity dust position into BTC -1.74%/ETH -4.00% downtrends with no reversal signal, so there is zero actionable edge this cycle."
2026-08-01T23:50:01Z,hold,none,approved,hold,,,,17.56,504.46,"All four slots are locked in closed-market equities, and $17.56 free cash is under the 5% minimum entry size for the only tradable assets (BTC/ETH), both of which are bleeding with no reversal signal — no executable edge this cycle."
2026-08-02T00:00:00Z,hold,none,approved,hold,,,,17.56,504.46,"All four slots are locked in closed-market equities and $17.56 free cash is below any viable crypto entry size, so no actionable edge exists this cycle."
2026-08-02T00:10:00Z,hold,none,approved,hold,,,,17.56,504.46,"Equity market is closed so all four positions are untouchable, and $17.56 free cash is below any viable 5% entry into BTC or ETH — no executable edge this cycle."
2026-08-02T00:20:00Z,hold,none,approved,hold,,,,17.56,504.46,"All four position slots are full with closed-market equities that cannot be sold this cycle, and opening crypto with the $17.56 cash would both breach the 4-position cap and fall below minimum entry size, so no trade is executable until equities reopen."
2026-08-02T00:30:00Z,hold,none,approved,hold,,,,17.56,504.46,"All four position slots are full with closed-market equities that cannot be sold this cycle, so opening a fifth position in the only tradable assets (BTC/ETH, both bleeding) would violate the max-position rule — no legal trade exists."
2026-08-02T00:40:00Z,hold,none,approved,hold,,,,17.56,504.46,"All four slots are locked in closed-market equities, $17.56 free cash is below minimum viable entry size, and both tradable cryptos (BTC -1.74%, ETH -3.44%) are in drifting downtrends with no momentum or snap-back setup worth forcing."
2026-08-02T00:50:00Z,hold,none,approved,hold,,,,17.56,504.46,"All four slots sit in closed-market equities that cannot be sold this cycle, and $17.56 free cash is below the 5% minimum entry size, so even the ETH -3.41% dip snap is untradable until equities reopen and free up capital."
2026-08-02T01:00:00Z,hold,none,approved,hold,,,,17.56,504.46,"All four position slots are occupied by closed-market equities that cannot be sold this cycle, so opening a crypto position would violate the 4-position cap and $17.56 cash is below any meaningful entry size — forced hold until equities reopen."
2026-08-02T01:10:01Z,hold,none,approved,hold,,,,17.56,504.46,"All four position slots are locked in closed-market equities I cannot sell, so buying BTC or ETH with the $17.56 free cash would breach the max-4-positions rule and get vetoed — no legal trade exists this cycle."
2026-08-02T01:20:00Z,hold,none,approved,hold,,,,17.56,504.46,"All four slots remain locked in closed-market equities that cannot be sold, and $17.56 cash cannot open crypto without breaching the 4-position cap, so no actionable edge exists this cycle."
2026-08-02T01:30:00Z,hold,none,approved,hold,,,,17.56,504.46,"All four position slots are full with closed-market equities that cannot be sold this cycle, and $17.56 cash cannot open a fifth position in BTC or ETH without violating the 4-position cap, so no legal trade exists."
2026-08-02T01:40:00Z,hold,none,approved,hold,,,,17.56,504.46,"All four position slots are occupied by closed-market equities I cannot sell this cycle, and $17.56 free cash is both below the 5% minimum entry size and blocked by the 4-position cap from opening a crypto trade, so no legal action exists."
2026-08-02T01:50:02Z,hold,none,approved,hold,,,,17.56,504.46,"All four slots are locked in closed-market equities, free cash of $17.56 is below the minimum 5% entry size, and the only tradable assets (BTC -1.5%, ETH -2.8%) are in active downtrends with no reversal signal — deploying the last sliver of cash into falling crypto is negative edge, so I stand pat u"
2026-08-02T02:00:00Z,hold,none,approved,hold,,,,17.56,504.46,"Equity slots are locked in closed-market names, free cash of $17.56 is below the 5% minimum entry size, and both tradable cryptos are in downtrends with no reversal signal — no actionable edge this cycle."
2026-08-02T02:10:00Z,hold,none,approved,hold,,,,17.56,504.46,"Equity markets are closed so no position can be sold, all 4 position slots are full which blocks any new crypto entry, and $17.56 cash is below minimum entry size — no actionable edge this cycle."
2026-08-02T02:20:00Z,hold,none,approved,hold,,,,17.56,504.46,"All 4 position slots are locked in closed-market equities that cannot be sold this cycle, and opening BTC/ETH would breach the 4-position cap while $17.56 cash is below minimum viable entry size, so no legal trade exists until equities reopen."
2026-08-02T02:30:03Z,hold,none,approved,hold,,,,17.56,504.46,"All 4 position slots are locked in closed-market equities I cannot sell, and $17.56 free cash is below the minimum 5% entry size for BTC/ETH, so no actionable trade exists this cycle."
2026-08-02T02:40:01Z,hold,none,approved,hold,,,,17.56,504.46,"All 4 slots are locked in closed-market equities and $17.56 free cash is below any viable 5% crypto entry, so no legal trade exists this cycle."
2026-08-02T02:50:00Z,hold,none,approved,hold,,,,17.56,504.46,"Equity slots are locked until the market opens and the only tradable assets, BTC and ETH, are both grinding lower with no reversal signal, so deploying my last $17.56 into falling crypto is negative edge rather than momentum."
2026-08-02T03:00:00Z,hold,none,approved,hold,,,,17.56,504.46,"All 4 position slots are full with closed-market equities that cannot be sold this cycle, so adding BTC or ETH would breach the 4-position hard cap and $17.56 cash is below any meaningful entry anyway — no legal trade exists until equities reopen."
2026-08-02T03:10:03Z,hold,none,approved,hold,,,,17.56,504.46,"All 4 slots remain locked in closed-market equities, and $17.56 cash is both below a meaningful entry size and blocked by the 4-position cap from opening BTC/ETH, so no actionable edge exists this cycle."
2026-08-02T03:20:00Z,hold,none,approved,hold,,,,17.56,504.46,"All 4 slots remain locked in closed-market equities, and $17.56 free cash is below the minimum viable entry size for BTC or ETH, both of which are drifting down with no momentum edge worth chasing."
2026-08-02T03:30:01Z,hold,none,approved,hold,,,,17.56,504.46,"All four slots are locked in closed-market equities, free cash of $17.56 is below the 5% minimum entry band, and the only tradable assets (BTC -0.83%, ETH -1.80%) are in weak drift-down tape with no momentum or snap edge worth forcing."
2026-08-02T03:40:01Z,hold,none,approved,hold,,,,17.56,504.46,"All four slots are locked in closed-market equities, free cash of $17.56 is below the 5% minimum entry size, and BTC/ETH are both drifting down with no momentum or snap-back setup worth forcing."
2026-08-02T03:50:00Z,hold,none,approved,hold,,,,17.56,504.46,"All four slots are locked in closed-market equities that cannot be sold this cycle, and $17.56 free cash cannot open a fifth position in BTC/ETH without breaching the 4-position cap, so no actionable edge exists until the equity market reopens."
2026-08-02T04:00:00Z,hold,none,approved,hold,,,,17.56,504.46,"All four slots are locked in closed-market equities that cannot be sold this cycle, and $17.56 free cash is under the 5%-of-equity minimum entry (~$25), so a forced crypto scalp into weak BTC/ETH tape would be undersized noise with no edge — waiting for market open to free capital."
2026-08-02T04:10:00Z,hold,none,approved,hold,,,,17.56,504.46,"All four slots remain locked in closed-market equities, $17.56 cash is below the 5% minimum entry size, and neither BTC (-0.69%) nor ETH (-1.61%) shows a momentum or reversal setup worth a sub-scale probe."
2026-08-02T04:20:00Z,hold,none,approved,hold,,,,17.56,504.46,"All four position slots are full with closed-market equities that cannot be sold this cycle, $17.56 free cash is below any meaningful 5% entry, and adding BTC or ETH would breach the 4-position cap — no executable edge exists until equities reopen."
2026-08-02T04:30:00Z,hold,none,approved,hold,,,,17.56,504.46,"All four slots are locked in closed-market equities, free cash of $17.56 is below the minimum 5% entry size, and both tradable cryptos (BTC -0.68%, ETH -1.63%) are drifting lower with no reversal signal worth a sub-scale entry."
2026-08-02T04:40:00Z,hold,none,approved,hold,,,,17.56,504.46,"All four slots are locked in closed-market equities that cannot be sold this cycle, $17.56 free cash is below any meaningful entry size, and the only tradable assets (BTC -0.68%, ETH -1.61%) are both bleeding with no momentum or reversal signal worth chasing."
2026-08-02T04:50:00Z,hold,none,approved,hold,,,,17.56,504.46,"All four position slots are locked in closed-market equities, and opening BTC/ETH would breach the 4-position cap while $17.56 cash is below any viable 5% entry, so no legal trade exists this cycle."
2026-08-02T05:00:00Z,hold,none,approved,hold,,,,17.56,504.46,"All four position slots are full with closed-market equities that cannot be sold this cycle, and opening a fifth position in BTC/ETH would violate the max-4-positions rule even if $17.56 cash cleared the minimum entry size."
2026-08-02T05:10:00Z,hold,none,approved,hold,,,,17.56,504.46,"All four position slots are locked in closed-market equities and opening a fifth position in BTC/ETH would violate the 4-position cap, so with $17.56 cash and no sellable holdings there is no legal trade this cycle."
2026-08-02T05:20:00Z,hold,none,approved,hold,,,,17.56,504.46,"All four position slots remain locked in closed-market equities that cannot be sold this cycle, and with only $17.56 cash (3.5% of equity, below minimum entry size) a fifth crypto position is both rule-blocked and edgeless with BTC/ETH drifting mildly lower."
2026-08-02T05:30:00Z,hold,none,approved,hold,,,,17.56,504.46,"All four position slots are locked in closed-market equities that cannot be sold this cycle, and opening BTC/ETH would breach the 4-position cap while free cash of $17.56 is below any meaningful 5% entry size."
2026-08-02T05:40:00Z,hold,none,approved,hold,,,,17.56,504.46,"All four position slots remain locked in closed-market equities that cannot be sold this cycle, and with only $17.56 cash a fifth crypto position would violate the max-4 rule, so no legal trade exists."
2026-08-02T05:50:00Z,hold,none,approved,hold,,,,17.56,504.46,"All four position slots are locked in closed-market equities that cannot be sold this cycle, and opening a fifth position in BTC/ETH with the $17.56 cash would violate the 4-position cap, so no legal trade exists."
2026-08-02T06:00:00Z,hold,none,approved,hold,,,,17.56,504.46,"All four position slots are occupied by closed-market equities that cannot be sold, so opening a fifth position in BTC or ETH would violate the 4-position cap and $17.56 cash offers no room regardless — no legal trade exists this cycle."
2026-08-02T06:10:00Z,hold,none,approved,hold,,,,17.56,504.46,"Equity market is closed so no position can be sold to free a slot or cash, all four slots are full blocking a fifth position in BTC/ETH, and $17.56 cash is below any meaningful entry size — zero actionable edge this cycle."
2026-08-02T06:20:00Z,hold,none,approved,hold,,,,17.56,504.46,"Equity market is closed so all four positions are locked, and the only tradable assets (BTC -0.83%, ETH -1.82%) are both fading with no reversal signal — deploying the last $17.56 of cash into confirmed downside momentum is negative-edge, so I wait for either the equity open or a crypto momentum fli"
2026-08-02T06:30:01Z,hold,none,approved,hold,,,,17.56,504.46,"All four slots are locked in closed-market equities, cash of $17.56 cannot open a fifth position anyway, and the only tradable assets (BTC -0.76%, ETH -1.72%) show no momentum edge worth chasing."
2026-08-02T06:40:01Z,hold,none,approved,hold,,,,17.56,504.46,"All four slots remain locked in closed-market equities, $17.56 cash is below any viable entry size, and both tradable cryptos are drifting mildly lower with no momentum or reversal signal worth chasing."
2026-08-02T06:50:00Z,hold,none,approved,hold,,,,17.56,504.46,"All four position slots are locked in closed-market equities, only BTC/ETH are tradable but a fifth position would breach the max-4 rule and $17.56 cash is below minimum entry size, so no valid trade exists this cycle."
2026-08-02T07:00:00Z,hold,none,approved,hold,,,,17.56,504.46,"All four position slots are locked in closed-market equities and $17.56 cash cannot open a fifth position anyway, so no legal trade exists until the equity session opens."
2026-08-02T07:10:00Z,hold,none,approved,hold,,,,17.56,504.46,"All four position slots are locked in closed-market equities and $17.56 cash is below any viable crypto entry size, so no actionable edge exists this cycle."
2026-08-02T07:20:00Z,hold,none,approved,hold,,,,17.56,504.46,"All four slots are locked in closed-market equities and $17.56 cash is below minimum entry size, while BTC/ETH are both drifting lower with no momentum signal worth chasing."
2026-08-02T07:30:01Z,hold,none,approved,hold,,,,17.56,504.46,"All four slots remain locked in closed-market equities and $17.56 cash is below the minimum viable entry for BTC/ETH, so no actionable trade exists this cycle."
2026-08-02T07:40:00Z,hold,none,approved,hold,,,,17.56,504.46,"All four slots are locked in closed-market equities that cannot be sold this cycle, and $17.56 free cash is below the 5% minimum entry size while BTC (-0.72%) and ETH (-1.75%) show drifting-down tape with no momentum edge worth a sub-minimum probe."
2026-08-02T07:50:00Z,hold,none,approved,hold,,,,17.56,504.46,"All four slots are locked in closed-market equities I cannot exit this cycle, and $17.56 cash (3.5% of equity) is below minimum entry size for a meaningful BTC/ETH scalp — no actionable edge until equities reopen or a slot frees up."
2026-08-02T08:00:00Z,hold,none,approved,hold,,,,17.56,504.46,"All four slots are locked in closed-market equities I cannot exit, $17.56 cash is below any meaningful entry size, and the only tradable assets (BTC -0.72%, ETH -1.80%) are drifting down with no momentum or reversal signal worth chasing."
2026-08-02T08:10:00Z,hold,none,approved,hold,,,,17.56,504.46,"All four slots are locked in closed-market equities I cannot exit this cycle, and $17.56 cash is below the 5% minimum entry (~$25) for a BTC/ETH scalp, so no actionable edge exists."
2026-08-02T08:20:02Z,hold,none,approved,hold,,,,17.56,504.46,"All four slots remain locked in closed-market equities I cannot exit this cycle, and $17.56 cash is below the ~$25 minimum entry (5% of equity) needed to take the modest ETH-USD dip, so no executable edge exists."
2026-08-02T08:30:00Z,hold,none,approved,hold,,,,17.56,504.46,"All four equity slots remain locked in closed-market names, $17.56 cash is below any meaningful 5% entry size, and BTC/ETH are both drifting lower with no momentum or reversal signal worth chasing this cycle."
2026-08-02T08:40:00Z,hold,none,approved,hold,,,,17.56,504.46,"All four equity slots are locked in closed-market names, and the only tradable assets (BTC -1.15%, ETH -2.26%) are both in intraday downtrends with no long-only edge — $17.56 cash stays dry rather than knife-catching."
2026-08-02T08:50:00Z,hold,none,approved,hold,,,,17.56,504.46,"All four position slots are locked in closed-market equities, so buying BTC or ETH would breach the 4-position cap and $17.56 cash is below any meaningful 5% entry anyway — no executable edge this cycle."
2026-08-02T09:00:03Z,hold,none,approved,hold,,,,17.56,504.46,"All four position slots are occupied by closed-market equities I cannot exit this cycle, so adding BTC or ETH would breach the 4-position cap and $17.56 cash is too small regardless — no actionable edge until equities reopen."
2026-08-02T09:10:00Z,hold,none,approved,hold,,,,17.56,504.46,"All four position slots are locked in closed-market equities I cannot exit, and opening BTC or ETH would breach the 4-position cap — no executable trade exists this cycle, so hold."
2026-08-02T09:20:00Z,hold,none,approved,hold,,,,17.56,504.46,"All four slots are locked in closed-market equities and $17.56 cash is below minimum entry size, while the only tradable assets (BTC -1.1%, ETH -2.1%) are bleeding with no long edge to buy."
2026-08-02T09:30:00Z,hold,none,approved,hold,,,,17.56,504.46,"All four slots remain locked in closed-market equities and $17.56 cash is below the $25 minimum entry size, so no crypto momentum trade (BTC -1.16%, ETH -2.10% both fading anyway) is executable this cycle."
2026-08-02T09:40:04Z,hold,none,approved,hold,,,,17.56,504.46,"All four position slots are filled with closed-market equities I cannot exit this cycle, so any crypto buy would violate the 4-position cap and $17.56 cash is too small for a meaningful entry regardless."
2026-08-02T09:50:00Z,hold,none,approved,hold,,,,17.56,504.46,"All four slots are locked in closed-market equities I cannot exit, and $17.56 cash is below any viable 5-15% entry ($25+) into BTC or ETH, so no actionable edge exists this cycle."
2026-08-02T10:00:00Z,hold,none,approved,hold,,,,17.56,504.46,"Equity slots are locked in closed-market names, $17.56 cash is under the 5% minimum entry size, and both tradable cryptos (BTC -1.11%, ETH -2.06%) are in steady downtrends with no reversal signal worth a sub-minimum stab."
2026-08-02T10:10:00Z,hold,none,approved,hold,,,,17.56,504.46,"Equity market is closed so all four positions are locked, and $17.56 cash is below the ~$25 (5% of equity) minimum entry, leaving no viable crypto scalp despite BTC/ETH being tradable."
2026-08-02T10:20:04Z,hold,none,approved,hold,,,,17.56,504.46,"All four slots remain locked in closed-market equities I cannot exit, and $17.56 cash is below the minimum 5% entry size (~$25), so no crypto scalp is possible until an equity slot frees up at market open."
2026-08-02T10:30:01Z,hold,none,approved,hold,,,,17.56,504.46,"All four slots are locked in closed-market equities I cannot exit, and $17.56 cash is below the 5% minimum entry, so crypto momentum (BTC -1.29%, ETH -2.30%) is untradable this cycle."
2026-08-02T10:40:00Z,hold,none,approved,hold,,,,17.56,504.46,"All four position slots are locked in closed-market equities so a crypto entry would breach the 4-position cap, and $17.56 cash is too small for a meaningful scalp anyway — no executable edge this cycle."
2026-08-02T10:50:00Z,hold,none,approved,hold,,,,17.56,504.46,"All four slots are still locked in closed-market equities I cannot exit, and $17.56 cash is both below minimum entry size and blocked by the 4-position cap from opening a crypto trade, so no actionable edge exists this cycle."
2026-08-02T11:00:00Z,hold,none,approved,hold,,,,17.56,504.46,"All four slots remain locked in closed-market equities and $17.56 cash is below any viable entry size, so a crypto add would breach the 4-position cap regardless — no actionable edge this cycle."
2026-08-02T11:10:00Z,hold,none,approved,hold,,,,17.56,504.46,"All four position slots are locked in closed-market equities I cannot exit, so a BTC/ETH entry would breach the 4-position cap and $17.56 cash is below minimum entry size anyway — zero actionable edge until equities reopen."
2026-08-02T11:20:01Z,hold,none,approved,hold,,,,17.56,504.46,"All four slots remain locked in closed-market equities and $17.56 cash is below any meaningful 5% entry size, while BTC and ETH are both bleeding with no reversal signal worth chasing on dust-sized capital."
2026-08-02T11:30:01Z,hold,none,approved,hold,,,,17.56,504.46,"All four position slots remain locked in closed-market equities, so any crypto buy would breach the 4-position cap and $17.56 cash is below a meaningful entry size anyway — no legal trade exists this cycle."
2026-08-02T11:40:00Z,hold,none,approved,hold,,,,17.56,504.46,"All four position slots remain locked in closed-market equities, so a crypto entry would breach the 4-position cap and $17.56 cash is below minimum size anyway — no executable edge this cycle."
2026-08-02T11:50:00Z,hold,none,approved,hold,,,,17.56,504.46,"All four position slots remain locked in closed-market equities and $17.56 cash is below any viable crypto entry size, so no actionable trade exists this cycle."
2026-08-02T12:00:00Z,hold,none,approved,hold,,,,17.56,504.46,"All four slots are locked in closed-market equities and $17.56 free cash is under the 5% minimum entry, so I cannot size a valid crypto trade while BTC and ETH both bleed with no reversal signal."
2026-08-02T12:10:00Z,hold,none,approved,hold,,,,17.56,504.46,"All four slots are locked in closed-market equities I cannot exit, and $17.56 free cash is under the 5% minimum entry size while BTC and ETH are both bleeding with no reversal signal, so there is no actionable edge this cycle."
2026-08-02T12:20:00Z,hold,none,approved,hold,,,,17.56,504.46,"All four slots are locked in closed-market equities I cannot exit this cycle, and $17.56 free cash is below the 5% minimum entry size, so no crypto position can be opened at meaningful scale despite ETH/BTC weakness."
2026-08-02T12:30:00Z,hold,none,approved,hold,,,,17.56,504.46,"All four position slots are locked in closed-market equities I cannot exit this cycle, and $17.56 free cash is below any meaningful crypto entry — no legal trade exists, so I hold until equities reopen."
2026-08-02T12:40:00Z,hold,none,approved,hold,,,,17.56,504.46,"All four slots remain locked in closed-market equities and $17.56 free cash (3.5% of equity) is below the 5% minimum entry size, so a token crypto entry into a falling ETH/BTC tape offers no real edge this cycle."
2026-08-02T12:50:00Z,hold,none,approved,hold,,,,17.56,504.46,"All four slots are locked in closed-market equities I cannot exit this cycle, and the only tradable assets (BTC -1.28%, ETH -2.75%) are in steady downtrends with no reversal signal, so deploying my last $17.56 (3.5% of equity, below minimum entry size) into falling crypto is negative-edge — holding "
2026-08-02T13:00:00Z,hold,none,approved,hold,,,,17.56,504.46,"All four position slots are occupied by closed-market equities I cannot exit, so any crypto buy would be a vetoed fifth position and $17.56 cash is below minimum entry size — no legal trade exists this cycle."
2026-08-02T13:10:00Z,hold,none,approved,hold,,,,17.56,504.46,"All four position slots are locked in closed-market equities I cannot exit, so the max-4-positions rule blocks any new BTC/ETH entry and $17.56 cash is below minimum size anyway — zero legal trades exist this cycle."
2026-08-02T13:20:00Z,hold,none,approved,hold,,,,17.56,504.46,"All four slots are locked in closed-market equities, free cash of $17.56 is below the 5% minimum entry size, and the only tradable assets (BTC -1.42%, ETH -2.89%) are in steady downtrends with no reversal signal worth chasing with dust."
2026-08-02T13:30:00Z,hold,none,approved,hold,,,,17.56,504.46,"All four position slots are locked in closed-market equities I cannot exit, so free cash of $17.56 cannot open a fifth position in BTC/ETH without violating the 4-position cap — zero actionable edge until equities reopen."
2026-08-02T13:40:00Z,hold,none,approved,hold,,,,17.56,504.46,"All four slots are locked in closed-market equities I cannot exit, and $17.56 free cash is too small for a meaningful crypto entry (min ~5% of equity is $25), so no actionable edge exists this cycle despite BTC/ETH being tradable."
2026-08-02T13:50:00Z,hold,none,approved,hold,,,,17.56,504.46,"All four position slots are held by closed-market equities I cannot exit this cycle, so any crypto entry would breach the 4-position cap and $17.56 cash is below a meaningful 5% entry anyway — no legal trade exists until equities reopen."
2026-08-02T14:00:00Z,hold,none,approved,hold,,,,17.56,504.46,"All four position slots are locked in closed-market equities I cannot exit, so the max-4-positions rule blocks any crypto entry and $17.56 cash is below viable size anyway — forced hold until equities reopen."
2026-08-02T14:10:01Z,hold,none,approved,hold,,,,17.56,504.46,"All four slots are locked in closed-market equities, $17.56 free cash is below minimum viable size, and both tradable cryptos (BTC -1.4%, ETH -3.0%) are in active downtrends with no reversal signal worth catching with dust."
2026-08-02T14:20:01Z,hold,none,approved,hold,,,,17.56,504.46,"All four position slots remain locked in closed-market equities, so any crypto entry would be a vetoed fifth position and $17.56 cash is below minimum size anyway — forced hold until equities open."
2026-08-02T14:30:01Z,hold,none,approved,hold,,,,17.56,504.46,"All four position slots are locked in closed-market equities I cannot exit, and $17.56 free cash cannot open a fifth position anyway, so crypto entries (BTC -1.32%, ETH -2.78%, both drifting down with no reversal signal) are structurally blocked this cycle."
2026-08-02T14:40:00Z,hold,none,approved,hold,,,,17.56,504.46,"All four position slots are locked in closed-market equities I cannot exit, $17.56 cash is below any meaningful entry size, and a crypto buy would breach the 4-position cap — no executable edge this cycle."
2026-08-02T14:50:01Z,hold,none,approved,hold,,,,17.56,504.46,"All four position slots are locked in closed-market equities and $17.56 cash is both below minimum entry size and blocked by the 4-position cap, so no crypto entry is possible this cycle."
2026-08-02T15:00:00Z,hold,none,approved,hold,,,,17.56,504.46,"All four position slots are locked in closed-market equities I cannot exit, and the only tradable assets (BTC -1.4%, ETH -2.9%) would require a fifth position with only $17.56 cash — below minimum entry size and against the 4-position cap, so no legal trade exists this cycle."
2026-08-02T15:10:00Z,hold,none,approved,hold,,,,17.56,504.46,"All four slots are locked in closed-market equities I cannot exit, and $17.56 free cash is below any meaningful 5% entry into BTC or ETH — both of which are bleeding (-1.4%, -2.9%) with no reversal signal worth chasing at dust size."
2026-08-02T15:20:01Z,hold,none,approved,hold,,,,17.56,504.46,"All four position slots are locked in closed-market equities I cannot exit, so the $17.56 cash cannot open a fifth crypto position without violating the 4-position cap — zero actionable edge this cycle."
2026-08-02T15:30:03Z,hold,none,approved,hold,,,,17.56,504.46,"All four position slots are occupied by closed-market equities I cannot exit, so opening a fifth position in BTC/ETH would violate the max-4 rule and $17.56 cash offers no edge regardless."
2026-08-02T15:40:00Z,hold,none,approved,hold,,,,17.56,504.46,"All four position slots remain locked in closed-market equities I cannot exit, and $17.56 cash cannot open a fifth position (max-4 rule) even in tradable crypto, so no actionable edge exists this cycle."
2026-08-02T15:50:00Z,hold,none,approved,hold,,,,17.56,504.46,"All four position slots are locked in closed-market equities I cannot exit, and $17.56 cash cannot open a fifth crypto position without breaching the 4-position cap, so no actionable edge exists this cycle."
2026-08-02T16:00:00Z,hold,none,approved,hold,,,,17.56,504.46,"All four position slots are full with closed-market equities I cannot exit, so a fifth position in BTC/ETH would violate the 4-position cap and $17.56 cash is below any meaningful entry size anyway — no actionable edge this cycle."
2026-08-02T16:10:04Z,hold,none,approved,hold,,,,17.56,504.46,"All four slots remain locked in closed-market equities and the only tradable assets (BTC -1.3%, ETH -2.7%) are in a downdrift with just $17.56 free — no edge worth deploying dust into a falling tape."
2026-08-02T16:20:00Z,hold,none,approved,hold,,,,17.56,504.46,"All four position slots are locked in closed-market equities I cannot exit, and with only $17.56 cash a fifth position in the tradable crypto pairs would violate the 4-position cap, so no legal trade exists this cycle."
2026-08-02T16:30:00Z,hold,none,approved,hold,,,,17.56,504.46,"All four position slots are locked in closed-market equities I cannot exit, and the only tradable assets (BTC/ETH, both fading) would require a fifth position I'm barred from opening with $17.56 cash."
2026-08-02T16:40:00Z,hold,none,approved,hold,,,,17.56,504.46,"All four position slots are locked in closed-market equities I cannot exit, so opening BTC or ETH would breach the 4-position cap and only $17.56 cash is free — no legal trade exists this cycle."
2026-08-02T16:50:04Z,buy,ETH-USD,vetoed,max 4 open positions,,,,17.56,504.46,"ETH is the weakest tradable asset at -2.41% while BTC holds -1.21%, so I'm deploying nearly all free cash into an oversold mean-reversion snap since every equity slot is frozen until the market reopens."
2026-08-02T17:00:00Z,hold,none,approved,hold,,,,17.56,504.46,"All four position slots are locked in closed-market equities, so any crypto buy would be a vetoed fifth position and $17.56 cash is below minimum entry size anyway — no executable edge until equities reopen."
2026-08-02T17:10:00Z,hold,none,approved,hold,,,,17.56,504.46,"All four position slots are locked in closed-market equities I cannot exit this cycle, so any crypto buy would be a vetoed fifth position and $17.56 cash is below minimum entry size anyway — no executable edge exists until equities reopen."
2026-08-02T17:20:00Z,hold,none,approved,hold,,,,17.56,504.46,"All four position slots are held by closed-market equities I cannot exit this cycle, so any crypto entry would be a vetoed 5th position — and with only $17.56 cash (3.5% of equity) there is no deployable size regardless; forced flat until equities reopen."
2026-08-02T17:30:00Z,hold,none,approved,hold,,,,17.56,504.46,"All four position slots remain locked in closed-market equities, so any crypto entry would breach the 4-position cap (as the 16:50 ETH attempt proved) and $17.56 cash is below minimum entry size anyway — no executable edge this cycle."
2026-08-02T17:40:00Z,hold,none,approved,hold,,,,17.56,504.46,"All four position slots remain locked in closed-market equities, so a crypto entry would breach the 4-position cap and $17.56 cash is below any meaningful 5% sizing anyway — forced flat until equities reopen."
2026-08-02T17:50:00Z,hold,none,approved,hold,,,,17.56,504.46,"All four position slots are locked in closed-market equities and only $17.56 cash remains, so any crypto entry would breach the 4-position cap — no legal trade exists this cycle."
2026-08-02T18:00:00Z,hold,none,approved,hold,,,,17.56,504.46,"All four position slots remain locked in closed-market equities I cannot exit this cycle, so a crypto entry would breach the 4-position cap and $17.56 cash is below any meaningful 5% sizing — no legal trade exists, holding until equities reopen."
2026-08-02T18:10:03Z,hold,none,approved,hold,,,,17.56,504.46,"All four slots are locked in closed-market equities I cannot exit, free cash is $17.56 (under the 5% minimum entry size), and both tradable cryptos are bleeding (BTC -1.08%, ETH -2.18%) with no reversal signal worth catching a falling knife for."
2026-08-02T18:20:01Z,hold,none,approved,hold,,,,17.56,504.46,"All four slots are locked in closed-market equities and free cash of $17.56 is below minimum entry size, while BTC and ETH are both in intraday downtrends offering no long edge for a forced micro-entry."
2026-08-02T18:30:00Z,hold,none,approved,hold,,,,17.56,504.46,"All four position slots are filled with closed-market equities I cannot exit this cycle, so a crypto entry would breach the max-4 rule and $17.56 cash is below minimum size anyway — forced hold until equities reopen."
2026-08-02T18:40:00Z,hold,none,approved,hold,,,,17.56,504.46,"All four position slots are locked in closed-market equities, only BTC/ETH are tradable and both are bleeding with $17.56 cash below minimum entry size and a fifth position would violate the 4-slot cap, so no actionable edge exists this cycle."
2026-08-02T18:50:00Z,hold,none,approved,hold,,,,17.56,504.46,"Equity market is closed so all four positions are locked and unsellable, free cash of $17.56 is below the 5% minimum entry size, and both tradable cryptos (BTC -0.89%, ETH -1.73%) are drifting down with no momentum edge worth forcing."
2026-08-02T19:00:00Z,hold,none,approved,hold,,,,17.56,504.46,"Equity market is closed locking all four slots, free cash of $17.56 is below the 5% minimum entry size, and BTC/ETH are both grinding lower with no momentum or snap-back setup worth forcing."
2026-08-02T19:10:00Z,hold,none,approved,hold,,,,17.56,504.46,"Equities are closed so all four slots stay locked, a fifth position in BTC/ETH would breach the max-4 rule and both are red with no long edge for my $17.56 anyway."
2026-08-02T19:20:00Z,hold,none,approved,hold,,,,17.56,504.46,"Equities are closed locking all four slots, and $17.56 free cash is below the ~$25 minimum 5% entry so a fifth BTC/ETH position isn't viable — no actionable edge this cycle."
2026-08-02T19:30:01Z,hold,none,approved,hold,,,,17.56,504.46,"Equities are closed locking all four slots, and adding BTC/ETH would breach the 4-position cap with only $17.56 cash anyway, so no valid trade exists this cycle."
2026-08-02T19:40:00Z,hold,none,approved,hold,,,,17.56,504.46,"Equity market is closed so all four position slots are locked and unsellable, and opening BTC/ETH with the $17.56 free cash would be a fifth position violating the max-4 rule, so no legal trade exists this cycle."
2026-08-02T19:50:00Z,hold,none,approved,hold,,,,17.56,504.46,"Equities are closed locking all four slots, and $17.56 free cash (3.5% of equity) is below minimum entry size while a BTC/ETH add would breach the 4-position cap."
2026-08-02T20:00:00Z,hold,none,approved,hold,,,,17.56,504.46,"Equities are closed so all four slots are locked and unsellable, and opening BTC/ETH would be a fifth position with only $17.56 (3.5% of equity) free — below minimum entry size and over the position cap."
2026-08-02T20:10:00Z,hold,none,approved,hold,,,,17.56,504.46,"All four equity slots are locked with markets closed, and opening a fifth position in BTC/ETH would breach the 4-position cap while $17.56 cash is below the 5% minimum entry size anyway."
2026-08-02T20:20:00Z,hold,none,approved,hold,,,,17.56,504.46,"All four position slots are locked with equities closed, and $17.56 cash cannot open a fifth crypto position without breaching the 4-position cap, so no actionable edge exists this cycle."
2026-08-02T20:30:00Z,hold,none,approved,hold,,,,17.56,504.46,"Equities are closed so all four slots are locked and unsellable, and $17.56 cash into BTC/ETH would both breach the 4-position cap and fall far below minimum entry size, so no tradable edge exists this cycle."
2026-08-02T20:40:00Z,hold,none,approved,hold,,,,17.56,504.46,"All four equity slots remain locked with markets closed, and $17.56 cash cannot open a crypto position without breaching the 4-position cap, so no valid trade exists this cycle."
2026-08-02T20:50:00Z,hold,none,approved,hold,,,,17.56,504.46,"Equities are closed so all four slots are locked, and $17.56 cash (3.5% of equity) is below minimum entry size for a crypto scalp where BTC and ETH are both drifting lower with no momentum edge."
2026-08-02T21:00:00Z,hold,none,approved,hold,,,,17.56,504.46,"All four equity slots are locked with markets closed, crypto entry would breach the 4-position cap, and $17.56 cash is below minimum entry size, so no actionable edge exists this cycle."
2026-08-02T21:10:00Z,hold,none,approved,hold,,,,17.56,504.46,"Equities are closed locking all four slots, and $17.56 cash (3.5% of equity) is below minimum entry size for a crypto position that shows no momentum edge anyway (BTC -0.70%, ETH -1.35% drifting)."
2026-08-02T21:20:03Z,hold,none,approved,hold,,,,17.56,504.46,"Equities are closed locking all four slots, $17.56 cash is below any meaningful 5% entry size, and both tradable cryptos are drifting mildly negative with no momentum or mean-reversion trigger worth chasing."
2026-08-02T21:30:00Z,hold,none,approved,hold,,,,17.56,504.46,"All four position slots are full and locked with equities closed, and $17.56 cash (3.5% of equity) is below minimum entry size for a crypto scalp even if a slot were free — BTC -0.68% and ETH -1.23% offer no edge worth forcing."
2026-08-02T21:40:00Z,hold,none,approved,hold,,,,17.56,504.46,"Equities are closed locking all four slots, and $17.56 cash cannot open a meaningful crypto position without breaching the 4-position cap, so no actionable edge exists this cycle."
2026-08-02T21:50:00Z,hold,none,approved,hold,,,,17.56,504.46,"Equities are closed locking all four slots, $17.56 cash is below the 5% minimum entry size, and BTC/ETH are drifting slightly lower with no momentum or snap setup worth forcing."
2026-08-02T22:00:04Z,hold,none,approved,hold,,,,17.56,504.46,"Equities are closed so all four slots are locked and unsellable, and $17.56 cash is too small for a meaningful crypto scalp while BTC and ETH are both drifting slightly red with no momentum edge."
2026-08-02T22:10:00Z,hold,none,approved,hold,,,,17.56,504.46,"All four position slots are full and unsellable with equities closed, so a crypto entry would breach the 4-position cap and $17.56 cash is below minimum size anyway — no executable trade exists this cycle."
2026-08-02T22:20:00Z,hold,none,approved,hold,,,,17.56,504.46,"All four equity slots are locked with the market closed, $17.56 cash is under the 5% minimum entry (~$25), and BTC/ETH are both drifting slightly negative with no momentum edge worth a sub-minimum crypto punt."
2026-08-02T22:30:00Z,hold,none,approved,hold,,,,17.56,504.46,"All four position slots remain full and unsellable with equities closed, so a crypto entry would breach the 4-position cap and $17.56 cash is below a viable 5% entry anyway — zero legal actions exist until the equity open unlocks the book."
2026-08-02T22:40:00Z,hold,none,approved,hold,,,,17.56,504.46,"Equities are closed locking all four slots, cash of $17.56 is under the 5% minimum entry, and a fifth position in BTC/ETH would breach the 4-position cap even if funded, so no executable edge exists this cycle."
2026-08-02T22:50:00Z,hold,none,approved,hold,,,,17.56,504.46,"All four position slots are full and locked with equities closed, so a crypto entry would breach the 4-position cap and $17.56 cash is below any meaningful 5-15% sizing anyway."
2026-08-02T23:00:00Z,hold,none,approved,hold,,,,17.56,504.46,"Equities are closed locking all four full position slots, and $17.56 cash is below any viable 5% entry size for BTC or ETH, so no actionable edge exists this cycle."
2026-08-02T23:10:00Z,hold,none,approved,hold,,,,17.56,504.46,"Equities are closed locking all four full position slots, and a crypto entry is impossible with $17.56 cash below minimum size and the 4-position cap already hit, so no actionable edge exists this cycle."
2026-08-02T23:20:00Z,hold,none,approved,hold,,,,17.56,504.46,"Equities are closed locking all four full position slots, and a crypto entry with $17.56 would breach the 4-position cap, so no tradable edge exists this cycle."
2026-08-02T23:30:00Z,hold,none,approved,hold,,,,17.56,504.46,"Equities are closed locking all four full position slots, and $17.56 cash is both below the 5% minimum entry size and unable to open a fifth position in crypto without violating the 4-position cap, so no valid trade exists this cycle."
2026-08-02T23:40:01Z,hold,none,approved,hold,,,,17.56,504.46,"Equities are closed locking all four full slots, and $17.56 cash is below the 5% minimum entry so no crypto trade is possible; BTC and ETH are both red anyway with no momentum edge worth chasing."
2026-08-02T23:50:01Z,hold,none,approved,hold,,,,17.56,504.46,"Equities are closed so all four full position slots are locked, and $17.56 cash cannot fund a minimum-size crypto entry without breaching the 4-position cap anyway."
2026-08-03T00:00:00Z,hold,none,approved,hold,,,,17.56,504.46,"Equities are closed locking all four slots, $17.56 cash is below the 5% minimum entry size, and both BTC and ETH are in weak steady downtrends offering no long-side edge for a cash-only book."
2026-08-03T00:10:00Z,hold,none,approved,hold,,,,17.56,504.46,"Equities are closed locking all four position slots, and $17.56 cash is under the 5% minimum entry so a crypto scalp into BTC/ETH downtrends has no viable size."
2026-08-03T00:20:00Z,hold,none,approved,hold,,,,17.56,504.46,"Equities are closed so all four position slots are frozen, and a crypto buy would both breach the 4-position cap and be capped at $17.56 cash — no actionable edge this cycle."
2026-08-03T00:30:00Z,hold,none,approved,hold,,,,17.56,504.46,"Equities are closed locking all four position slots at max, and $17.56 cash is too small for a meaningful crypto entry which would also breach the 4-position cap — no actionable edge this cycle."
2026-08-03T00:40:00Z,hold,none,approved,hold,,,,17.56,504.46,"Equities are closed locking all four position slots at the max, and $17.56 cash cannot fund a minimum-size crypto entry without exceeding the 4-position cap, so no valid trade exists this cycle."
2026-08-03T00:50:00Z,hold,none,approved,hold,,,,17.56,504.46,"Equities are closed so all four position slots are locked, and $17.56 cash cannot fund a new crypto slot without exceeding the 4-position cap or the minimum viable entry size."
2026-08-03T01:00:00Z,hold,none,approved,hold,,,,17.56,504.46,"Equities are closed locking all four position slots, and $17.56 cash is below the 5% ($25) minimum entry so a crypto scalp cannot be sized — no executable edge this cycle."
2026-08-03T01:10:00Z,hold,none,approved,hold,,,,17.56,504.46,"All equities are closed and untradable this cycle, the four position slots are already full at max, and $17.56 cash is too little to open a meaningful crypto entry with BTC and ETH both bleeding ~2.4%."
2026-08-03T01:20:00Z,hold,none,approved,hold,,,,17.56,504.46,"Every equity is closed and untradable this cycle, all four position slots are already filled at max, and $17.56 cash offers no meaningful crypto entry into BTC/ETH both bleeding -2.5% on the day."
2026-08-03T01:30:00Z,hold,none,approved,hold,,,,17.56,504.46,"All equities are closed and untradable this cycle, the four position slots are already full, and $17.56 cash cannot fund a crypto entry at the 5-15% sizing floor (~$25+), so there is no executable edge."
2026-08-03T01:40:00Z,hold,none,approved,hold,,,,17.56,504.46,"Every equity is closed and untradable this cycle, all four position slots are already filled, and $17.56 cash leaves no room for a crypto entry at meaningful size."
2026-08-03T01:50:00Z,hold,none,approved,hold,,,,17.56,504.46,"All equities are closed and untradable this cycle, the four position slots are already filled, and $17.56 cash leaves no room for a crypto entry at the 5-15% sizing floor."
2026-08-03T02:00:00Z,hold,none,approved,hold,,,,17.56,504.46,"All equities are closed and untradable this cycle, the four position slots are already filled by GOOGL/MSFT/NVDA/AMZN, and $17.56 cash leaves no room for a meaningful crypto entry, so there is no executable edge until the open."
2026-08-03T02:10:00Z,hold,none,approved,hold,,,,17.56,504.46,"Every equity is closed and untradable this cycle and the four position slots are already filled with green momentum names, leaving only $17.56 cash and no actionable edge until the open."
2026-08-03T02:20:00Z,hold,none,approved,hold,,,,17.56,504.46,"Every equity is closed and untradable this cycle, the four position slots are already full, and $17.56 cash offers no meaningful crypto entry, so there is zero actionable edge until the market reopens."
2026-08-03T02:30:01Z,hold,none,approved,hold,,,,17.56,504.46,"Every equity is closed and untradable this cycle, all four position slots are already filled with green or near-flat holdings, and $17.56 cash leaves no room for a crypto entry worth the spread."
2026-08-03T02:40:00Z,hold,none,approved,hold,,,,17.56,504.46,"All 13 equities are flagged market-closed and untradable this cycle, the four position slots are already full with GOOGL/MSFT/NVDA/AMZN, and $17.56 cash is too thin to take a meaningful crypto entry, so there is no executable edge until the session reopens."
2026-08-03T02:50:00Z,hold,none,approved,hold,,,,17.56,504.46,"All 13 equities are flagged market-closed and untradable this cycle, the four position slots are already filled with modest winners, and $17.56 cash plus no crypto authorization in the symbol whitelist leaves zero executable edge."
2026-08-03T03:00:00Z,hold,none,approved,hold,,,,17.56,504.46,"All 13 equities are flagged market-closed and untradable this cycle, the four position slots are already filled with modestly green holds, and $17.56 cash is too thin to open a meaningful crypto entry, so there is no actionable edge."
2026-08-03T03:10:02Z,hold,none,approved,hold,,,,17.56,504.46,"All 13 equities are flagged market-closed and untradable this cycle, the four position slots are already filled with modest gainers, and $17.56 cash leaves no room for a crypto entry worth taking on a -2.6%/-2.9% BTC/ETH downtrend."
2026-08-03T03:20:00Z,hold,none,approved,hold,,,,17.56,504.46,"All 13 equities are flagged market-closed and untradable this cycle, the four position slots are already filled with modest unrealized gains, and $17.56 cash is too thin for a meaningful crypto entry — no actionable edge."
2026-08-03T03:30:01Z,hold,none,approved,hold,,,,17.56,504.46,"All 13 equities are flagged market-closed and untradable this cycle, crypto isn't in my position set with only $17.56 cash, and the four open positions are all modestly green with no exit trigger — zero actionable edge until the open."
2026-08-03T03:40:00Z,hold,none,approved,hold,,,,17.56,504.46,"All equities are flagged market-closed and untradable this cycle, and with only $17.56 cash there is no meaningful crypto entry available, so I hold the four positions rather than force a sub-scale trade."
2026-08-03T03:50:03Z,hold,none,approved,hold,,,,17.56,504.46,"Every equity is flagged market-closed and untradable this cycle, BTC and ETH are both bleeding (-2.9%/-3.2%) with no tradable venue listed for them and only $17.56 cash anyway, so there is no executable edge until the market reopens."
2026-08-03T04:00:00Z,hold,none,approved,hold,,,,17.56,504.46,"Every equity is flagged market-closed and untradable this cycle, BTC and ETH aren't in my permitted symbol set for new positions with only $17.56 cash, so there is no executable edge until the equity session reopens."
2026-08-03T04:10:00Z,hold,none,approved,hold,,,,17.56,504.46,"Every equity quote is flagged market-closed and untradable this cycle, BTC and ETH aren't in my holdable set with only $17.56 cash, so there's no executable edge until the session reopens."
2026-08-03T04:20:00Z,hold,none,approved,hold,,,,17.56,504.46,"Every equity is flagged market-closed and untradable this cycle, BTC and ETH are both selling off hard (-2.9%/-3.1%) with no reversal signal and only $17.56 cash to work with, so there is no actionable edge."
2026-08-03T04:30:04Z,hold,none,approved,hold,,,,17.56,504.46,Every equity is flagged market-closed and untradable this cycle; BTC and ETH are both selling off (-2.8%/-3.0%) so buying weakness there with $17.56 cash is chasing a falling knife with no edge.
2026-08-03T04:40:00Z,hold,none,approved,hold,,,,17.56,504.46,"Every equity is flagged market-closed and untradable this cycle; BTC and ETH are both down ~3% with no confirmed reversal signal and only $17.56 cash available, so there is no actionable edge."
2026-08-03T04:50:00Z,hold,none,approved,hold,,,,17.56,504.46,"All equities are market-closed and untradable this cycle; BTC and ETH are down ~3% but aren't in my current positions and with only $17.56 cash I can't size a meaningful crypto entry, so I hold the four existing positions into the next session."
2026-08-03T05:00:00Z,hold,none,approved,hold,,,,17.56,504.46,"Every equity is flagged market-closed and untradable this cycle, and with only $17.56 cash there is no room for a meaningful crypto entry into BTC/ETH weakness (-3.1%/-3.4%) without selling equity I cannot sell while closed."
2026-08-03T05:10:00Z,hold,none,approved,hold,,,,17.56,504.46,"Every equity is flagged market-closed and untradable this cycle; BTC and ETH are both down ~3% in a synchronized crypto drawdown with no reversal signal, and $17.56 cash gives no meaningful entry size anyway."
2026-08-03T05:20:00Z,hold,none,approved,hold,,,,17.56,504.46,"Every equity is market-closed and untradable this cycle; BTC and ETH are both down ~3% in a continuing slide with no reversal signal, and $17.56 cash leaves no meaningful entry size anyway."
2026-08-03T05:30:00Z,hold,none,approved,hold,,,,17.56,504.46,"All equities are flagged market-closed and untradable this cycle, BTC and ETH are both in a synchronized ~3% downtrend with no reversal signal, and $17.56 cash is too thin to open a meaningful crypto position anyway."
2026-08-03T05:40:00Z,hold,none,approved,hold,,,,17.56,504.46,"All equities are market-closed and untradable this cycle; BTC and ETH are both down ~3% in an ongoing downtrend with no reversal signal, and $17.56 cash is too thin for a meaningful crypto entry, so I hold the four open equity positions."
2026-08-03T05:50:00Z,hold,none,approved,hold,,,,17.56,504.46,"Every equity is market-closed and untradable this cycle; BTC and ETH are both still falling (-3%) with no reversal signal, and $17.56 cash is too thin to build a meaningful crypto position into a downtrend."
2026-08-03T06:00:00Z,hold,none,approved,hold,,,,17.56,504.46,"Every equity is flagged market-closed and untradable this cycle; BTC and ETH are both down ~3% in a live downtrend with only $17.56 cash, so there is no edge worth chasing into a falling knife with sub-4% buying power."
2026-08-03T06:10:00Z,hold,none,approved,hold,,,,17.56,504.46,"All equities are flagged market-closed and untradable this cycle; BTC and ETH are both down ~3% in a sustained downtrend with only $17.56 cash, so there is no tradable edge worth taking."
2026-08-03T06:20:00Z,hold,none,approved,hold,,,,17.56,504.46,"All equities are market-closed and untradable this cycle; BTC and ETH are both down ~3% in a continuing downtrend with no reversal signal, and $17.56 cash is too thin for a meaningful crypto entry, so holding the four existing positions is the only edge-positive move."
2026-08-03T06:30:01Z,hold,none,approved,hold,,,,17.56,504.46,"All equities are market-closed and untradable this cycle; BTC and ETH are both down ~3% in an active downtrend with only $17.56 cash, so there is no edge worth taking."
2026-08-03T06:40:00Z,hold,none,approved,hold,,,,17.56,504.46,"All equities are market-closed and untradable this cycle; BTC and ETH are both down ~3.3% with no reversal signal, and $17.56 cash is too thin to open a meaningful crypto entry."
2026-08-03T06:50:00Z,hold,none,approved,hold,,,,17.56,504.46,"All equities are market-closed and untradable this cycle; BTC and ETH are both down over 3% in a broad crypto flush with no reversal signal, so chasing a falling knife with $17.56 cash offers no edge."
2026-08-03T07:00:00Z,hold,none,approved,hold,,,,17.56,504.46,"Every equity is market-closed and untradable this cycle, and with only $17.56 cash there's no room to open a meaningful crypto position while BTC (-3.37%) and ETH (-3.67%) are both in downtrends with no reversal signal."
2026-08-03T07:10:00Z,hold,none,approved,hold,,,,17.56,504.46,"Every equity is market-closed and untradable, BTC and ETH are both down 3-4% in an active downtrend with no reversal signal, and $17.56 cash leaves no room for a meaningful crypto entry anyway."
2026-08-03T07:20:00Z,hold,none,approved,hold,,,,17.56,504.46,"Every equity is market-closed and untradable this cycle, and with only $17.56 cash the sole actionable market — crypto — is in a clean 3-4% downtrend on both BTC and ETH, so buying into that slide is negative-edge."
2026-08-03T07:30:01Z,hold,none,approved,hold,,,,17.56,504.46,"Every equity is market-closed and untradable this cycle, and with $17.56 cash the only live markets (BTC -3.36%, ETH -3.93%) are in sustained downtrends where a sub-$18 entry can't produce meaningful edge — I hold the four equity positions into the open."
2026-08-03T07:40:01Z,hold,none,approved,hold,,,,17.56,504.46,"Every equity is market-closed and untradable this cycle; BTC and ETH are both in 3-4% downtrends with no reversal signal, and $17.56 cash is too thin to open a meaningful crypto position, so no edge exists anywhere."
2026-08-03T07:50:00Z,hold,none,approved,hold,,,,17.56,504.46,"All equities are market-closed and untradable this cycle; BTC and ETH are both in sustained 3-4% downtrends with no reversal signal, and $17.56 cash is too thin to open a meaningful crypto entry."
2026-08-03T08:00:00Z,hold,none,approved,hold,,,,17.56,504.46,"All equities remain market-closed and untradable this cycle, and with $17.56 cash there is no meaningful crypto entry (BTC/ETH both still bleeding 3-4%) worth opening ahead of the open."
2026-08-03T08:10:00Z,hold,none,approved,hold,,,,17.56,504.46,"All equities are market-closed and untradable this cycle, BTC and ETH are both sliding (-3.5%/-4.1%) with no reversion signal, and $17.56 cash is below any meaningful entry size, so there is zero actionable edge."
2026-08-03T08:20:01Z,hold,none,approved,hold,,,,17.56,504.46,"All equities are flagged market-closed and untradable this cycle; BTC (-3.59%) and ETH (-4.27%) are in sustained downtrends with no reversal signal, and $17.56 cash gives no meaningful entry size anyway, so the only edge-positive move is to keep the four winning equity positions intact until the ope"
2026-08-03T08:30:00Z,hold,none,approved,hold,,,,17.56,504.46,"All equities are market-closed and untradable this cycle; BTC (-3.81%) and ETH (-4.59%) are both in sustained downtrends with no reversal signal, and $17.56 cash leaves no meaningful entry size anyway."
2026-08-03T08:40:00Z,hold,none,approved,hold,,,,17.56,504.46,"All equities are market-closed and untradable this cycle; BTC (-3.73%) and ETH (-4.49%) are still in downtrends with no reversal signal, and $17.56 cash is too thin for a meaningful entry anyway."
2026-08-03T08:50:00Z,hold,none,approved,hold,,,,17.56,504.46,"All equities are market-closed and untradable this cycle; BTC (-3.64%) and ETH (-4.31%) are in sustained downtrends with no reversal signal, and $17.56 cash offers no meaningful entry size anyway."
2026-08-03T09:00:02Z,hold,none,approved,hold,,,,17.56,504.46,"All equities are market-closed and untradable this cycle; BTC (-3.47%) and ETH (-4.14%) are still in confirmed downtrends with no reversal signal, and $17.56 cash offers no meaningful entry size anyway."
2026-08-03T09:10:00Z,hold,none,approved,hold,,,,17.56,504.46,"All eight equities are market-closed and untradable this cycle; the only tradable names (BTC -3.50%, ETH -4.15%) are both in downtrends, and with 4 of 4 position slots already filled and just $17.56 cash, any crypto entry would be a 5th position and get vetoed — no actionable edge."
2026-08-03T09:20:00Z,hold,none,approved,hold,,,,17.56,504.46,"All eight equities are flagged market-closed and untradable this cycle; BTC (-3.41%) and ETH (-4.09%) are still in downtrends with no reversal signal, and $17.56 cash gives no meaningful entry size anyway."
2026-08-03T09:30:00Z,hold,none,approved,hold,,,,17.56,504.46,"All eight equities are flagged market-closed and untradable this cycle; BTC (-3.33%) and ETH (-4.01%) are still falling with no reversal signal and only $17.56 cash, so there is no actionable edge."
2026-08-03T09:40:02Z,hold,none,approved,hold,,,,17.56,504.46,"All eight equities are flagged market-closed and untradable this cycle; BTC (-3.31%) and ETH (-3.96%) are still bleeding with no reversal signal, and $17.56 cash is too thin for a meaningful crypto entry, so no edge anywhere."
2026-08-03T09:50:00Z,hold,none,approved,hold,,,,17.56,504.46,"Every equity is flagged market-closed and untradable this cycle; BTC (-3.21%) and ETH (-3.79%) are still bleeding with no reversal signal and only $17.56 cash, so there is no actionable edge."
2026-08-03T10:00:00Z,hold,none,approved,hold,,,,17.56,504.46,"Every equity is flagged market-closed and untradable this cycle, BTC (-3.05%) and ETH (-3.50%) are in a synchronized crypto downtrend with no reversal signal, and $17.56 cash leaves no room for a meaningful entry anyway."
2026-08-03T10:10:00Z,hold,none,approved,hold,,,,17.56,504.46,"Every equity is flagged market-closed and untradable this cycle; BTC (-3.15%) and ETH (-3.59%) are still falling with no reversal signal and only $17.56 cash, so there is no actionable edge."
2026-08-03T10:20:03Z,hold,none,approved,hold,,,,17.56,504.46,"All equities are flagged market-closed and untradable this cycle; BTC (-3.13%) and ETH (-3.59%) are in sustained downtrends with only $17.56 cash, so there is no actionable edge and I hold the four existing positions."
2026-08-03T10:30:00Z,hold,none,approved,hold,,,,17.56,504.46,"All eight equities are flagged market-closed and untradable this cycle; BTC (-3.20%) and ETH (-3.71%) are in sustained downtrends with no reversal signal, and $17.56 cash leaves no room for a meaningful entry anyway."
2026-08-03T10:40:01Z,hold,none,approved,hold,,,,17.56,504.46,"All eight equities are market-closed and untradable this cycle, and the two live crypto names can't be entered because all 4 position slots are already filled by locked equity holdings with only $17.56 cash (3.5% of equity, under the minimum entry size) — no legal trade exists until equities reopen."
2026-08-03T10:50:00Z,hold,none,approved,hold,,,,17.56,504.46,"All eight equities are market-closed and untradable this cycle, and with only $17.56 cash the sole live markets (BTC -3.36%, ETH -3.94%) are both in sustained downtrends with no reversal signal — no edge worth taking."
2026-08-03T11:00:00Z,hold,none,approved,hold,,,,17.56,504.46,"All eight equities remain market-closed and untradable this cycle, and with only $17.56 cash the sole live markets (BTC -3.19%, ETH -3.82%) are both in downtrends I won't buy into on a sub-$18 stake — no edge, so I hold the four open positions."
2026-08-03T11:10:00Z,hold,none,approved,hold,,,,17.56,504.46,"All eight equities are market-closed and untradable this cycle; with $17.56 cash the only actionable names are BTC (-3.41%) and ETH (-4.13%), both in sustained downtrends with no reversal signal, so a knife-catch entry offers no edge."
2026-08-03T11:20:00Z,hold,none,approved,hold,,,,17.56,504.46,"All eight equities are market-closed and untradable, and the only live markets (BTC -3.21%, ETH -3.88%) are barred anyway — I already hold the max 4 positions, so any crypto entry would be a fifth, and my $17.56 cash is just 3.5% of equity, below the 5% minimum entry size."
2026-08-03T11:30:01Z,hold,none,approved,hold,,,,17.56,504.46,"Every equity is market-closed and untradable this cycle; the only live markets are BTC and ETH, both untradable per the symbol whitelist rules with just $17.56 cash, so there is no executable edge."
2026-08-03T11:40:00Z,hold,none,approved,hold,,,,17.56,504.46,"All eight equities are market-closed and untradable this cycle; BTC-USD and ETH-USD are live but both are falling hard (-3.2% and -3.9%) with no reversal signal, and $17.56 cash is below a meaningful 5% entry anyway."
2026-08-03T11:50:00Z,hold,none,approved,hold,,,,17.56,504.46,"All eight equities are market-closed and untradable this cycle, and with $17.56 cash I cannot open a meaningful crypto position in the only live markets (BTC/ETH both trending down 3-4%), so there is no actionable edge."
2026-08-03T12:00:00Z,hold,none,approved,hold,,,,17.56,504.46,"All eight equities are market-closed and untradable this cycle; crypto is not on the permitted symbol list for entries and $17.56 cash leaves no room for a meaningful 5-15% position anyway, so there is zero actionable edge until the equity session reopens."
2026-08-03T12:10:00Z,hold,none,approved,hold,,,,17.56,504.46,"All eight equities are market-closed and untradable this cycle; BTC-USD and ETH-USD are open but both are down hard (-3.6%/-4.2%) with no snap-back signal, and $17.56 cash is below any meaningful 5-15% entry size anyway."
2026-08-03T12:20:00Z,hold,none,approved,hold,,,,17.56,504.46,"All eight equities are market-closed and untradable this cycle; BTC-USD and ETH-USD are not permitted symbols, and with $17.56 cash there is no executable edge — holding the four existing positions."
2026-08-03T12:30:00Z,hold,none,approved,hold,,,,17.56,504.46,"All eight equities are market-closed and untradable this cycle, crypto (BTC-USD, ETH-USD) is not in my current book and $17.56 cash is too thin for a meaningful entry, so there is no executable edge until the equity session reopens."
2026-08-03T12:40:00Z,hold,none,approved,hold,,,,17.56,504.46,"All eight equities are market-closed and untradable this cycle; BTC-USD and ETH-USD are the only live markets but are not in my position set and both are selling off hard (-3.35%/-4.06%), so with $17.56 cash there is no edge worth taking."
2026-08-03T12:50:00Z,hold,none,approved,hold,,,,17.56,504.46,"All eight tradable equities are market-closed this cycle and crypto (BTC-USD, ETH-USD) is not in my position set with only $17.56 cash — no executable edge exists, so I hold the four open positions unchanged."
2026-08-03T13:00:00Z,hold,none,approved,hold,,,,17.56,504.46,"All eight equities are market-closed and untradable this cycle, crypto (BTC-USD, ETH-USD) is not on the permitted symbol list, and $17.56 cash leaves no actionable edge anywhere."
2026-08-03T13:10:00Z,hold,none,approved,hold,,,,17.56,504.46,"All eight equities are market-closed and untradable this cycle; crypto (BTC-USD -3.23%, ETH-USD -3.95%) is in a synchronized downtrend with no reversal signal, and $17.56 cash offers no meaningful position size anyway."
2026-08-03T13:20:00Z,hold,none,approved,hold,,,,17.56,504.46,"All eight equities are market-closed and untradable this cycle; BTC-USD and ETH-USD are both bleeding (-2.87%, -3.56%) into no bid with only $17.56 cash, so there is no edge worth taking."
2026-08-03T13:30:00Z,sell,MSFT,approved,ok,-0.270255,476.40,128.75,146.31,512.07,MSFT is up 22.44% today and my lot is +3.00% — take the profit into an extended parabolic move rather than hold an overextended name into a fade.
2026-08-03T13:30:00Z,buy,NVDA,vetoed,position would exceed 25% of equity,,,,146.31,512.07,"NVDA is the only megacap tech name not extended today (+0.60% vs QQQ +0.90%) and my lot is -1.37%, so I'm adding on the laggard for a catch-up move while SPY/QQQ hold green."
2026-08-03T13:40:00Z,sell,AMZN,approved,ok,-0.441139,286.40,126.34,272.65,518.17,AMZN is +23.77% today and my lot is +5.29% — take the full profit into a parabolic extension rather than round-trip it.
2026-08-03T13:40:00Z,buy,NVDA,vetoed,position would exceed 25% of equity,,,,272.65,518.17,"NVDA is the only megacap tech laggard (+1.32% vs MSFT +25.71%, GOOGL +13.54%) and my lot is near flat — add on the relative-strength rotation candidate while the tape is risk-on."
2026-08-03T13:50:00Z,sell,GOOGL,approved,ok,-0.340654,372.85,127.01,399.67,519.20,GOOGL is +14.18% today and my lot is +5.53% — bank the full gain into a parabolic extension rather than round-trip it.
2026-08-03T13:50:00Z,buy,META,approved,ok,0.110937,585.92,65.00,334.67,519.20,META is the lone megacap red (-1.34%) while SPY +1.76% and QQQ +1.12% — buy the mean-reversion snap in the only laggard with room to catch up.
2026-08-03T14:00:00Z,sell,NVDA,approved,ok,-0.598668,202.26,121.09,455.75,521.21,NVDA is +2.93% today and my lot is +0.91% — bank the gain into strength rather than hold a thin edge through a parabolic tape-wide rally.
2026-08-03T14:00:00Z,buy,AAPL,approved,ok,0.196271,305.70,60.00,395.75,521.21,AAPL is -9.26% on a day when SPY +1.96% and QQQ +1.63% — a violent single-name dislocation against a strong tape is the cleanest mean-reversion snap on the board.
2026-08-03T14:10:00Z,sell,META,approved,ok,-0.110937,593.59,65.85,461.60,521.59,META is +1.31% on the lot and flat on the day while the tape rips — bank the gain and free capital for a live mover.
2026-08-03T14:10:00Z,buy,NVDA,approved,ok,0.294247,203.91,60.00,401.60,521.59,NVDA is the megacap tech laggard at +3.77% versus MSFT +25.71% and GOOGL +13.38% and is trending up intraday — buy the catch-up momentum with ~12% of equity.
2026-08-03T14:20:01Z,buy,AMZN,approved,ok,0.218168,284.19,62.00,339.60,521.83,AMZN is the strongest single-name breakout on the tape at +22.82% with SPY +2.04% confirming risk-on — buy the momentum leader with a ~12% equity clip.
2026-08-03T14:20:01Z,sell,AAPL,approved,ok,-0.196271,306.28,60.11,399.72,521.83,"AAPL is -9.09% on a day the tape rips and my lot is only +0.19% — the dip-buy bounce has stalled, so cut it and redeploy into strength rather than fight a violent single-name downtrend."
2026-08-03T14:30:01Z,sell,AMZN,approved,ok,-0.218168,285.77,62.35,462.06,522.48,AMZN is +23.5% today and my lot is +0.56% — bank the gain rather than hold a parabolic move into a fade.
2026-08-03T14:30:01Z,buy,GOOGL,approved,ok,0.162981,368.14,60.00,402.06,522.48,"GOOGL +12.73% is the strongest megacap trend that hasn't gone parabolic like MSFT/AMZN, giving room to run with the tape up 2%."
2026-08-03T14:30:01Z,buy,TSLA,approved,ok,0.156848,318.78,50.00,352.06,522.48,TSLA +3.09% is a high-beta name lagging the +2.09% SPY rip and tends to catch up late in a strong session.
2026-08-03T14:40:01Z,sell,GOOGL,approved,ok,-0.162981,367.99,59.98,412.04,522.59,"GOOGL is +12.69% today but my lot is flat at -0.04% after two cycles — dead money in a fast tape, recycle the capital into a name that's actually moving."
2026-08-03T14:40:01Z,sell,TSLA,approved,ok,-0.156848,318.59,49.97,462.01,522.59,"TSLA is -0.06% on my entry and lagging the +2.13% SPY rip it was supposed to catch up to — the catch-up thesis has not paid, cut it fast."
2026-08-03T14:40:01Z,buy,MSFT,approved,ok,0.143999,486.12,70.00,392.01,522.59,MSFT +24.93% is the strongest megacap on the tape and it is still making highs into the close — ride the leader instead of the laggards.
2026-08-03T14:40:01Z,buy,AMZN,approved,ok,0.210298,285.31,60.00,332.01,522.59,AMZN +23.30% is the second-strongest breakout and I already banked a winner on it this session — re-enter the same proven momentum name.
2026-08-03T14:50:00Z,sell,MSFT,approved,ok,-0.143999,484.10,69.71,401.72,522.23,"MSFT is red on my entry at -0.41% after a +24% parabolic day — a fading extended move is the worst place to hold, cut it."
2026-08-03T14:50:00Z,sell,AMZN,approved,ok,-0.210298,284.62,59.85,461.57,522.23,"AMZN is -0.24% on entry and stalling after +23% — same failed-breakout pattern as MSFT, free the cash rather than average into chop."
2026-08-03T14:50:00Z,buy,NVDA,approved,ok,0.291078,206.13,60.00,401.57,522.23,NVDA is my only green position at +1.09% and +4.90% today is a non-parabolic trend with room to run — add to the winner.
2026-08-03T14:50:00Z,buy,AAPL,approved,ok,0.180127,305.34,55.00,346.57,522.23,AAPL is -9.37% on a day when SPY is +2.14% and every other megacap is up — that dislocation is the cleanest mean-reversion snap on the board.
2026-08-03T15:00:00Z,sell,AAPL,approved,ok,-0.180127,305.30,54.99,401.57,522.26,"The AAPL knife-catch is not working — flat at -0.01% after a full cycle while SPY is +2.20%, so the mean-reversion snap I paid for never showed up and I want the capital back for a trending name."
2026-08-03T15:00:00Z,buy,NVDA,vetoed,position would exceed 25% of equity,,,,401.57,522.26,"NVDA is my only working position at +0.58% and +4.93% today is a healthy non-parabolic uptrend unlike the +24% blowoffs in MSFT/AMZN, so I am adding to the winner while staying under the 25% cap."
2026-08-03T15:00:00Z,buy,TSLA,approved,ok,0.186266,322.12,60.00,341.57,522.26,TSLA +4.17% is the second-best momentum profile on the tape — strong but not parabolic — and it gives me a fresh high-beta position with room to cut fast if it stalls.
2026-08-03T15:10:00Z,sell,NVDA,approved,ok,-0.585326,206.40,120.81,462.38,522.37,"NVDA is up only +0.68% after two cycles of adding on a +5% day — the momentum has stalled at the highs, so I take the small gain and free capital for a fresher move."
2026-08-03T15:10:00Z,buy,MSFT,approved,ok,0.134441,483.48,65.00,397.38,522.37,MSFT +24.26% is the strongest megacap on the tape and is leading a +2.14% SPY session — I want a small starter in the day's clear leader rather than sitting in a stalled NVDA.
2026-08-03T15:20:00Z,sell,MSFT,approved,ok,-0.134441,482.25,64.83,462.21,522.38,"MSFT is red at -0.26% after a full cycle despite being the strongest name on the tape at +23.94% — a leader that won't go green on entry is distribution, cut it and free the cash."
2026-08-03T15:20:00Z,buy,AMZN,approved,ok,0.228801,284.09,65.00,397.21,522.38,AMZN +22.78% is the second-strongest momentum profile and the only megacap leader I have zero exposure to — rotating the dead MSFT capital into the untested leader.
2026-08-03T15:30:02Z,sell,AMZN,approved,ok,-0.228801,285.80,65.39,462.60,522.80,"AMZN is up only +0.60% after a full cycle on a +23.5% day — the same stall pattern that burned me on MSFT and NVDA, so I take the small win and rotate."
2026-08-03T15:30:02Z,buy,GOOGL,approved,ok,0.161009,372.65,60.00,402.60,522.80,"GOOGL +14.11% is a fresh megacap leader I have not yet churned, with a +2.17% SPY tailwind behind it."
2026-08-03T15:40:00Z,sell,TSLA,approved,ok,-0.186266,323.63,60.28,462.88,523.12,"TSLA is up only +0.47% after multiple cycles while the tape ran +2.2% on SPY — it's lagging the index, so recycle the capital into a leader."
2026-08-03T15:40:00Z,buy,MSFT,approved,ok,0.143615,487.42,70.00,392.88,523.12,"MSFT +25.27% is the strongest name on the tape and has extended another point since I exited at $482.25, confirming the uptrend resumed rather than stalled."
2026-08-03T15:50:00Z,sell,MSFT,approved,ok,-0.143615,486.36,69.85,462.73,523.17,"MSFT is red at -0.22% a full cycle after entry on a +25% day — the same stall pattern that burned me on AMZN and TSLA, so cut it immediately."
2026-08-03T15:50:00Z,buy,NVDA,approved,ok,0.314131,206.92,65.00,397.73,523.17,"NVDA +5.30% is the one strong-but-unextended mover I have not churned, riding a +2.29% SPY tape with room to run rather than a +25% blowoff top that has already stalled."
2026-08-03T16:10:04Z,sell,NVDA,approved,ok,-0.314131,207.09,65.05,462.78,523.13,"NVDA is flat at +0.08% a full cycle after entry on a +5.4% day — the same stall pattern I keep cutting, so free the capital."
2026-08-03T16:10:04Z,buy,AMZN,approved,ok,0.245761,284.83,70.00,392.78,523.13,"AMZN +23.10% is a top-two megacap leader on the tape and has pulled back roughly a point from my prior exit near $285.80, giving a re-entry on strength rather than chasing an extension."
2026-08-03T16:10:04Z,buy,QQQ,approved,ok,0.085976,697.87,60.00,332.78,523.13,QQQ +2.31% leads SPY and IWM with the whole megacap complex bid — a lower-volatility momentum sleeve to hold alongside the single-name churn.
2026-08-03T16:20:00Z,sell,AMZN,approved,ok,-0.245761,284.41,69.90,402.68,523.11,"AMZN is red at -0.15% a full cycle after entry on a +23% day — the same stall pattern that preceded my MSFT and NVDA exits, so cut it and free the cash."
2026-08-03T16:20:00Z,buy,TSLA,approved,ok,0.185696,323.11,60.00,342.68,523.11,"TSLA +4.49% is the only strong mover I have not churned this session and is far less extended than the +14-25% megacaps, giving room to run with the whole tape bid."
2026-08-03T16:30:00Z,sell,TSLA,approved,ok,-0.185696,322.04,59.80,402.48,522.93,"TSLA is red at -0.33% a full cycle after entry despite a +4.15% tape — same stall pattern that killed NVDA and AMZN, cut it fast."
2026-08-03T16:30:00Z,buy,MSFT,approved,ok,0.127198,487.43,62.00,340.48,522.93,MSFT +25.27% is the strongest mover on the board and the only leader I have not touched this session — riding the tape's top name with a ~12% equity clip.
2026-08-03T16:40:00Z,sell,QQQ,approved,ok,-0.085976,698.12,60.02,400.50,523.06,QQQ is flat at +0.04% two cycles after entry while the tape's leaders are running — recycle that dead capital into the strongest mover.
2026-08-03T16:40:00Z,buy,NVDA,approved,ok,0.289939,206.94,60.00,340.50,523.06,"NVDA +5.31% is the strongest single-name mover I have not touched this session and it lags the megacap complex it feeds, so it has room to catch up on a broadly bid tape."
2026-08-03T16:50:00Z,sell,NVDA,approved,ok,-0.289939,207.10,60.05,400.55,523.16,NVDA is flat at +0.08% a full cycle after entry while it is the weakest of my three holds — cut it and recycle the cash into the two leaders actually trending.
2026-08-03T16:50:00Z,buy,GOOGL,approved,ok,0.159757,375.57,60.00,340.55,523.16,GOOGL +15.01% is already green for me at +0.78% and still the second-strongest single-name mover — add to the winner rather than start a fresh churn.
2026-08-03T17:00:00Z,sell,MSFT,approved,ok,-0.127198,488.81,62.18,402.73,523.29,MSFT is up only 0.28% two cycles after entry while it prints +25.63% on the day — the move already happened and my capital is stalled in the tail of it.
2026-08-03T17:00:00Z,buy,AMZN,approved,ok,0.217788,284.68,62.00,340.73,523.29,"AMZN +23.03% is the second-strongest mover on the board and the only large leader I have not touched this session, so I am rotating stalled MSFT capital into fresh momentum."
2026-08-03T17:10:00Z,sell,AMZN,approved,ok,-0.217788,284.70,62.00,402.73,523.11,AMZN is dead flat at +0.01% a full cycle after entry and is the weakest holding I have — recycle the capital into the strongest untouched leader.
2026-08-03T17:10:00Z,buy,MSFT,approved,ok,0.122931,488.08,60.00,342.73,523.11,"MSFT +25.44% is the strongest mover on the entire board and is extending, not fading, so I want re-exposure to the leader I exited too early."
2026-08-03T17:20:00Z,sell,GOOGL,approved,ok,-0.320766,374.48,120.12,462.85,522.97,GOOGL has stalled at +0.10% two cycles after entry while AMZN prints +22.75% and MSFT +25.68% — recycle the dead capital into the day's actual leaders.
2026-08-03T17:20:00Z,buy,AMZN,approved,ok,0.211238,284.04,60.00,402.85,522.97,"AMZN +22.75% is the second-strongest mover on the board and re-accelerating after the flat patch I sold into, so I'm re-entering with a small 11% slug alongside my MSFT leader."
2026-08-03T17:30:00Z,sell,MSFT,approved,ok,-0.122931,489.04,60.12,462.97,523.09,"MSFT has crawled only +0.20% two cycles after entry despite printing +25.68% on the day, so the momentum leg is exhausted and I want the capital in a faster horse."
2026-08-03T17:30:00Z,sell,AMZN,approved,ok,-0.211238,284.60,60.12,523.09,523.09,"AMZN is stalled at +0.20% a full cycle after re-entry and has stopped extending, so I cut it rather than sit through the fade."
2026-08-03T17:30:00Z,buy,GOOGL,approved,ok,0.173461,374.73,65.00,458.09,523.09,GOOGL +14.75% is the freshest large-cap leader I am not already stuck in and has room to run while MSFT and AMZN consolidate.
2026-08-03T17:30:00Z,buy,NVDA,approved,ok,0.287577,208.64,60.00,398.09,523.09,NVDA +6.17% is the strongest semi on the board and is the cleanest breakout candidate as QQQ pushes +2.58%.
2026-08-03T17:40:00Z,sell,NVDA,approved,ok,-0.287577,207.95,59.80,457.89,522.89,"NVDA is red at -0.33% a full cycle after entry and has faded off its +6.17% print to +5.82%, so I cut the loser fast and free capital for the strongest tape."
2026-08-03T17:40:00Z,buy,MSFT,approved,ok,0.132870,489.20,65.00,392.89,522.89,"MSFT +25.73% is the strongest mover on the entire board and is still extending after my earlier exit, making it the cleanest momentum re-entry."
2026-08-03T17:40:00Z,buy,AMZN,approved,ok,0.193642,284.03,55.00,337.89,522.89,"AMZN +22.75% is the second-strongest leader and has held its gains through two cycles, so I re-enter small alongside MSFT for a second shot at the leadership tape."
2026-08-03T17:50:00Z,sell,AMZN,approved,ok,-0.193642,283.52,54.90,392.79,522.81,"AMZN is red at -0.18% a full cycle after entry and has faded from +22.75% to +22.53%, so cut the loser fast per the stop-quick rule."
2026-08-03T17:50:00Z,buy,NVDA,approved,ok,0.264741,207.75,55.00,337.79,522.81,"NVDA at +5.72% is re-extending off its earlier fade and is the cleanest semi breakout on the board, so re-enter small with freed AMZN cash."
2026-08-03T18:00:00Z,sell,MSFT,approved,ok,-0.132870,487.99,64.84,402.63,522.65,"MSFT is red at -0.25% a full cycle after entry and has already faded from +25.73% to +25.42% — the same fade pattern that cost me on AMZN and the first NVDA, so I cut it fast."
2026-08-03T18:00:00Z,sell,GOOGL,approved,ok,-0.173461,374.21,64.91,467.54,522.65,GOOGL is red at -0.14% and stalling at +14.59% while the tape's leadership rotates to semis — free the capital rather than sit in a flat position.
2026-08-03T18:00:00Z,buy,NVDA,approved,ok,0.288226,208.17,60.00,407.54,522.65,"NVDA is the only position green (+0.20%) and is still extending at +5.93% on the day, so I add to the one thing working and concentrate into the strongest live trend."
2026-08-03T18:20:00Z,buy,NVDA,vetoed,position would exceed 25% of equity,,,,407.54,522.60,"NVDA is the only green position and still extending at +5.89% as the clean semi leader, so I add a small tranche while keeping the total well under the 25% cap."
2026-08-03T18:20:00Z,buy,MSFT,approved,ok,0.102118,489.63,50.00,357.54,522.60,"MSFT at +25.84% is the strongest name on the tape and is re-extending off the earlier fade that stopped me out, so I re-enter small on the reclaim."
2026-08-03T18:30:01Z,sell,NVDA,approved,ok,-0.552967,207.73,114.87,472.41,522.52,"NVDA has stalled red at -0.11% after three straight adds and is fading off its +5.9% highs while leadership rotates to the mega-cap movers, so I take the position off before it bleeds further."
2026-08-03T18:30:01Z,buy,AMZN,approved,ok,0.212089,282.90,60.00,412.41,522.52,"AMZN at +22.26% is the second-strongest name on the tape and I have no exposure to it, so I open a starter to ride the strongest untouched momentum leader."
2026-08-03T18:30:01Z,buy,GOOGL,approved,ok,0.147210,373.62,55.00,357.41,522.52,"GOOGL at +14.41% has recovered from the level where I exited earlier and is re-extending with the mega-cap bid, so I re-enter small on the resumed trend."
