ts_utc,action,symbol,verdict,reason,qty,price,usd,cash_after,equity_after,thesis
2026-07-19T22:18:23Z,hold,none,approved,hold,,,,500.00,500.00,"First cycle on a weekend with only crypto tradable; BTC is flat and ETH is down 2.4% with no confirmation of a bounce, so I'll wait for a clearer setup rather than force an entry."
2026-07-19T22:19:35Z,hold,none,approved,hold,,,,500.00,500.00,"Weekend cycle with only crypto tradable; BTC is flat and ETH's -2.24% drift gives no edge worth risking cash on, so I stay in cash."
2026-07-19T22:30:01Z,hold,none,approved,hold,,,,500.00,500.00,Only crypto is tradable this weekend cycle and neither BTC's flat tape nor ETH's -2.5% drift offers an edge worth risking a fresh entry on.
2026-07-19T23:00:00Z,hold,none,approved,hold,,,,500.00,500.00,"Weekend cycle with only crypto tradable; BTC is flat and ETH's -2.49% slide offers no edge worth risking, so I stay in cash."
2026-07-19T23:30:00Z,hold,none,approved,hold,,,,500.00,500.00,"Weekend cycle with only crypto tradable; BTC is flat and ETH's -2.56% drift is a falling knife without a catalyst, so I keep the full $500 in cash for Monday's open."
2026-07-20T00:30:00Z,buy,BTC-USD,approved,ok,0.000771,64819.52,50.00,450.00,500.00,"BTC turned from flat to +1.6% and ETH flipped from a -2.5% slide to green this cycle, so I'm taking a small 10% starter in the stronger of the two on the weekend momentum shift."
2026-07-20T01:00:00Z,hold,none,approved,hold,,,,450.00,499.76,"BTC entry from last cycle is only -0.5% with its momentum turn still intact and ETH's +0.4% drift offers no fresh edge, so I hold rather than churn a weekend crypto-only tape."
2026-07-20T01:30:00Z,hold,none,approved,hold,,,,450.00,499.99,"BTC position is flat at -0.03% with the +1.6% daily momentum thesis still intact, and ETH's modest +0.9% offers no better setup worth rotating into this weekend cycle."
2026-07-20T02:00:00Z,hold,none,approved,hold,,,,450.00,499.81,"BTC entry is only -0.37% and the daily uptrend (+1.23%) that drove the entry is still intact, while ETH at +0.24% offers no fresh edge worth adding weekend crypto exposure for."
2026-07-20T02:30:00Z,hold,none,approved,hold,,,,450.00,499.84,"BTC entry is down only 0.32% while the daily uptrend (+1.29%) backing the entry remains intact, and no other tradable crypto shows a setup worth adding risk for."
2026-07-20T03:00:00Z,hold,none,approved,hold,,,,450.00,499.97,"BTC entry is essentially flat at -0.07% while the +1.55% daily uptrend backing the entry remains intact, and no new setup in ETH justifies adding risk."
2026-07-20T03:30:00Z,hold,none,approved,hold,,,,450.00,499.85,"BTC entry is only -0.30% while the +1.31% daily uptrend backing it holds, and equities are closed with nothing new to act on."
2026-07-20T04:00:00Z,hold,none,approved,hold,,,,450.00,500.00,"BTC entry is flat at -0.01% with the +1.61% daily uptrend backing it still intact, equities are closed, and nothing new justifies adding risk."
2026-07-20T04:30:00Z,hold,none,approved,hold,,,,450.00,499.92,"BTC entry is flat at -0.16% with the +1.45% daily uptrend backing it still intact, and no new edge in ETH justifies adding risk this cycle."
2026-07-20T05:00:00Z,hold,none,approved,hold,,,,450.00,499.76,"BTC entry is down only 0.49% while the +1.12% daily uptrend backing it remains intact, so no reason to exit or add at this size."
2026-07-20T05:30:01Z,hold,none,approved,hold,,,,450.00,499.47,"BTC is down only 1.06% from entry with the daily still up +0.54%, no thesis break to justify an exit and no fresh setup worth adding at 5am liquidity."
2026-07-20T06:00:00Z,hold,none,approved,hold,,,,450.00,499.43,"BTC is down 1.15% from entry but the daily uptrend is still positive at +0.45%, no thesis break and no stop level hit, so I stay patient rather than sell into minor weakness."
2026-07-20T06:30:01Z,hold,none,approved,hold,,,,450.00,499.42,"BTC is down 1.16% from entry but the daily uptrend backing the thesis is still positive at +0.44%, so no exit trigger; equities are closed and nothing else offers a setup worth new risk this cycle."
2026-07-20T07:00:00Z,hold,none,approved,hold,,,,450.00,499.26,"BTC is down 1.48% from entry and the daily uptrend has faded to +0.11%, but the trend backing the thesis has not turned negative yet, so I hold and will exit if the daily flips red."
2026-07-20T07:30:00Z,hold,none,approved,hold,,,,450.00,499.42,"BTC is down 1.16% from entry but the daily uptrend backing the thesis is still positive at +0.44%, so no exit signal; equities are closed and nothing else offers a fresh edge this cycle."
2026-07-20T08:00:00Z,hold,none,approved,hold,,,,450.00,499.52,"BTC is down only 0.96% from entry and the daily has recovered to +0.64%, so the uptrend thesis is intact and no equities are tradable this cycle."
2026-07-20T08:30:00Z,hold,none,approved,hold,,,,450.00,499.51,"BTC has recovered to -0.99% from entry with the daily back up to +0.61%, so the uptrend thesis is intact and no new setup among tradable symbols justifies deploying cash."
2026-07-20T09:00:00Z,hold,none,approved,hold,,,,450.00,499.37,"BTC is recovering toward entry at -1.27% with the daily still positive at +0.33%, and equities are closed, so the thesis stands and no new entry is compelling."
2026-07-20T09:30:00Z,hold,none,approved,hold,,,,450.00,499.48,"BTC is recovering toward entry at -1.05% with the daily positive at +0.55%; the uptrend thesis is intact and no new setup among tradable symbols justifies adding, so I hold."
2026-07-20T10:00:00Z,hold,none,approved,hold,,,,450.00,499.47,"BTC is at -1.05% from entry and grinding back with the daily positive at +0.55%; the recovery thesis is intact and no new setup justifies deploying cash, so I hold."
2026-07-20T10:30:00Z,hold,none,approved,hold,,,,450.00,499.59,"BTC has recovered to -0.81% from entry with the daily now +0.79%; the uptrend thesis is intact and improving, so I let the position work rather than churn."
2026-07-20T11:00:01Z,hold,none,approved,hold,,,,450.00,499.55,"BTC has recovered to -0.89% from entry with the daily at +0.71%; the recovery thesis is intact and equities are closed, so no action needed."
2026-07-20T11:30:00Z,hold,none,approved,hold,,,,450.00,499.59,"BTC has recovered to -0.82% from entry with the daily at +0.78%; the steady grind back toward entry is intact, so I hold rather than exit into strength or add before the position reclaims breakeven."
2026-07-20T12:00:00Z,hold,none,approved,hold,,,,450.00,500.10,"BTC has reclaimed entry to +0.20% with the daily at +1.82%; the recovery thesis is playing out and the existing 10%-of-equity position is the right size, while equities are closed and broadly red so no new entries."
2026-07-20T12:30:00Z,hold,none,approved,hold,,,,450.00,499.86,"BTC has pulled back slightly to -0.27% from entry but the daily uptrend is intact at +1.34%; no reason to exit or add, and equities are closed, so I hold."
2026-07-20T13:00:01Z,hold,none,approved,hold,,,,450.00,499.83,"BTC is at -0.34% from entry with the daily up +1.27%; the recovery thesis is playing out and equities are closed, so no action beats letting the position work."
2026-07-20T13:30:00Z,hold,none,approved,hold,,,,450.00,499.76,"BTC is at -0.48% from entry with the daily up +1.13% and the recovery thesis intact; no other setup justifies chasing today's movers, so I hold."
2026-07-20T14:00:00Z,hold,none,approved,hold,,,,450.00,499.59,BTC is at -0.82% from entry with the daily still up +0.78%; the recovery thesis remains intact and nothing else offers a clear edge with QQQ/SPY red and TSLA/META selling off.
2026-07-20T14:30:00Z,hold,none,approved,hold,,,,450.00,499.69,"BTC is at -0.63% from entry with the daily still up +0.98%; the recovery thesis remains intact and nothing else offers a clear edge — TSLA's -5% drop is a falling knife, not a setup."
2026-07-20T15:00:00Z,hold,none,approved,hold,,,,450.00,499.68,BTC is at -0.64% from entry with the daily still up +0.96% while equities sell off; the recovery thesis remains intact and no new setup justifies adding risk into a red tape.
2026-07-20T15:30:01Z,hold,none,approved,hold,,,,450.00,500.07,"BTC has recovered to +0.15% from entry with the daily up +1.76%, confirming the recovery thesis, while equities are mixed with QQQ and TSLA selling off — no new edge worth adding risk, so I let the winner work."
2026-07-20T16:00:01Z,hold,none,approved,hold,,,,450.00,500.57,"BTC is now +1.15% from entry with the daily up +2.78%, the recovery thesis has played out and is still trending; no reason to add with equities mixed (SPY -0.42%, QQQ -1.31%) and no new edge, so I let the winner run."
2026-07-20T16:30:00Z,hold,none,approved,hold,,,,450.00,500.44,"BTC is +0.88% from entry with the daily up +2.51% and momentum intact, while equities are mixed (SPY/QQQ red, TSLA -4.93%), so I let the small winner run and add no new risk."
2026-07-20T17:00:00Z,hold,none,approved,hold,,,,450.00,500.49,"BTC is +0.98% from entry with the daily up +2.61% and the recovery thesis intact, while equities are mixed with QQQ and SPY red, so no new entry is compelling this cycle."
2026-07-20T17:30:00Z,hold,none,approved,hold,,,,450.00,500.49,"BTC is +0.99% from entry with the daily up +2.62% and momentum intact, while equity indexes are red and offer no fresh setup worth deploying cash into."
2026-07-20T18:00:00Z,hold,none,approved,hold,,,,450.00,500.56,"BTC is +1.11% from entry with the daily up +2.74% and momentum still intact, so I let the winner run while equities stay mixed with QQQ and SPY red, offering no better setup than the existing position."
2026-07-20T18:30:00Z,hold,none,approved,hold,,,,450.00,500.56,"BTC is +1.12% from entry with the daily up +2.75% and momentum intact, while equities are mixed (SPY/QQQ red, TSLA -5.6%) with no setup worth adding, so I hold the winner and keep cash ready."
2026-07-20T19:00:00Z,hold,none,approved,hold,,,,450.00,500.29,"BTC is +0.58% from entry with the daily still up +2.20%; momentum has cooled slightly from the last cycle but the recovery thesis is intact, and nothing else (TSLA -5.98%, QQQ -1.92%) offers a clean entry worth catching mid-selloff."
2026-07-20T19:30:00Z,hold,none,approved,hold,,,,450.00,500.22,"BTC has faded to +0.43% from entry but the daily uptrend (+2.05%) is intact and the position is small, while broad equities are red (SPY -0.84%, QQQ -1.95%) and chasing AAPL/MSFT intraday spikes offers no edge, so I hold and wait for either BTC momentum to reassert or a cleaner setup."
2026-07-20T20:00:00Z,hold,none,approved,hold,,,,450.00,500.24,"BTC is +0.48% from entry with the daily still up +2.10%; momentum has cooled but the uptrend is intact while equities (SPY -0.99%, QQQ -2.26%) offer no better entry, so I stay patient with the small position."
2026-07-20T20:30:00Z,hold,none,approved,hold,,,,450.00,500.33,"BTC is +0.66% from entry with the daily up +2.29% and momentum re-firming after the earlier fade; the ~10% position is sized right and equities are closed, so no action beats forced action."
2026-07-20T21:00:00Z,hold,none,approved,hold,,,,450.00,500.39,"BTC is +0.78% from entry with the daily up +2.41% and momentum re-firming; the ~10% position is right-sized, equities are closed, and nothing else offers a clear edge this cycle."
2026-07-20T21:30:00Z,hold,none,approved,hold,,,,450.00,500.34,"BTC is +0.69% from entry with the daily up +2.31% and the uptrend intact; the ~$50 position is right-sized and equities are closed, so there is nothing to add or trim this cycle."
2026-07-20T22:00:00Z,hold,none,approved,hold,,,,450.00,500.33,"BTC is +0.65% from entry with the daily up +2.28% and the uptrend intact; equities are closed and nothing has changed enough to add or trim, so I hold the position."
2026-07-20T22:30:00Z,hold,none,approved,hold,,,,450.00,500.27,"BTC is +0.55% from entry with the daily up +2.17% and the uptrend intact; equities are closed and nothing in the tape warrants adding or trimming, so I hold the position."
2026-07-20T23:00:00Z,hold,none,approved,hold,,,,450.00,500.22,"BTC is +0.44% from entry with the daily up +2.07%; the uptrend is intact but momentum is easing off the highs, so I keep the position and add nothing with equities closed."
2026-07-20T23:30:01Z,hold,none,approved,hold,,,,450.00,500.30,"BTC is +0.59% from entry with the daily up +2.22% and the uptrend intact; momentum has cooled but no exit signal, and equities are closed, so I hold the position and keep cash ready."
2026-07-21T00:00:02Z,hold,none,approved,hold,,,,450.00,500.29,"BTC is +0.57% from entry with the daily up +2.02% and the uptrend intact; ETH's +3.39% pop is tempting but chasing an overnight spike with no pullback isn't a thesis, so I keep the single BTC position and wait."
2026-07-21T01:00:00Z,hold,none,approved,hold,,,,450.00,500.54,"BTC is +1.08% from entry with the daily uptrend intact, and ETH's +3.93% day is already extended so chasing it here adds risk without a fresh setup; holding the single small BTC position remains the disciplined play."
2026-07-21T12:30:00Z,hold,none,approved,hold,,,,450.00,501.24,"BTC is +2.47% from entry with the daily up +3.95% and the uptrend intact; equities are closed and chasing ETH's +5.34% day after the move offers poor entry, so I let the winner run."
2026-07-21T13:00:00Z,hold,none,approved,hold,,,,450.00,501.30,"BTC is +2.61% from entry with the daily up +4.08% and the uptrend intact; equities are closed and chasing ETH after a +5.47% day offers poor entry, so I hold and let the winner run."
2026-07-21T13:30:00Z,hold,none,approved,hold,,,,450.00,501.21,"BTC is +2.42% from entry with the daily up +3.90% and the uptrend intact; ETH's +5.14% day is already extended and chasing it here adds risk without edge, so I hold the winner and keep cash ready."
2026-07-21T14:00:00Z,hold,none,approved,hold,,,,450.00,501.48,"BTC is +2.97% from entry with the daily up +4.45% and the uptrend intact; ETH's +5.32% day is already extended so chasing it here adds risk without edge, and equities are mixed-to-red — no new entry beats holding the winner."
2026-07-21T14:30:00Z,hold,none,approved,hold,,,,450.00,501.47,BTC is +2.93% from entry with the daily up +4.42% and the uptrend intact; ETH's +4.93% day is already extended so chasing here adds risk without edge — let the winner run.
2026-07-21T15:00:01Z,hold,none,approved,hold,,,,450.00,501.54,BTC is +3.08% from entry with the daily up +4.56% and the uptrend intact; equity concentration is fine at ~10% and nothing else offers a clearer edge than letting the winner run.
2026-07-21T15:30:00Z,hold,none,approved,hold,,,,450.00,501.37,"BTC is +2.74% from entry with the daily up +4.21% and the uptrend intact; equity sits near the day's high with no halt risk, and no new setup justifies adding risk this cycle."
2026-07-21T16:00:00Z,hold,none,approved,hold,,,,450.00,501.41,"BTC is +2.82% from entry with the daily up +4.30% and the uptrend intact; no exit signal and no compelling new entry, so I stay put."
2026-07-21T16:30:00Z,hold,none,approved,hold,,,,450.00,501.30,BTC is +2.60% from entry with the daily uptrend intact and no exit signal; ETH and tech names are already up 4% today so chasing here adds risk without edge — stay patient.
2026-07-21T17:00:00Z,hold,none,approved,hold,,,,450.00,501.31,"BTC is +2.61% from entry with the daily uptrend intact and no exit signal; everything else is either extended (ETH +4.6% intraday) or fading (NVDA, TSLA, QQQ red), so I'm not chasing and cash stays ready."
2026-07-21T17:30:00Z,hold,none,approved,hold,,,,450.00,501.23,"BTC is +2.47% from entry with the daily up +3.94% and the uptrend intact; no exit signal, and with equities mixed and crypto already extended today there is no fresh edge worth adding, so I hold."
2026-07-21T18:00:00Z,hold,none,approved,hold,,,,450.00,501.04,BTC is +2.08% from entry with the daily up +3.55% and the uptrend intact; no exit signal and no new setup clean enough to justify deploying cash into today's mixed tape.
2026-07-21T18:30:00Z,hold,none,approved,hold,,,,450.00,501.06,"BTC is +2.12% from entry with the daily still up +3.59% and no exit signal; tech names are red today so no compelling new entry, and adding ETH after a +4% daily pop would be chasing."
2026-07-21T19:00:00Z,hold,none,approved,hold,,,,450.00,501.13,"BTC is +2.26% from entry with the daily up +3.73% and the uptrend intact; no exit signal, and with tech broadly red (QQQ -1.45%, NVDA -2.17%) there is no compelling new entry, so I hold."
2026-07-21T19:30:00Z,hold,none,approved,hold,,,,450.00,501.19,"BTC is +2.39% from entry with the daily up +3.86% and the uptrend intact; no exit signal, and chasing ETH after a +4.47% day would be buying strength late, so I stay patient."
2026-07-21T20:00:00Z,hold,none,approved,hold,,,,450.00,501.23,"BTC is +2.46% from entry with the daily up +3.94% and the uptrend intact; equities are mixed-to-red with no setup worth adding, so I hold the winner and keep cash dry."
2026-07-21T20:30:00Z,hold,none,approved,hold,,,,450.00,501.19,"BTC is +2.38% from entry with the daily up +3.85% and the uptrend intact; no exit signal, equities are closed, and chasing ETH after a +4.4% day offers no edge."
2026-07-21T21:00:00Z,hold,none,approved,hold,,,,450.00,501.19,"BTC is +2.39% from entry with the daily up +3.86% and the uptrend intact; no exit signal, equities are closed, and no new setup justifies deploying cash this cycle."
2026-07-21T21:30:00Z,hold,none,approved,hold,,,,450.00,501.13,"BTC is +2.26% from entry with the daily up +3.74% and the uptrend intact; no exit signal, and adding correlated ETH exposure late in a +4% day offers poor risk/reward, so I hold."
2026-07-21T22:00:00Z,hold,none,approved,hold,,,,450.00,501.18,"BTC is +2.36% from entry with the daily up +3.83% and the uptrend intact; equities are closed and chasing ETH after a +4.4% day move offers no edge, so no changes this cycle."
2026-07-21T22:30:00Z,hold,none,approved,hold,,,,450.00,501.09,BTC is +2.19% from entry with the daily up +3.66% and the uptrend intact; equities are closed and no exit or add signal warrants changing the position.
2026-07-21T23:00:00Z,hold,none,approved,hold,,,,450.00,501.11,"BTC is +2.23% from entry with the daily up +3.70% and the uptrend intact; equities are closed and ETH's +4.27% move is already extended, so no new entry edge this cycle."
2026-07-21T23:30:00Z,hold,none,approved,hold,,,,450.00,501.19,"BTC is +2.38% from entry with the daily up +3.85% and the uptrend intact; equities are closed and chasing ETH after a +4.36% day offers poor entry, so no changes this cycle."
2026-07-22T00:00:00Z,hold,none,approved,hold,,,,450.00,501.31,"BTC is +2.62% from entry with the daily up +2.65% and the uptrend intact; equities are closed and ETH's +3.64% pop is not worth chasing overnight, so no new risk this cycle."
2026-07-22T00:30:00Z,hold,none,approved,hold,,,,450.00,501.39,"BTC is +2.79% from entry with the daily up +2.83% and the uptrend intact; equities are closed and no exit signal has triggered, so I hold."
2026-07-22T01:00:00Z,hold,none,approved,hold,,,,450.00,501.38,"BTC is +2.75% from entry with the daily up +2.79% and the uptrend intact; position is ~10% of equity, equities are closed, and no new signal justifies adding or trimming."
2026-07-22T01:30:00Z,hold,none,approved,hold,,,,450.00,501.15,"BTC is +2.30% from entry with the daily uptrend intact and no exit signal; equities are closed and ETH's +3.65% pop is late-day chase, not a fresh setup, so I stay patient."
2026-07-22T02:00:00Z,hold,none,approved,hold,,,,450.00,501.19,"BTC is +2.37% from entry with the daily up +2.41% and the uptrend intact; equities are closed this cycle and there is no exit or new-entry signal, so I hold."
2026-07-22T02:30:00Z,hold,none,approved,hold,,,,450.00,501.18,"BTC is +2.37% from entry with the daily up +2.41% and the uptrend intact; equities are closed and ETH's +3.75% day is a chase, not a setup, so no new risk this cycle."
2026-07-22T03:00:00Z,hold,none,approved,hold,,,,450.00,501.12,"BTC is +2.23% from entry with the daily up +2.27% and the uptrend intact; no exit signal and equities are closed, so there is nothing better to do with cash this cycle."
2026-07-22T03:30:00Z,hold,none,approved,hold,,,,450.00,501.09,"BTC is +2.18% from entry with the daily up +2.22% and the uptrend intact; equities are closed and no exit or add signal is present, so I hold."
2026-07-22T04:00:00Z,hold,none,approved,hold,,,,450.00,501.03,"BTC is +2.06% from entry with the daily up +2.09% and the uptrend intact; no exit signal, equities are closed, and ETH's +3.52% pop is not a fresh entry edge worth chasing overnight."
2026-07-22T04:30:00Z,hold,none,approved,hold,,,,450.00,501.16,"BTC is +2.32% from entry with the daily up +2.36% and the uptrend intact; no exit signal and no compelling new entry, so I hold the single position and keep cash ready."
2026-07-22T13:24:35Z,hold,none,approved,hold,,,,450.00,500.55,"BTC is +1.11% from entry with the daily up +1.14% and the uptrend intact; equities are closed this cycle and no new edge justifies adding, so I hold."
2026-07-22T13:30:00Z,hold,none,approved,hold,,,,450.00,500.59,"BTC is +1.18% from entry with the daily still up +1.22% and the uptrend intact, while broad equities are red across the board (SPY -0.87%, GOOGL -6.14%, META -5.13%) — no exit trigger on BTC and no fresh setup worth catching a falling knife for."
2026-07-22T14:00:00Z,hold,none,approved,hold,,,,450.00,500.83,"BTC is +1.67% from entry with the daily still up +1.70% and the uptrend intact; equity is flat on the day and no listed setup is clean enough to risk fresh cash, so I hold."
2026-07-22T14:30:00Z,hold,none,approved,hold,,,,450.00,500.59,"BTC is +1.18% from entry and still holding its uptrend while every equity on the board is red — GOOGL -6.26%, META -7.58%, AMZN -4.40% — so there is no confirmed bottom to buy into and no reason to exit a working position."
2026-07-22T15:00:00Z,hold,none,approved,hold,,,,450.00,500.73,"BTC is +1.46% from entry and still the only thing green today while equities sell off broadly (META -7.6%, GOOGL -6.1%, AMZN -4.2%), so I hold the winner and keep the $450 cash dry rather than catching a falling knife mid-flush."
2026-07-22T15:30:00Z,hold,none,approved,hold,,,,450.00,500.95,"BTC is +1.90% from entry and the only green asset today while equities broadly sell off (META -7.6%, GOOGL -6.3%), so I'm holding the winner and keeping cash dry rather than catching a falling knife mid-selloff."
2026-07-22T16:00:00Z,hold,none,approved,hold,,,,450.00,500.92,"BTC is +1.84% from entry and the only asset holding a bid while equities sell off broadly (META -7.7%, GOOGL -6.2%, AMZN -4.3%), so I keep the winner and hold $450 cash rather than catch a falling knife mid-selloff."
2026-07-22T16:30:00Z,hold,none,approved,hold,,,,450.00,500.91,"BTC is +1.81% from entry and still the only asset with a bid while equities broadly sell off, so I'm letting the winner run rather than adding equity risk into a red tape."
2026-07-22T17:00:00Z,hold,none,approved,hold,,,,450.00,501.07,"BTC is +2.14% from entry and the only asset with real strength today while equities are broadly red with mega-cap tech breaking down (META -7.5%, GOOGL -6.1%) — no reason to add risk into that tape and no reason to sell a winning trend."
2026-07-22T17:30:00Z,hold,none,approved,hold,,,,450.00,500.88,BTC is +1.76% from entry and still the only asset with real bid while equities broadly sell off — no reason to add risk into a tape where megacaps are down 4-8%.
2026-07-22T18:00:00Z,hold,none,approved,hold,,,,450.00,500.91,"BTC is +1.82% from entry and still the only asset bid while equities broadly sell off — GOOGL -6.5%, META -8.2%, AMZN -4.8% — so there's no confirmed bottom to buy into and no reason to trim a winner."
2026-07-22T18:30:00Z,hold,none,approved,hold,,,,450.00,500.78,"BTC is +1.57% from entry and the only asset with a real bid while equities sell off broadly (META -8%, GOOGL -6.6%, AMZN -4.7%), so I'm not catching a falling knife and I'm keeping the $450 cash dry until the tape stabilizes."
2026-07-22T19:00:00Z,hold,none,approved,hold,,,,450.00,500.81,"BTC is +1.61% from entry and the only asset with a real bid while equities sell off broadly (META -8%, GOOGL -6.7%, TSLA -4.8%) — no reason to catch a falling knife or add crypto risk into a 90% cash position."
2026-07-22T19:30:00Z,hold,none,approved,hold,,,,450.00,500.81,"BTC is +1.62% from entry and the only asset with a real bid while equities sell off broadly (GOOGL -6.9%, META -8%, TSLA -5%), so I keep the small crypto position and stay in cash rather than catching falling knives."
2026-07-22T20:00:01Z,hold,none,approved,hold,,,,450.00,500.83,"BTC is +1.67% from entry and the only bid asset while equities keep breaking down (GOOGL -7.7%, META -7.9%, TSLA -5.2%), so I hold the single position and keep $450 dry until either crypto confirms a trend or the equity selloff exhausts."
2026-07-22T20:30:00Z,hold,none,approved,hold,,,,450.00,500.83,"BTC is +1.66% from entry and the only asset with a live bid while equities are closed after a broad risk-off day, so I hold the winner and keep $450 dry for the reopen."
2026-07-22T21:00:00Z,hold,none,approved,hold,,,,450.00,500.83,"BTC is +1.65% from entry and the only tradable asset this cycle with equities closed, and adding to a single crypto position into a broad risk-off tape isn't worth the concentration."
2026-07-22T21:30:00Z,hold,none,approved,hold,,,,450.00,500.82,"BTC is +1.63% from entry and the only tradable asset this cycle; equities are closed with heavy risk-off closes, so adding crypto exposure into an untested overnight gap isn't worth it."
2026-07-22T22:00:00Z,hold,none,approved,hold,,,,450.00,500.94,"BTC is +1.88% from entry and the only tradable market this cycle; equities are closed with broad risk-off (GOOGL -7.8%, META -8%), so I keep the $450 cash dry rather than chase crypto into a weak-tape open."
2026-07-22T22:30:00Z,hold,none,approved,hold,,,,450.00,500.90,"BTC is +1.81% from entry and the only tradable market this cycle; equities are closed after a broad risk-off day, so I'm holding the winner rather than adding size into an unknown open."
2026-07-22T23:00:00Z,hold,none,approved,hold,,,,450.00,500.92,"BTC is +1.85% from entry and the only tradable market this cycle with equities closed; ETH's +4.09% pop is chasing strength I have no edge in, and $450 cash is better held for the equity gap-down setups after a -8% GOOGL/META session."
2026-07-22T23:30:00Z,hold,none,approved,hold,,,,450.00,500.86,BTC is +1.73% from entry and the only tradable market this cycle with equities closed; the position is already sized appropriately and there's no edge in adding at a local high.
2026-07-23T00:00:00Z,hold,none,approved,hold,,,,450.00,500.98,BTC is +1.95% from entry and the only tradable market this cycle with equities closed; no reason to add near local highs or trim a working position.
2026-07-23T00:30:00Z,hold,none,approved,hold,,,,450.00,501.08,BTC is +2.16% from entry and the only tradable market this cycle with equities closed; equity indices sold off hard today so I want to see the open before deploying the $450 cash into a bounce.
2026-07-23T01:00:00Z,hold,none,approved,hold,,,,450.00,500.94,"BTC is +1.87% from entry with equities closed, and adding to a single crypto position already near my risk comfort at this equity level adds no edge — I hold and wait for the equity open."
2026-07-23T01:30:00Z,hold,none,approved,hold,,,,450.00,500.83,"BTC is the only tradable market this cycle and already sits at +1.66% unrealized in the account's sole position; adding here would concentrate risk without a fresh catalyst, and equities' broad -1% to -8% selloff argues for keeping the $450 cash dry for Monday's open."
2026-07-23T02:00:00Z,hold,none,approved,hold,,,,450.00,500.76,"BTC is the only tradable market and already a +1.5% winner at ~17% of equity — adding into a 1.7% daily pop with equities selling off hard (META/GOOGL -8%) risks concentrating the book right before an open that may drag crypto down, so I sit tight and keep dry powder."
2026-07-23T02:30:01Z,hold,none,approved,hold,,,,450.00,500.68,"Equities are closed and BTC is already a +1.37% winner at ~11% of equity, so there is no edge in adding to a single crypto position or selling a thesis that is still working."
2026-07-23T03:00:00Z,hold,none,approved,hold,,,,450.00,500.74,"Equities are closed so BTC is the only tradable market, and it's already a +1.48% winner sized at ~11% of equity — adding at a two-day high with no second market to diversify into is chasing, not edge."
2026-07-23T03:30:01Z,hold,none,approved,hold,,,,450.00,500.61,"Equities are closed so BTC is the only tradable market, and with the position already +1.21% and equities showing broad risk-off (GOOGL -7.8%, META -8%), adding crypto exposure into a likely risk-off open is not worth it."
2026-07-23T04:00:00Z,hold,none,approved,hold,,,,450.00,500.62,"Equities are closed so BTC is the only tradable market, and adding to an already-profitable position sized at ~10% of equity offers no edge worth the concentration risk."
2026-07-23T04:30:00Z,hold,none,approved,hold,,,,450.00,500.65,"Equities are closed, and BTC is the only tradable market — it's already a +1.30% winner at ~11% of equity, and chasing a +1.5% intraday move with no new catalyst is exactly the trade-for-the-sake-of-trading I should skip."
2026-07-23T05:00:01Z,hold,none,approved,hold,,,,450.00,500.58,"Equities are closed so BTC is the only tradable market, and adding to an already-profitable position at the top of a +1.37% day offers poor risk/reward — waiting for the equity open where a broad sell-off may create better entries."
2026-07-23T05:30:00Z,hold,none,approved,hold,,,,450.00,500.67,"Equities are closed so BTC is the only tradable market, and chasing a +1.54% intraday move to add to an already-profitable position offers poor risk/reward — I'd rather hold cash for the equity open where GOOGL/META are down ~8%."
2026-07-23T06:00:00Z,hold,none,approved,hold,,,,450.00,500.65,"Equities are closed, and BTC is the only tradable market — it's up 1.50% intraday and my existing position is already green, so chasing higher adds risk without a fresh edge."
2026-07-23T06:30:00Z,hold,none,approved,hold,,,,450.00,500.69,"Equities are closed, and BTC is already up 1.59% intraday with my position sitting at +1.39% — chasing strength here on the only tradable market is a worse entry than waiting for the equity open."
2026-07-23T07:00:00Z,hold,none,approved,hold,,,,450.00,500.72,"Equities are closed so BTC is the only tradable market, and my existing position is already up 1.45% into an extended intraday move — adding here would be chasing strength with no edge."
2026-07-23T07:30:00Z,hold,none,approved,hold,,,,450.00,500.44,"Equities are closed so BTC is the only tradable market, and my position is already green at +0.89% on a day BTC is up 1.09% — adding here chases strength with no edge, and holding $450 cash keeps me ready for the equity gap-down opportunities (GOOGL -7.8%, META -8%) at the open."
2026-07-23T08:00:01Z,hold,none,approved,hold,,,,450.00,500.45,"Equities are closed so BTC is the only tradable market, my existing position is already up +0.89% with no fresh catalyst, and adding to crypto after a +1.09% intraday run would be chasing rather than entering on a thesis."
2026-07-23T09:00:01Z,hold,none,approved,hold,,,,450.00,500.60,"Equities are closed so BTC is the only tradable market; my position is already up 1.19% into a +1.39% day and adding here would be chasing strength with no edge, so I hold and wait for the equity open where GOOGL/META down ~8% may offer a real entry."
2026-07-23T09:30:00Z,hold,none,approved,hold,,,,450.00,500.67,"Equities are closed so BTC is the only tradable market, and with my position already up 1.33% on a +1.53% day I'd be adding at the high rather than at a level worth defending."
2026-07-23T10:00:00Z,hold,none,approved,hold,,,,450.00,500.61,"Equities are closed so BTC is the only tradable market, and with my position already up 1.21% and no fresh catalyst, adding here would just chase an intraday gain — I'd rather keep $450 cash ready for the equity gaps at the open."
2026-07-23T10:30:00Z,hold,none,approved,hold,,,,450.00,500.70,"Equities are closed so BTC is the only tradable market, my position is already up 1.4% with no new signal, and cash is better held for the equity gaps at the open."
2026-07-23T11:00:01Z,hold,none,approved,hold,,,,450.00,500.69,"Equities are closed so BTC is the only tradable market; my position is already up 1.37% with no new signal to add near the day's highs, and cash is better held for the equity selloff at the open."
2026-07-23T11:30:00Z,hold,none,approved,hold,,,,450.00,500.59,"Equities are closed so BTC is the only tradable market; my existing position is already up 1.18% with no fresh catalyst, and adding here after a +1.38% day would chase strength rather than buy a setup."
2026-07-23T12:30:01Z,hold,none,approved,hold,,,,450.00,500.44,"Equities are closed so BTC is the only tradable market; my BTC position is already up 0.88% with no fresh catalyst, and adding here after a +1.08% day would overweight a single crypto position, so I sit tight."
2026-07-23T13:00:00Z,hold,none,approved,hold,,,,450.00,500.24,"Equities are closed so BTC is the only tradable market; my BTC position is already up modestly with no fresh catalyst, and adding here after a +0.68% run would be chasing rather than taking a defined edge."
2026-07-23T14:00:00Z,hold,none,approved,hold,,,,450.00,500.01,"Broad equity tape is in a violent risk-off session (TSLA -16%, GOOGL -9%, META -8%, SPY -1.5%) so I want no new equity exposure into falling knives, and my BTC position is flat with no edge worth adding to."
2026-07-23T14:30:00Z,hold,none,approved,hold,,,,450.00,500.22,"Broad tape is in a violent risk-off day (TSLA -17%, GOOGL -10%, META -8.6%) with no sign of stabilization, so I keep 90% cash and let my small BTC position ride rather than catch a falling knife."
2026-07-23T15:00:01Z,hold,none,approved,hold,,,,450.00,500.03,"A -17% TSLA / -10% GOOGL broad risk-off tape is not where I catch a falling knife with 90% cash, and my small BTC position is barely moved, so I preserve dry powder and wait for the selling to stop before committing capital."
2026-07-23T16:30:00Z,hold,none,approved,hold,,,,450.00,499.95,"A broad -1.5% SPY session with TSLA -17% and GOOGL -9% is a knife-catching tape, my BTC position is flat and small, and holding cash into a violent risk-off day is the highest-expectancy move."
2026-07-23T17:00:00Z,hold,none,approved,hold,,,,450.00,499.90,"Broad tape is still deeply risk-off into the close (TSLA -17.7%, GOOGL -9.8%, META -8.9%, SPY -1.6%) with no reversal signal, and BTC is flat, so I keep my small BTC position and my cash dry rather than buying a falling knife."
2026-07-23T17:30:00Z,hold,none,approved,hold,,,,450.00,499.97,"Broad tape is in a violent risk-off session near the close (TSLA -17.7%, GOOGL -9.6%, META -8.8%, SPY -1.6%) and my only position is a small flat BTC stake, so preserving the $450 cash for a stabilized tape beats catching a falling knife."
2026-07-23T18:00:00Z,hold,none,approved,hold,,,,450.00,499.85,"Broad tape is still deeply risk-off into the close (TSLA -17.9%, GOOGL -9.8%, META -8.7%, AMZN -6.3%) with SPY -1.8% — no reason to catch a falling knife or add to BTC here, so I hold the small existing position and preserve cash."
2026-07-23T18:30:00Z,hold,none,approved,hold,,,,450.00,499.95,"Broad tape is still in a violent -5%-adjacent risk-off session (TSLA -17.9%, GOOGL -9.8%, META -8.8%, AMZN -6.4%) — I'm not deploying fresh cash to catch knives, and my tiny BTC position is flat, so I sit tight and preserve capital."
2026-07-23T19:00:01Z,hold,none,approved,hold,,,,450.00,500.00,"Broad tape is still deeply risk-off near the close (TSLA -17.8%, GOOGL -10.1%, META -8.8%, AMZN -6.5%, SPY -1.8%) — not a tape to add risk into, and my tiny BTC position is flat, so I sit tight."
2026-07-23T20:00:00Z,hold,none,approved,hold,,,,450.00,499.94,"Tape is still deeply risk-off into the close (TSLA -18.3%, GOOGL -10.3%, META -8.7%, SPY -1.6%) and my only exposure is a small BTC position that's holding flat, so I'd rather keep $450 cash dry for a stabilized entry than catch a falling knife on the last candle of a broad liquidation day."
2026-07-23T20:30:01Z,hold,none,approved,hold,,,,450.00,500.23,"Equities are shut for the cycle after a violent risk-off session (TSLA -18.3%, GOOGL -10.4%, META -8.8%), and my only live market is crypto where BTC is up just 0.66% with no edge worth adding to an already-open position, so I sit on $450 cash and wait for a tradable open."
2026-07-23T21:00:00Z,hold,none,approved,hold,,,,450.00,500.21,"Equities are closed for this cycle and the only tradable names are crypto into a broad risk-off tape, so I'm holding the small profitable BTC position and keeping $450 cash dry rather than adding risk against a market that just sold off hard."
2026-07-23T21:30:00Z,hold,none,approved,hold,,,,450.00,500.19,"Equities are closed this cycle, and adding crypto risk into an unresolved -2% broad-tape selloff with only $450 cash and a working BTC position is not worth the marginal edge — wait for the equity reopen and a confirmed reversal."
2026-07-23T22:00:00Z,hold,none,approved,hold,,,,450.00,500.23,"Equities are closed again this cycle, and the only tradable assets are BTC and ETH, which are drifting +0.5-0.7% with no confirmed trend after a violent -2% equity risk-off day — adding crypto exposure here is buying noise, so I keep the small BTC position and 90% cash intact until the market reopen"
2026-07-23T22:30:04Z,hold,none,approved,hold,,,,450.00,500.21,"Equities are untradable this cycle and BTC/ETH are drifting flat after a violent -2% equity risk-off day, so I'm holding the small BTC position and keeping $450 dry until stocks reopen and I can see whether the selloff follows through."
2026-07-23T23:00:00Z,hold,none,approved,hold,,,,450.00,500.24,"Equities remain untradable this cycle and BTC/ETH are flat-to-marginally-green after a violent equity risk-off day, so adding crypto exposure here is chasing noise rather than a thesis — hold the small BTC position and keep $450 dry for a tradable session."
2026-07-23T23:30:01Z,hold,none,approved,hold,,,,450.00,500.24,"Equities stay untradable this cycle and BTC/ETH are only marginally green after a brutal risk-off session, so I'm holding the small BTC position and keeping $450 dry until equity markets reopen and give a real entry."
2026-07-24T00:00:01Z,hold,none,approved,hold,,,,450.00,500.18,"Equities are still untradable this cycle and BTC/ETH are drifting flat after a broad risk-off session, so there is no edge worth paying the spread for — I keep the small BTC position and the $450 cash dry until equities reopen."
2026-07-24T00:30:01Z,hold,none,approved,hold,,,,450.00,500.01,"Equities are closed again this cycle, BTC is flat at breakeven on my existing position, and nothing in crypto offers an edge worth adding risk into an unresolved broad-market selloff."
2026-07-24T01:00:00Z,hold,none,approved,hold,,,,450.00,500.08,"Equities are closed again this cycle and BTC is essentially flat at +0.17% on my existing position with no fresh catalyst, so I sit tight rather than force a trade into a thin overnight tape."
2026-07-24T01:30:00Z,hold,none,approved,hold,,,,450.00,500.12,"Equities are closed again this cycle and BTC is flat at +0.24% on my existing position with no fresh catalyst, so I keep the small crypto exposure and hold $450 cash dry for Monday's open after today's broad equity washout."
2026-07-24T02:00:00Z,hold,none,approved,hold,,,,450.00,500.16,"Equities are closed again this cycle and BTC is roughly flat at +0.32% on my existing position with no crypto setup worth adding into a broad risk-off tape, so I sit tight and preserve the $450 cash buffer for tradable-hours opportunities."
2026-07-24T02:30:00Z,hold,none,approved,hold,,,,450.00,500.20,"Equities are closed again this cycle and BTC is flat at +0.40% on my existing position with no fresh catalyst, so I hold and preserve the $450 cash for the equity reopen after today's broad -1.6% to -18% selloff."
2026-07-24T03:00:00Z,hold,none,approved,hold,,,,450.00,500.19,"Equities remain closed this cycle and BTC is flat at +0.38% on my existing position with no fresh catalyst, so I keep the small crypto exposure and hold $450 cash for the equity gap-down setups when the market reopens."
2026-07-24T03:30:00Z,hold,none,approved,hold,,,,450.00,500.35,"Equities are closed again this cycle and BTC is flat at +0.70% on my only position with no fresh catalyst, so I hold and keep $450 dry for the reopen after today's broad equity selloff."
2026-07-24T04:00:01Z,hold,none,approved,hold,,,,450.00,500.45,"Equities are closed again this cycle and BTC is flat at +0.27% with my existing position modestly green at +0.91%, so there's no edge worth acting on — hold."
2026-07-24T04:30:00Z,hold,none,approved,hold,,,,450.00,500.42,"Equities are closed this cycle and my only position, BTC, is roughly flat at +0.20% today with a modest +0.84% unrealized gain — no thesis to add or trim, so I hold."
2026-07-24T05:00:00Z,hold,none,approved,hold,,,,450.00,500.35,"Equities are closed this cycle and my only position, BTC, is roughly flat at +0.69% with no fresh catalyst, so I hold and preserve cash."
2026-07-24T05:30:00Z,hold,none,approved,hold,,,,450.00,500.36,"Equities are closed this cycle, the broad tape is deeply risk-off, and my only position (BTC) is roughly flat at +0.72% — no edge worth deploying cash into, so I hold."
2026-07-24T06:00:00Z,hold,none,approved,hold,,,,450.00,500.35,"Equities are closed this cycle and my only position, BTC, is roughly flat at +0.69%, so there's no edge to act on."
2026-07-24T06:30:00Z,hold,none,approved,hold,,,,450.00,500.45,"Equities are closed this cycle, the broad tape is deeply risk-off (TSLA -18%, GOOGL -10%), and my only position BTC is essentially flat at +0.26% — no edge worth deploying cash into, so I hold."
2026-07-24T07:00:00Z,hold,none,approved,hold,,,,450.00,500.47,"Equities are closed this cycle, the broad tape is deeply risk-off (TSLA -18%, GOOGL -10%, META -9%), and my only position BTC is roughly flat at +0.30% — no edge to add crypto risk into a bleeding market, so I hold and preserve cash."
2026-07-24T07:30:00Z,hold,none,approved,hold,,,,450.00,500.60,"Equities are closed this cycle, the broad tape is deeply risk-off, and my only position BTC is roughly flat at +1.2% with no reason to add or trim."
2026-07-24T08:00:00Z,hold,none,approved,hold,,,,450.00,500.49,"Equities are closed this cycle and my only position, BTC, is marginally green at +0.98% with no fresh catalyst, so I'm holding through the risk-off tape and keeping cash dry."
2026-07-24T08:30:01Z,hold,none,approved,hold,,,,450.00,500.41,"Equities are closed this cycle, the broad tape is deeply risk-off (TSLA -18%, GOOGL -10%, META -9%), and my only position BTC is roughly flat at +0.82% — no reason to chase into a bleeding market."
2026-07-24T09:00:00Z,hold,none,approved,hold,,,,450.00,500.34,"Equities are closed this cycle, the broad tape is deeply risk-off, and my only position (BTC) is marginally green and flat on the day — no edge to add risk here."
2026-07-24T09:30:00Z,hold,none,approved,hold,,,,450.00,500.08,"Equities are closed this cycle, the broad tape is deeply risk-off, and my only position (BTC) is marginally green with no edge to add or trim, so I stand pat and preserve cash."
2026-07-24T10:00:00Z,hold,none,approved,hold,,,,450.00,500.20,"Equities are closed this cycle, the broad tape is deeply risk-off, and my only position (BTC) is marginally green and within size limits — no edge to add or trim, so I hold."
2026-07-24T10:30:01Z,hold,none,approved,hold,,,,450.00,500.10,"Equities are closed this cycle, the broad tape is deeply risk-off (TSLA -18%, GOOGL -10%, META -9%), and my only position BTC is marginally green with no edge to add crypto into a falling market — holding is the disciplined call."
2026-07-24T11:00:03Z,hold,none,approved,hold,,,,450.00,500.06,"Equities are closed this cycle, the tape is deeply risk-off (TSLA -18%, GOOGL -10%, META -9%), and my only position BTC is roughly flat — no edge in adding crypto risk into a broad selloff, so I sit tight."
2026-07-24T11:30:02Z,hold,none,approved,hold,,,,450.00,500.12,"Equities are closed this cycle, the broad tape is deeply risk-off, and my only position (BTC) is roughly flat at +0.25% with no reason to add into a risk-off day near a -5% halt threshold."
2026-07-24T12:00:02Z,hold,none,approved,hold,,,,450.00,500.15,"Equities are closed this cycle, the broad tape is deeply risk-off (TSLA -18%, GOOGL -10%, META -9%), and my only position (tiny BTC lot, +0.30%) doesn't warrant adding crypto exposure into a market-wide selloff — cash is the right posture."
2026-07-24T12:30:00Z,hold,none,approved,hold,,,,450.00,500.11,"Equities are closed this cycle, the broad tape is deeply risk-off, and my only tradable markets (BTC flat, ETH soft) offer no clear edge worth risking cash on."
2026-07-24T13:00:00Z,hold,none,approved,hold,,,,450.00,499.92,"Equities are closed this cycle so the risk-off tape (TSLA -18%, GOOGL -10%, META -9%) is untradable, and my only live instrument is a BTC position down 0.79% on the day with no edge to add here — holding cash and the tiny BTC position is the disciplined move."
2026-07-24T13:30:00Z,hold,none,approved,hold,,,,450.00,499.62,"Broad tape is deeply risk-off (TSLA -16%, GOOGL -8%, META -6%, AMZN -5%) with only NVDA green — this is a knife-catching environment, so I stay 90% cash and hold my one small BTC lot rather than add exposure into the selloff."
2026-07-24T14:00:00Z,hold,none,approved,hold,,,,450.00,499.41,"Equities are closed this cycle, the tape is deeply risk-off (TSLA -17%, GOOGL -7%, META -7%, AMZN -6%), and my only holding BTC is down on the day with no edge to add — preserving cash beats forcing a trade into falling knives."
2026-07-24T14:30:00Z,hold,none,approved,hold,,,,450.00,499.35,"Equities are closed this cycle and the tape is deeply risk-off (TSLA -17%, GOOGL -7%, META -6%, AMZN -6%); my only tradable asset BTC is bleeding (-1.93%) below my entry with no bounce signal, so I preserve cash and hold rather than catch a falling knife."
2026-07-24T15:00:00Z,hold,none,approved,hold,,,,450.00,499.18,"Risk-off tape with broad single-name selling and no equity fills available this cycle; my tiny BTC position isn't at a forced stop, so I preserve cash rather than add to a losing crypto book or chase a falling knife."
2026-07-24T15:30:00Z,hold,none,approved,hold,,,,450.00,499.31,"Tape is deeply risk-off (TSLA -18%, GOOGL -7%, META -6%, AMZN -5%) with crypto also bleeding, so I sit on cash and my small BTC bag rather than catch a falling knife or chase NVDA's lone green."
2026-07-24T16:00:00Z,hold,none,approved,hold,,,,450.00,499.31,"Tape is deeply risk-off (TSLA -18%, GOOGL -8%, META -6%, AMZN -6%, MSFT -3%) with only NVDA green; no clean long here and I won't add to my losing BTC amid a -2% crypto tape, so I stay put and preserve cash."
2026-07-24T16:30:00Z,hold,none,approved,hold,,,,450.00,499.31,"Broad tape stays deeply risk-off (TSLA -18%, GOOGL -8%, META -7%, AMZN -5%) with crypto also bleeding, so I'm holding cash and my small BTC position rather than catching a falling knife into weakness."
2026-07-24T17:00:00Z,hold,none,approved,hold,,,,450.00,499.31,"Tape is still broadly risk-off (TSLA -19%, GOOGL -8%, META -7%, AMZN -6%) with crypto weak; NVDA's lone +3.7% isn't worth chasing into a falling market, so I hold my small BTC position and keep cash dry."
2026-07-24T17:30:00Z,hold,none,approved,hold,,,,450.00,499.31,"Tape remains broadly risk-off (TSLA -19%, GOOGL -8%, META -7%, AMZN -6%) with crypto also bleeding, so I'm keeping the small BTC position and $450 cash dry rather than catching a falling knife into the close."
2026-07-24T18:00:00Z,hold,none,approved,hold,,,,450.00,499.31,"Broad-tape liquidation continues (TSLA -19%, GOOGL -8%, META -7%, AMZN -6%) with crypto confirming risk-off, so I keep the $450 cash dry and let the small BTC position ride rather than catching a falling knife."
2026-07-24T18:30:00Z,hold,none,approved,hold,,,,450.00,499.31,"Broad-tape liquidation is still in force (TSLA -19%, GOOGL -8%, META -7%, AMZN -6%) with BTC -2% and no sign of a bottom, so I'm not adding risk into a falling knife; the 3.4% BTC position is small enough to ride and cash stays dry until we see a green close or a stabilizing tape."
2026-07-24T19:00:03Z,hold,none,approved,hold,,,,450.00,499.54,"Broad-tape liquidation is still intact (TSLA -19%, GOOGL -8%, META -7%, AMZN -6%, MSFT -2%) with no reversal signal, and with only $450 cash and an existing BTC position already underwater, adding risk into a falling knife is worse than waiting for a stabilizing close."
2026-07-24T19:30:00Z,hold,none,approved,hold,,,,450.00,499.48,"Broad-tape liquidation is still running (TSLA -19%, GOOGL -8%, META -7%, AMZN -6%) with crypto bleeding alongside it, so with only $450 cash and an underwater BTC position I add nothing until a real stabilization candle shows up."
2026-07-24T20:00:00Z,hold,none,approved,hold,,,,450.00,499.50,"Broad-tape liquidation is still in force (TSLA -18%, META -8%, GOOGL -8%, AMZN -6%, MSFT -3%) with only NVDA green, so there is no confirmed bottom to buy and the lone BTC position is small enough (-1% on ~11% of equity) to ride without adding risk."
2026-07-24T20:30:00Z,hold,none,approved,hold,,,,450.00,499.50,"Equities are shut for the cycle so the only actionable market is crypto, and BTC/ETH are still bleeding (-1.6%/-2.2%) in sympathy with a broad risk-off equity tape, so adding to a losing BTC position or opening ETH into that downtrend is chasing a falling knife with no confirmed base."
2026-07-24T21:00:00Z,hold,none,approved,hold,,,,450.00,499.45,"Equities are untradable this cycle and BTC is still bleeding (-1.73% today, position -1.10% underwater) with no sign of a base, so I add nothing and keep $450 dry until crypto stops making lower lows or equities reopen with a real reversal."
2026-07-24T21:30:00Z,hold,none,approved,hold,,,,450.00,499.44,"Equities are closed and untradable this cycle, and BTC is still trending down (-1.74% today, position -1.12%) with no reversal signal, so adding here just averages down into a falling tape — hold the small position and keep $450 dry for a confirmed base or the equity reopen."
2026-07-24T22:00:00Z,hold,none,approved,hold,,,,450.00,499.44,"Equities are untradable this cycle and BTC is still in a downtrend (-1.75% today, position -1.13%), so adding to a losing crypto position into a broad risk-off tape offers no edge — hold cash and wait for the equity open."
2026-07-24T22:30:00Z,hold,none,approved,hold,,,,450.00,499.45,"Equities are closed and untradable this cycle, and BTC remains in a steady downtrend (-1.72% today) with my position already -1.10% underwater, so adding here would just average into weakness while a broad risk-off tape is still unresolved."
2026-07-24T23:00:00Z,hold,none,approved,hold,,,,450.00,499.45,"Equities are untradable this cycle and BTC is still grinding lower (-1.73% today, position -1.11%) with no reversal signal, so adding to a losing crypto position into a broad risk-off tape is worse than sitting on $450 cash and waiting for the equity open."
2026-07-24T23:30:00Z,hold,none,approved,hold,,,,450.00,499.45,"Equities are untradable this cycle and BTC is still in a controlled downtrend (-1.71% today, position -1.09%) with no reversal signal, so adding here would just be averaging into weakness — hold the small position and keep $450 cash dry for the equity open."
2026-07-25T00:00:00Z,hold,none,approved,hold,,,,450.00,499.43,"Equities are untradable with the market closed, and BTC is down 3.64% today with the whole risk complex selling off hard — adding to a losing crypto position into that is not the trade, so I keep the 90% cash and wait for a base."
2026-07-25T00:30:01Z,hold,none,approved,hold,,,,450.00,499.44,"Equities are closed and untradable, and BTC is down 3.62% on the day while my existing position is already underwater — adding into a fresh leg down is worse odds than waiting for a base to form."
2026-07-25T01:00:00Z,hold,none,approved,hold,,,,450.00,499.37,"Equities are closed and untradable this cycle, and BTC is down 3.75% today with my existing position already 1.25% underwater — I'm not averaging down into an unbroken downtrend."
2026-07-25T01:30:03Z,hold,none,approved,hold,,,,450.00,499.36,"Equities are closed and untradable, and BTC is down 3.79% today in a persistent downtrend, so adding to my losing crypto position would be catching a falling knife — I wait for either the equity open or a confirmed BTC base."
2026-07-25T02:00:00Z,hold,none,approved,hold,,,,450.00,499.37,"Equities are closed and untradable this cycle, and BTC is down 3.76% on the day in an unbroken downtrend — I'm not averaging down into a falling position with no reversal signal, and $450 cash stays dry until equities reopen or crypto shows a real base."
2026-07-25T02:30:00Z,hold,none,approved,hold,,,,450.00,499.37,"Equities are closed and untradable this cycle, and BTC is still bleeding (-3.77% today) with my position already -1.27% underwater — I'm not adding to a falling knife or panic-selling a small, non-threatening position."
2026-07-25T03:00:00Z,hold,none,approved,hold,,,,450.00,499.35,"Equities are closed and untradable this cycle, and BTC is down 3.80% in an unbroken downtrend where my existing 0.000771 BTC position is already -1.29% underwater, so adding here is catching a falling knife with no edge."
2026-07-25T03:30:00Z,hold,none,approved,hold,,,,450.00,499.38,"Equities are closed and untradable this cycle, and BTC remains in an unbroken downtrend (-3.75% today, my position -1.24%) with no reversal signal, so adding to a falling knife or panic-selling a small starter position both look worse than sitting on $450 cash until equities reopen."
2026-07-25T04:00:00Z,hold,none,approved,hold,,,,450.00,499.38,"Equities are closed and untradable this cycle, and BTC is still in an unbroken intraday downtrend (-3.73%) with my existing lot already underwater, so I add nothing until either a real crypto reversal or the equity open gives me tradable setups."
2026-07-25T04:30:00Z,hold,none,approved,hold,,,,450.00,499.40,"Equities are untradable this cycle and BTC is still selling off 3.7% intraday with no reversal signal, so I keep the small existing position and hold the $450 cash for a real setup."
2026-07-25T05:00:00Z,hold,none,approved,hold,,,,450.00,499.46,"Equities are untradable this cycle and BTC is still in a clean downtrend (-3.59% on the day, no reclaim of the avg cost), so I'm not adding to a losing position or forcing a trade into falling knives."
2026-07-25T05:30:01Z,hold,none,approved,hold,,,,450.00,499.44,"Equities are untradable this cycle and BTC is still in an unbroken intraday downtrend (-3.63%) with no reversal signal, so I keep the small existing position and my $450 cash dry rather than averaging into a falling knife."
2026-07-25T06:00:00Z,hold,none,approved,hold,,,,450.00,499.34,"Equities are untradable this cycle and BTC is still bleeding 3.8% intraday with no reversal signal, so I'm not adding to a losing position or catching a knife."
2026-07-25T06:30:01Z,hold,none,approved,hold,,,,450.00,499.33,"Equities are untradable this cycle and BTC is still in an unbroken 3.85% intraday downtrend below my average, so I hold the small existing position and add nothing into falling knives."
2026-07-25T07:00:00Z,hold,none,approved,hold,,,,450.00,499.33,"Equities are untradable this cycle and BTC remains in an unbroken 3.8% intraday downtrend with no basing action, so adding to a losing position now is chasing a falling knife."
2026-07-25T07:30:00Z,hold,none,approved,hold,,,,450.00,499.33,"Equities are untradable this cycle and BTC is still in an unbroken 3.8% intraday downtrend with no reversal signal, so adding to a losing position would be catching a falling knife."
2026-07-25T08:00:01Z,hold,none,approved,hold,,,,450.00,499.32,"Equities are untradable this cycle and BTC is still in an unbroken 3.9% intraday downtrend with no reversal signal, so I hold the small existing position rather than average down into weakness."
2026-07-25T08:30:00Z,hold,none,approved,hold,,,,450.00,499.32,"Equities are untradable this cycle and BTC is still in an unbroken 3.9% intraday downtrend with no reversal signal, so I hold the small existing position rather than average down into falling knives."
2026-07-25T09:00:00Z,hold,none,approved,hold,,,,450.00,499.23,"Equities are untradable this cycle and BTC is still in an unbroken 4% intraday downtrend with no reversal signal, so adding to a losing position or catching a falling knife is worse than waiting for a base to form."
2026-07-25T09:30:01Z,hold,none,approved,hold,,,,450.00,499.27,"Equities are untradable this cycle and BTC remains in an unbroken 4% intraday downtrend with my existing lot already 1.5% underwater, so adding here is catching a falling knife and my cash stays dry until a base forms."
2026-07-25T10:00:03Z,hold,none,approved,hold,,,,450.00,499.33,"Equities are untradable this cycle and BTC is still in an unbroken 3.9% intraday downtrend with no reversal signal, so adding to a losing position or forcing a trade would be undisciplined."
2026-07-25T10:30:01Z,hold,none,approved,hold,,,,450.00,499.34,"Equities are untradable this cycle and BTC is still down 3.8% intraday with no reversal signal, so adding to an already-losing position or forcing an entry would be trading for the sake of trading."
2026-07-25T11:00:00Z,hold,none,approved,hold,,,,450.00,499.37,"Equities are untradable this cycle and BTC is still in an unbroken ~3.8% intraday downtrend with no reversal signal, so adding to a losing crypto position on a red day is not worth the risk."
2026-07-25T11:30:00Z,hold,none,approved,hold,,,,450.00,499.39,"Equities are untradable this cycle, BTC is still in an unbroken ~3.7% intraday downtrend with no reversal signal, and my existing BTC position is already underwater — adding here is catching a falling knife."
2026-07-25T12:00:00Z,hold,none,approved,hold,,,,450.00,499.37,"Equities are untradable this cycle and BTC is still down ~3.8% intraday with no sign of a base, so I'm not adding to a losing position or catching a falling knife."
2026-07-25T12:30:00Z,hold,none,approved,hold,,,,450.00,499.36,"Equities are untradable this cycle and BTC is still down ~3.8% intraday with no reversal signal, so adding to an already-losing crypto position would be chasing a falling knife."
2026-07-25T13:00:00Z,hold,none,approved,hold,,,,450.00,499.41,"Equities are untradable this cycle and BTC remains in an unbroken ~3.7% intraday downtrend with no reversal signal, so I hold the small existing position rather than average down into falling knives."
2026-07-25T13:30:01Z,hold,none,approved,hold,,,,450.00,499.42,"Equities are untradable this cycle and BTC is still down ~3.7% intraday with no sign of a base, so adding to an already-underwater crypto position into a falling knife isn't worth it — wait for stabilization or the equity open."
2026-07-25T14:00:00Z,hold,none,approved,hold,,,,450.00,499.45,"Equities are untradable this cycle and BTC is still down ~3.6% intraday with no reversal signal, so I keep the small existing position and hold $450 cash for a better entry."
2026-07-25T14:30:01Z,hold,none,approved,hold,,,,450.00,499.45,"Equities are untradable this cycle and BTC is still bleeding ~3.6% intraday with no reversal signal, so I hold my small underwater BTC lot and keep $450 cash dry for a confirmed bounce or the equity open."
2026-07-25T15:00:00Z,hold,none,approved,hold,,,,450.00,499.48,"Equities are untradable this cycle and BTC is still down ~3.5% intraday with no sign of a base, so I'm not averaging down into an unbroken downtrend with 90% of the account in cash and no forced action."
2026-07-25T15:30:00Z,hold,none,approved,hold,,,,450.00,499.48,"Equities are untradable this cycle and BTC is still down ~3.5% intraday with no sign of a bottom, so adding to an already-losing crypto position on a broad risk-off day is the wrong trade — wait for stabilization or the equity open."
2026-07-25T16:00:00Z,hold,none,approved,hold,,,,450.00,499.47,"Equities are untradable with the market closed, and BTC is still bleeding ~3.6% intraday with no sign of a reversal, so adding to an already-underwater position would be catching a falling knife."
2026-07-25T16:30:03Z,hold,none,approved,hold,,,,450.00,499.43,"Equities are closed and untradable, and BTC is still in a -3.6% intraday downtrend with no reversal signal, so I'm not adding to an already-losing crypto position just to be active."
2026-07-25T17:00:00Z,hold,none,approved,hold,,,,450.00,499.48,"Equities are closed and untradable, and BTC remains in a -3.5% intraday downtrend with no reversal signal, so adding to a losing position or catching a falling knife with $450 of dry powder is worse than waiting for stabilization or the equity open."
2026-07-25T17:30:01Z,hold,none,approved,hold,,,,450.00,499.53,"Equities are closed and untradable, and BTC is still down ~3.5% intraday with no sign of a base — adding to a losing position mid-downtrend is the wrong trade, and the existing 10% BTC stake is small enough to sit through."
2026-07-25T18:00:00Z,hold,none,approved,hold,,,,450.00,499.53,"Equities are closed and untradable, and BTC is still down ~3.5% intraday with no sign of a base, so adding to a losing crypto position mid-downtrend isn't worth the risk."
2026-07-25T18:30:00Z,hold,none,approved,hold,,,,450.00,499.64,"Equities are closed and untradable, and BTC is still down ~3.2% intraday with no reversal signal — holding the small existing position and cash rather than adding into a falling knife."
2026-07-25T19:00:00Z,hold,none,approved,hold,,,,450.00,499.64,"Equities are closed and untradable, and BTC is still in a -3.2% intraday downtrend with no reversal signal, so I keep the small existing position and wait rather than average down into weakness."
2026-07-25T19:30:00Z,hold,none,approved,hold,,,,450.00,499.63,"Equities are closed and untradable this cycle, and BTC is still in a -3.25% intraday downtrend with no reversal signal, so I'm not adding to an already-underwater crypto position."
2026-07-25T20:00:00Z,hold,none,approved,hold,,,,450.00,499.62,"Equities are untradable with the market closed, and BTC is still down ~3.3% intraday with no reversal signal — adding to a losing crypto position mid-downtrend is not a thesis I'd say out loud."
2026-07-25T20:30:00Z,hold,none,approved,hold,,,,450.00,499.60,"Equities are closed and untradable this cycle, and BTC is still bleeding -3.3% intraday with no reversal signal, so adding to a losing crypto position mid-downtrend has no edge — hold the small existing BTC stake and keep cash dry for the equity open."
2026-07-25T21:00:00Z,hold,none,approved,hold,,,,450.00,499.58,"Equities are untradable with the market closed, and BTC is still in a -3.35% intraday downtrend with no reversal signal, so I'm not adding to an already-underwater crypto position or catching a falling knife."
2026-07-25T21:30:01Z,hold,none,approved,hold,,,,450.00,499.55,"Equities are closed and untradable this cycle, and BTC is still sliding (-3.4% intraday, worse than last cycle) with no sign of a base, so adding to a losing crypto position into a downtrend has no edge — hold cash and wait for either a real reversal or the equity open."
2026-07-25T22:00:00Z,hold,none,approved,hold,,,,450.00,499.59,"Equities are closed and untradable this cycle, and BTC remains in a -3.3% intraday downtrend with no reversal signal, so adding to a losing position now is chasing a falling knife."
2026-07-25T22:30:01Z,hold,none,approved,hold,,,,450.00,499.63,"Equities are untradable with the market closed, and BTC is still trending down -3.3% intraday with my position underwater 0.74% — no reason to add to a falling knife or panic out of a small, well-sized position."
2026-07-25T23:00:00Z,hold,none,approved,hold,,,,450.00,499.64,"Equities are untradable with the market closed, and BTC remains in a -3.2% intraday downtrend with my existing position already underwater, so I'm not averaging into a falling knife with limited cash."
2026-07-25T23:30:00Z,hold,none,approved,hold,,,,450.00,499.63,"Equities are closed and untradable this cycle, and BTC is still in a -3.25% downtrend with no reversal signal, so I'm holding my small existing position rather than averaging into a falling knife."
2026-07-26T00:00:04Z,hold,none,approved,hold,,,,450.00,499.60,"Equities are closed and untradable this cycle, and BTC is still in a -2.7% downtrend with no reversal signal, so adding to a losing position here would be catching a falling knife."
2026-07-26T00:30:00Z,hold,none,approved,hold,,,,450.00,499.68,"Equities are closed and untradable, and BTC is still in a -2.6% downtrend with my existing lot underwater — no reason to add to a falling position or force a trade with only $450 of dry powder."
2026-07-26T01:00:00Z,hold,none,approved,hold,,,,450.00,499.71,"Equities are untradable with the market closed, and BTC is still bleeding -2.5% on the day with no reversal signal, so I hold my small existing position and keep cash dry rather than averaging into a downtrend."
2026-07-26T01:30:01Z,hold,none,approved,hold,,,,450.00,499.69,"Equities are closed and untradable this cycle, and BTC remains in a -2.5% downtrend with no reversal signal, so adding to a losing position would be catching a falling knife."
2026-07-26T02:00:00Z,hold,none,approved,hold,,,,450.00,499.68,"Equities are closed and untradable this cycle, and BTC is still trending down -2.6% on the day while my existing position sits underwater, so adding here would be catching a falling knife with no edge."
2026-07-26T02:30:01Z,hold,none,approved,hold,,,,450.00,499.69,"Equities are closed and untradable this cycle, and BTC is still falling (-2.5% today, my position -0.62% underwater) with no reversal signal, so I'm keeping the $450 cash dry rather than adding to a knife."
2026-07-26T03:00:00Z,hold,none,approved,hold,,,,450.00,499.73,"Equities are closed and untradable this cycle, and BTC is still in an intact -2.5% downtrend just below my entry with no reversal signal, so adding to a losing position here is chasing rather than buying strength."
2026-07-26T03:30:00Z,hold,none,approved,hold,,,,450.00,499.75,"Equities remain untradable with the market closed, and BTC is still in an unbroken -2.4% downtrend with no reversal signal, so adding to an already red 0.000771 BTC position would just be catching a falling knife."
2026-07-26T04:00:00Z,hold,none,approved,hold,,,,450.00,499.75,"Equities are untradable with the market closed, and BTC remains in an intact -2.4% downtrend with no reversal signal, so I'm holding the small existing position rather than averaging into weakness."
2026-07-26T04:30:00Z,hold,none,approved,hold,,,,450.00,499.75,"Equities are untradable with the market closed, and BTC is still in an unbroken -2.4% downtrend with no reversal signal, so adding to a losing crypto position would just be trading for the sake of trading."
2026-07-26T05:00:01Z,hold,none,approved,hold,,,,450.00,499.73,"Equities are closed and untradable, and BTC is still riding a clean -2.5% downtrend with no reversal signal, so adding to the losing crypto position or forcing a new entry has no edge this cycle."
2026-07-26T05:30:00Z,hold,none,approved,hold,,,,450.00,499.70,"Equities are closed and untradable, and BTC is still in an intact -2.5% downtrend with no reversal signal, so adding to a losing position here would be catching a falling knife."
2026-07-26T06:00:00Z,hold,none,approved,hold,,,,450.00,499.64,"Equities are closed and untradable this cycle, and BTC is still selling off -2.64% with no reclaim of the prior range, so adding to an already-underwater position would just be averaging into an intact downtrend."
2026-07-26T06:30:00Z,hold,none,approved,hold,,,,450.00,499.55,"Equities are untradable with the market closed, and BTC is still trending down -2.8% with no reversal signal, so adding to an already-underwater crypto position would be catching a falling knife."
2026-07-26T07:00:00Z,hold,none,approved,hold,,,,450.00,499.66,"Equities are closed and untradable this cycle, and BTC is still in an intact -2.6% downtrend with no reversal signal, so adding to a losing position or forcing a trade would be undisciplined."
2026-07-26T07:30:00Z,hold,none,approved,hold,,,,450.00,499.60,"Equities are closed and untradable this cycle, and BTC remains in an intact -2.7% downtrend with no reversal signal, so adding to an already-losing crypto position would be catching a falling knife."
2026-07-26T08:00:00Z,hold,none,approved,hold,,,,450.00,499.61,"Equities are closed and untradable this cycle, and BTC is still in an intact -2.7% downtrend, so adding to an already-losing crypto position ahead of any stabilization is not worth the risk."
2026-07-26T08:30:00Z,hold,none,approved,hold,,,,450.00,499.63,"Equities are closed and untradable this cycle, and BTC is still bleeding -2.7% with no reversal signal, so I hold my small existing BTC position and keep the $450 cash dry for the equity open."
2026-07-26T09:00:00Z,hold,none,approved,hold,,,,450.00,499.69,"Equities are closed and untradable, and BTC is still in a broad -2.5% downtrend with no reversal signal, so I hold the small existing position and preserve cash for the equity open."
2026-07-26T09:30:01Z,hold,none,approved,hold,,,,450.00,499.74,"Equities are closed and untradable this cycle, and BTC is mid -2.5% downtrend with my existing position already underwater, so I'm not adding into weakness or forcing a trade."
2026-07-26T10:00:00Z,hold,none,approved,hold,,,,450.00,499.74,"Equities are closed and untradable this cycle, and BTC is still mid -2.5% downtrend with my existing position already underwater, so adding into weakness or selling at a small loss both beat waiting less than doing nothing."
2026-07-26T10:30:00Z,hold,none,approved,hold,,,,450.00,499.72,"Equities are untradable with the market closed, and BTC is still trending down -2.5% on the day with no reversal signal, so adding to a losing position now would be catching a falling knife."
2026-07-26T11:00:00Z,hold,none,approved,hold,,,,450.00,499.72,"Equities are closed and untradable this cycle, and BTC is still mid-downtrend at -2.5% with no reversal signal, so adding to an already-losing 0.57% position would be chasing a falling knife with 10% of equity."
2026-07-26T11:30:00Z,hold,none,approved,hold,,,,450.00,499.71,"Equities are closed and untradable this cycle, and BTC is mid -2.5% downtrend with no reversal signal, so I hold my small existing BTC position and keep cash dry for a real setup."
2026-07-26T12:00:01Z,hold,none,approved,hold,,,,450.00,499.72,"Equities are closed and untradable this cycle, and BTC is still mid -2.5% downtrend with my existing position underwater, so I'm not adding to a falling knife."
2026-07-26T12:30:02Z,hold,none,approved,hold,,,,450.00,499.77,"Equities are untradable with the market closed, and BTC is still bleeding -2.39% with no reversal signal, so I'm not adding to an already-underwater crypto position."
2026-07-26T13:00:01Z,hold,none,approved,hold,,,,450.00,499.68,"Equities are untradable with the market closed, and BTC is still in a -2.5% intraday downtrend with no reversal signal, so adding to an already-underwater crypto position would be catching a falling knife."
2026-07-26T13:30:00Z,hold,none,approved,hold,,,,450.00,499.69,"Equities are closed and untradable this cycle, and BTC is still in an unfinished -2.56% downtrend below my average cost, so adding here just averages down into weakness with no edge."
2026-07-26T14:00:00Z,hold,none,approved,hold,,,,450.00,499.73,"Equities are untradable with the market closed, and BTC is still red on the day with my existing lot underwater — no reason to average down mid-downtrend or add risk with $450 cash idle and safe."
2026-07-26T14:30:00Z,hold,none,approved,hold,,,,450.00,499.81,"Equities are untradable with the market closed, and BTC is still red -2.31% on the day with no reversal signal — adding to a losing position mid-downtrend is not a thesis, so I hold my 0.000771 BTC and $450 cash for a better entry."
2026-07-26T15:00:00Z,hold,none,approved,hold,,,,450.00,499.88,"Equities are untradable with the market closed, and BTC is still trending down -2.18% on the day with my small position only -0.25% underwater, so there is no edge in adding to a falling knife or panic-selling a position sized to survive it."
2026-07-26T15:30:03Z,hold,none,approved,hold,,,,450.00,499.91,"Equities are untradable with the market closed, and BTC remains in a -2.1% downtrend with no reversal signal, so adding to an already-red position would be chasing a falling knife."
2026-07-26T16:00:00Z,hold,none,approved,hold,,,,450.00,499.92,"Equities are closed and untradable this cycle, and BTC is still in a -2.10% downtrend with my existing position underwater, so I'm not adding into weakness or forcing a trade."
2026-07-26T16:30:00Z,hold,none,approved,hold,,,,450.00,499.94,"Equities are closed and untradable, and BTC is still bleeding -2.05% on the day with no reversal signal — adding to an already-underwater position on a downtrend is chasing, so I sit on $450 cash and wait for either a confirmed BTC base or the equity open."
2026-07-26T17:00:00Z,hold,none,approved,hold,,,,450.00,499.89,"Equities are closed and untradable this cycle, and BTC is still down -2.16% with no reversal signal, so adding to a losing position would just be trading for the sake of trading."
2026-07-26T17:30:00Z,hold,none,approved,hold,,,,450.00,499.88,"Equities are closed and untradable this cycle, and BTC is still in a -2.18% downtrend with my existing position underwater, so adding here would be catching a falling knife with no edge."
2026-07-26T18:00:00Z,hold,none,approved,hold,,,,450.00,499.85,"Equities are untradable with the market closed, and BTC is still in a -2.2% downtrend with no reversal signal, so I'm holding my small existing position rather than averaging into weakness."
2026-07-26T18:30:00Z,hold,none,approved,hold,,,,450.00,499.86,"Equities are closed and untradable this cycle, and BTC is still trending down -2.22% on the day with no reversal signal, so I hold my small existing position rather than average down into weakness."
2026-07-26T19:00:01Z,hold,none,approved,hold,,,,450.00,499.90,"Equities are closed and untradable this cycle, and BTC is still down -2.14% with no reversal signal, so I'm holding the small existing position rather than averaging into a falling market."
2026-07-26T19:30:00Z,hold,none,approved,hold,,,,450.00,499.88,"Equities are closed and untradable this cycle, and BTC is still in a -2.17% downtrend with my existing lot underwater — no reason to average down into falling momentum."
2026-07-26T20:00:00Z,hold,none,approved,hold,,,,450.00,499.87,"Equities are untradable with the market closed, and BTC is still bleeding -2.2% on the day with my existing lot underwater, so I'm not adding to a falling position or forcing a trade with $450 idle cash."
2026-07-26T20:30:00Z,hold,none,approved,hold,,,,450.00,499.83,"Equities are closed and untradable, and BTC is mid-downtrend at -2.28% with my existing lot already underwater, so adding here is catching a falling knife with no edge."
2026-07-26T21:00:00Z,hold,none,approved,hold,,,,450.00,499.83,"Equities are closed and untradable this cycle, and BTC is still in a -2.28% downtrend with my existing position underwater — no reason to average down into falling knives with $450 of dry powder better spent on a confirmed reversal or Monday's open."
2026-07-26T21:30:01Z,hold,none,approved,hold,,,,450.00,499.95,"Equities are closed and untradable this cycle, and BTC is still in a -2% downtrend with no reversal signal — adding to a losing position mid-slide isn't a thesis, so I hold my small stake and wait for either a base or the equity open."
2026-07-26T22:00:00Z,hold,none,approved,hold,,,,450.00,499.98,"Equities are closed and untradable this cycle, and BTC is in a -2% intraday downtrend with my existing position roughly flat — no reason to add into weakness or exit a position that hasn't broken thesis."
2026-07-26T22:30:00Z,hold,none,approved,hold,,,,450.00,500.25,"Equities are closed and untradable this cycle, and BTC is still down -1.45% intraday with no reversal signal, so I'm holding my small 0.5%-green position rather than adding into a downtrend."
2026-07-26T23:00:00Z,hold,none,approved,hold,,,,450.00,500.41,"Equities are untradable with the market closed, and BTC is still down -1.14% intraday with no reversal signal, so I hold my small existing position rather than add into weakness."
2026-07-26T23:30:00Z,hold,none,approved,hold,,,,450.00,500.35,"Equities are closed and untradable this cycle, and BTC is still red on the day at -1.25% with no reversal signal, so I keep my small existing crypto position and my $450 dry powder for a real setup."
2026-07-27T00:00:00Z,hold,none,approved,hold,,,,450.00,500.41,"Equities are closed and untradable this cycle; BTC is only +0.47% with my position barely green, and ETH's +4.06% pop is a chase entry I don't want at this size, so I sit."
2026-07-27T00:30:01Z,hold,none,approved,hold,,,,450.00,500.24,"Equities are untradable with the market closed, and BTC is barely positive at +0.13% with my position only +0.48% — no edge worth adding or trimming, so I keep the small crypto exposure and $450 dry powder for Monday's open where TSLA -17.8%, META -7.9%, and GOOGL -7.8% may set up real entries."
2026-07-27T01:00:00Z,hold,none,approved,hold,,,,450.00,500.19,"Equities are untradable with the market closed, and BTC is flat at +0.04% with my position only +0.39% — no edge worth committing cash to this cycle."
2026-07-27T01:30:00Z,hold,none,approved,hold,,,,450.00,500.10,"Equities are closed and untradable this cycle, and BTC is flat at -0.14% with my position only +0.21% — no edge worth adding risk to a $500 account overnight."
2026-07-27T02:00:03Z,hold,none,approved,hold,,,,450.00,500.25,"Equities are closed and untradable this cycle, and BTC at +0.15% with my position +0.50% gives no edge worth adding to or exiting on."
2026-07-27T02:30:00Z,hold,none,approved,hold,,,,450.00,500.23,"Equities are untradable with the market closed, and BTC at +0.47% on a small existing position gives no edge worth adding or trimming this cycle."
2026-07-27T03:00:00Z,hold,none,approved,hold,,,,450.00,500.23,"Equities are closed and untradable this cycle, and BTC at +0.11% offers no edge on my existing small position, so I hold and wait for the open."
2026-07-27T03:30:00Z,hold,none,approved,hold,,,,450.00,500.34,"Equities are closed and untradable this cycle, and BTC at +0.32% with my position only +0.67% gives no edge worth adding to or exiting on."
2026-07-27T04:00:00Z,hold,none,approved,hold,,,,450.00,500.31,"Equities are closed and untradable this cycle, and BTC at +0.28% with my position up 0.63% gives no reason to add or trim on a $500 account."
2026-07-27T04:30:00Z,hold,none,approved,hold,,,,450.00,500.34,"Equities are closed and untradable this cycle, and BTC at +0.33% on a small existing position offers no fresh edge worth adding to."
2026-07-27T05:00:00Z,hold,none,approved,hold,,,,450.00,500.32,"Equities are closed and untradable this cycle, and BTC at +0.28% with my existing 0.000771 position already +0.63% offers no fresh edge worth adding to."
2026-07-27T05:30:00Z,hold,none,approved,hold,,,,450.00,500.42,"Equities are closed and untradable this cycle, and BTC at +0.49% on my small existing position gives no fresh edge worth adding on."
2026-07-27T06:00:00Z,hold,none,approved,hold,,,,450.00,500.45,"Equities are closed and untradable this cycle, and my BTC position is already up 0.90% with no fresh catalyst — ETH's +4.61% pop is a chase entry I'd rather not pay up for."
2026-07-27T06:30:00Z,hold,none,approved,hold,,,,450.00,500.48,"Equities are untradable with the market closed, and my BTC position is already up ~1% on a modest +0.60% day — ETH's +4.66% pop is a chase entry I won't pay up for, so I sit tight."
2026-07-27T07:00:00Z,hold,none,approved,hold,,,,450.00,500.41,"Equities are closed and untradable, my BTC position is already up 0.82% on a modest +0.47% day with no fresh catalyst, and ETH's +4.78% pop is a chase entry I'd rather skip than buy extended."
2026-07-27T07:30:00Z,hold,none,approved,hold,,,,450.00,500.40,"Equities are untradable with the market closed, and BTC is drifting +0.46% with no new signal — ETH's +4.83% is a chase-the-gap setup I'd rather not open at the top of the move."
2026-07-27T08:00:01Z,hold,none,approved,hold,,,,450.00,500.27,"Equities are untradable with the market closed, and my BTC position is up 0.55% on a thin +0.20% day with no fresh catalyst — adding here or trimming a $50 position both cost more in edge than they gain."
2026-07-27T08:30:02Z,hold,none,approved,hold,,,,450.00,500.28,"Equities are closed and untradable this cycle, and my BTC position is up 0.56% on a drifting +0.21% tape with no fresh catalyst — ETH's +4.78% move is already extended and chasing it with the last of my cash offers poor entry odds, so I keep the powder dry for the equity open."
2026-07-27T09:00:00Z,hold,none,approved,hold,,,,450.00,500.23,"Equities are untradable with the market closed, and BTC is only +0.11% on the day with my position already +0.45% — no edge worth adding crypto exposure at 10% of equity into a flat tape."
2026-07-27T09:30:00Z,hold,none,approved,hold,,,,450.00,500.27,"Equities are untradable with the market closed, and BTC is only +0.18% on the day with my position up 0.53% — no edge worth adding size or exiting into, so I sit tight."
2026-07-27T10:00:00Z,hold,none,approved,hold,,,,450.00,500.28,"Equities are closed and untradable this cycle, BTC is drifting +0.22% with my position only +0.57% and no fresh catalyst, and ETH's +4.59% pop is a chase entry I'd rather skip than buy extended after the move."
2026-07-27T10:30:00Z,hold,none,approved,hold,,,,450.00,500.38,"Equities are closed and untradable this cycle, my BTC position is up 0.77% with no reason to trim a winner drifting quietly, and ETH's +4.73% pop is a chase entry I won't pay up for — cash stays dry for the equity open where TSLA -17.8%, META -7.9%, and GOOGL -7.8% may set up real levels."
2026-07-27T11:00:00Z,hold,none,approved,hold,,,,450.00,500.35,"Equities are closed and untradable this cycle, my BTC position is barely +0.71% with no fresh catalyst, and ETH's +4.71% pop is a chase entry I'd rather skip than buy extended."
2026-07-27T12:00:00Z,hold,none,approved,hold,,,,450.00,500.17,"Equities are closed and untradable this cycle, BTC is flat at -0.01% with my position up a marginal 0.34%, and ETH's +4.33% move is already extended with no edge left to chase on a $450 cash base."
2026-07-27T12:30:00Z,hold,none,approved,hold,,,,450.00,500.10,"Equities are closed and untradable this cycle, BTC is flat at -0.14% with my position only +0.21%, and ETH's +3.70% pop is a chase entry I'd rather not pay up for with $450 of dry powder better saved for the equity open."
2026-07-27T13:00:00Z,hold,none,approved,hold,,,,450.00,500.16,"Equities are closed and untradable this cycle, BTC is flat at -0.04% with my position only +0.31%, and ETH's +4.21% move is already extended with no edge left worth chasing on $450 of cash."
2026-07-27T13:30:00Z,hold,none,approved,hold,,,,450.00,500.05,"Equities just gapped violently in both directions (TSLA -15%, GOOGL/AMZN -7%, AAPL +3%) with no coherent tape to read, and my BTC position is flat at +0.10% — no edge worth paying spread for, so I keep $450 dry until a single clean setup appears."
2026-07-27T14:00:00Z,hold,none,approved,hold,,,,450.00,500.26,"Equities just gapped hard in both directions with TSLA -16% and mega-cap tech down 6-7% — that's headline-driven chaos I have no edge in, and my BTC position is only +0.53% with $450 idle cash I'd rather deploy after the dust settles than into a knife-catch."
2026-07-27T14:30:01Z,hold,none,approved,hold,,,,450.00,499.99,"Equities are in a violent two-sided gap day (TSLA -17%, GOOGL -7%, AMZN -6.5%, META -6.3% against AAPL +3.4%) with no confirmed trend, my BTC position is flat at -0.03%, and with only $450 cash and a 4-position cap the correct move is to stay flat rather than catch a knife mid-dislocation."
2026-07-27T15:00:00Z,hold,none,approved,hold,,,,450.00,499.84,"A two-sided gap day with TSLA -16% and mega-cap tech down 6-7% while AAPL is +3.6% is dispersion I have no edge in, and with only $450 cash and a BTC position already down 0.32%, sitting out is the highest-expectancy move this cycle."
2026-07-27T15:30:00Z,hold,none,approved,hold,,,,450.00,499.81,"A violent two-sided gap day with TSLA -16.5% and mega-cap tech down 6-7% while AAPL is +3.7% is a broken tape with no readable edge, so I hold my small BTC position and keep $450 cash dry until dispersion settles."
2026-07-27T16:00:00Z,hold,none,approved,hold,,,,450.00,499.74,"Still a violent two-sided gap day with TSLA -16% and mega-cap tech down 3-7% while AAPL is +3% — nothing here is a clean, high-conviction setup, so I keep the $450 cash and hold my small BTC position rather than catch a falling knife."
2026-07-27T16:30:00Z,hold,none,approved,hold,,,,450.00,499.87,"Another violent two-sided gap day with TSLA -16% and mega-cap tech down 3-7% against AAPL +3.3% — no confirmed direction, cash is the position, and my small BTC stake is flat and needs no action."
2026-07-27T17:00:01Z,hold,none,approved,hold,,,,450.00,500.01,"A two-sided gap day with TSLA -17% and mega-cap tech down 3-7% is exactly the tape where a $500 account gets chopped up, and with 90% cash and a flat BTC position there is no edge worth paying the spread for."
2026-07-27T17:30:00Z,hold,none,approved,hold,,,,450.00,500.09,"A -17% TSLA and -7% mega-cap tech gap day with AAPL +3% is a violent two-sided tape where my $450 cash has no edge, so I stay flat and let the BTC position ride until volatility settles."
2026-07-27T18:00:00Z,hold,none,approved,hold,,,,450.00,500.10,"With only $450 cash and a violent two-sided tape — TSLA -16.5%, META/GOOGL/AMZN -7%, AAPL +2.7% — nothing here is a high-conviction setup, and buying a knife on day one of a gap-down cluster is how a $500 account bleeds; the existing BTC sliver is fine and I'd rather wait for stabilization than pay "
2026-07-27T18:30:01Z,hold,none,approved,hold,,,,450.00,500.02,"A -17% TSLA and -7% mega-cap tech gap day with AAPL +2.6% is a violent two-sided tape where intraday direction is noise, and with $450 cash and equity flat on the day I gain nothing by forcing an entry into unresolved dispersion."
2026-07-27T19:00:00Z,hold,none,approved,hold,,,,450.00,499.99,"The tape is still a violent two-sided gap day (TSLA -17%, META/GOOGL/AMZN -7%, AAPL +3%) with no confirmed direction, so I keep the small flat BTC position and stay in cash rather than chase mid-day noise."
2026-07-27T19:30:00Z,hold,none,approved,hold,,,,450.00,500.08,"The tape remains a violent two-sided gap day (TSLA -17%, META/GOOGL/AMZN -7%, AAPL +3%) with no confirmed direction, so I keep the small BTC position and stay in cash rather than chase mid-day volatility."
2026-07-27T22:00:00Z,hold,none,approved,hold,,,,450.00,499.96,"Equities are closed, BTC is flat against my basis, and buying ETH after a +3.35% intraday pop with no other edge would be chasing — holding cash into the Monday open is the higher-value position."
2026-07-27T22:30:00Z,hold,none,approved,hold,,,,450.00,499.79,"Equities are closed, BTC is sitting essentially flat against my basis with no new information, and chasing ETH after a +2.7% day with no catalyst is trading for the sake of trading."
2026-07-27T23:00:02Z,hold,none,approved,hold,,,,450.00,499.16,"Equities are closed, BTC is drifting down 2% with no edge worth averaging into, and ETH offers no fresh setup, so I keep the small BTC position and $450 cash untouched."
2026-07-27T23:30:00Z,hold,none,approved,hold,,,,450.00,499.23,"Equities are closed, BTC is drifting slightly below my basis with no new information since the last cycle, and chasing ETH overnight on a quiet tape adds risk without a thesis I'd say out loud."
2026-07-28T00:00:00Z,hold,none,approved,hold,,,,450.00,499.14,"Equities are closed until tomorrow's open, BTC sits 1.7% under my basis with no new catalyst to justify averaging down, and chasing ETH's overnight bounce with no thesis is trading for the sake of trading."
2026-07-28T00:30:00Z,hold,none,approved,hold,,,,450.00,499.09,"Equities are closed, BTC is still drifting slightly below my basis with no new catalyst, and adding to ETH after an overnight bounce offers no edge, so I hold and wait for tomorrow's equity open."
2026-07-28T01:00:00Z,hold,none,approved,hold,,,,450.00,498.92,"Equities are closed, BTC remains ~2% under my basis with no new catalyst to justify averaging down, and ETH's mild overnight drift is not an edge worth paying for."
2026-07-28T01:30:00Z,hold,none,approved,hold,,,,450.00,498.79,"Equities are closed, BTC sits ~2.4% under my basis with no new catalyst overnight, and averaging into a slow drift adds risk without edge — holding until a real setup or the equity open."
2026-07-28T02:00:00Z,hold,none,approved,hold,,,,450.00,498.73,Equities are closed and BTC sits ~2.5% under my basis with no new catalyst; averaging down without an edge is trading for the sake of trading.
2026-07-28T02:30:00Z,hold,none,approved,hold,,,,450.00,498.72,"Equities are closed and BTC is still ~2.6% under my basis with no overnight catalyst; adding or exiting here would be trading noise, so I wait for tomorrow's open."
2026-07-28T11:49:52Z,hold,none,approved,hold,,,,450.00,498.93,"Equities are closed until the open and BTC is still ~2% under my basis with no new overnight catalyst; adding or cutting here would be trading noise, so I hold."
2026-07-28T12:00:00Z,hold,none,approved,hold,,,,450.00,498.90,"Equities are closed this cycle and BTC remains ~2.2% under my basis with no new catalyst; adding or cutting here would be trading noise, so I hold and reassess at the equity open."
2026-07-28T12:30:00Z,hold,none,approved,hold,,,,450.00,498.87,"Equities are closed this cycle and BTC still sits ~2.3% under my basis with no new catalyst, so I hold rather than average down without a thesis."
2026-07-28T13:00:00Z,hold,none,approved,hold,,,,450.00,498.96,"Equities are closed this cycle and BTC remains ~2.1% under my basis with no new catalyst; adding here would be averaging down without a thesis, so I wait."
2026-07-28T13:30:00Z,hold,none,approved,hold,,,,450.00,498.76,"Tech is in a broad risk-off flush (TSLA -19%, META -7%, QQQ -4.6%) with no visible catalyst bottom, so I keep 90% cash dry rather than catch falling knives, and BTC at -2.5% under basis is inside normal noise with no reason to add or cut."
2026-07-28T14:00:01Z,hold,none,approved,hold,,,,450.00,498.62,"Broad risk-off flush is still in progress (TSLA -20%, QQQ -5.6%, NVDA -6.5%) with no capitulation signal, so I won't catch falling knives; BTC stays held ~2.8% under basis and the account is flat on the day, so patience costs nothing."
2026-07-28T14:30:00Z,hold,none,approved,hold,,,,450.00,498.67,"The risk-off flush is still deepening (TSLA -20%, QQQ -5.4%, NVDA -6.4%) with no reversal signal, and BTC remains ~2.7% under my basis, so I keep cash dry rather than catch falling knives."
2026-07-28T15:00:00Z,hold,none,approved,hold,,,,450.00,498.85,"The broad risk-off flush is still active (TSLA -20%, QQQ -5.1%, META -8.5%) with no stabilization signal, so I keep cash dry and hold my small BTC position rather than catch falling knives mid-cascade."
2026-07-28T15:30:00Z,hold,none,approved,hold,,,,450.00,499.13,"The broad tech risk-off flush is still unresolved (TSLA -19%, META -7.8%, QQQ -4.6%) and catching falling knives with no reversal signal is not a thesis, so I stay in cash and hold my small BTC position."
2026-07-28T16:00:00Z,hold,none,approved,hold,,,,450.00,499.26,"The tech risk-off flush is still unresolved (TSLA -18%, META -7.5%, QQQ -4.3%) with no stabilization signal yet, and BTC sits only modestly under basis, so I'm keeping cash dry rather than catching falling knives."
2026-07-28T16:30:00Z,hold,none,approved,hold,,,,450.00,499.19,"The tech risk-off flush remains unresolved (TSLA -19%, QQQ -4.5%, META -7.3%) with no reversal confirmation, so I keep the small BTC position and stay in cash rather than catch falling knives."
2026-07-28T17:00:00Z,hold,none,approved,hold,,,,450.00,499.34,"The tech flush is still unresolved (TSLA -19%, QQQ -4.3%, META -7.7%) and my small BTC position is near flat, so I keep cash dry rather than catch falling knives mid-cascade."
2026-07-28T17:30:00Z,hold,none,approved,hold,,,,450.00,499.27,"The tech risk-off flush remains unresolved (TSLA -19%, META -8%, QQQ -4.4%) with no reversal confirmation, so I keep my small BTC position and 90% cash rather than catch falling knives."
2026-07-28T18:00:01Z,hold,none,approved,hold,,,,450.00,499.07,"The tech risk-off flush is still unresolved (TSLA -19%, QQQ -4.5%, META -7.7%) with no reversal confirmation, so I keep my small BTC position and stay mostly cash rather than catch falling knives."
2026-07-28T18:30:00Z,hold,none,approved,hold,,,,450.00,499.08,"The tech risk-off flush is still unresolved (TSLA -19%, QQQ -4.7%, META -7.7%) and my small BTC position is only down 1.84% with no halt risk, so I keep cash dry rather than catch falling knives mid-flush."
2026-07-28T19:00:00Z,hold,none,approved,hold,,,,450.00,499.11,"The tech risk-off flush is still unresolved (TSLA -19%, QQQ -4.5%, META -7.7%) with no reversal signal, so I keep my small BTC position and stay mostly cash rather than catch falling knives."
2026-07-28T19:30:00Z,hold,none,approved,hold,,,,450.00,499.18,"The tech risk-off flush is still unresolved (TSLA -19%, QQQ -4.4%, META -7.9%) and my small BTC position is near flat, so I keep cash dry rather than catch falling knives mid-flush."
2026-07-28T20:00:00Z,hold,none,approved,hold,,,,450.00,499.23,"The tech risk-off flush is still unresolved (TSLA -19%, QQQ -4.7%, META -7.8%) with no reversal signal, so I keep the small BTC position and 90% cash rather than catch falling knives."
2026-07-28T20:30:00Z,hold,none,approved,hold,,,,450.00,499.23,"Equities are closed and the broad risk-off flush (TSLA -19%, QQQ -4.7%) is still unresolved; ETH's +3% bounce against that backdrop is not a strong enough divergence to chase, so I keep the small BTC position and stay mostly cash."
2026-07-28T21:00:00Z,hold,none,approved,hold,,,,450.00,499.24,"Equities remain closed and the broad tech risk-off flush is unresolved; ETH's +3% bounce against BTC's drift isn't enough signal to add crypto exposure into this backdrop, so I stay patient with the small BTC position and 90% cash."
2026-07-28T21:30:00Z,hold,none,approved,hold,,,,450.00,499.24,"Equities remain closed and the broad tech risk-off flush is unresolved; ETH's +3% bounce against QQQ -4.7% is not enough confirmation to add crypto exposure, so I hold the small BTC position and keep cash ready."
2026-07-28T22:00:00Z,hold,none,approved,hold,,,,450.00,499.30,Equities remain closed and the broad tech risk-off flush is unresolved; BTC is flat near my entry and ETH's +3.3% bounce against a -4.7% QQQ tape is not a signal I trust enough to add crypto exposure overnight.
2026-07-28T22:30:00Z,hold,none,approved,hold,,,,450.00,499.23,Equities are closed and the tech risk-off flush remains unresolved; BTC is flat near my entry and ETH's bounce alone isn't a strong enough thesis to add crypto exposure overnight.
2026-07-28T23:00:00Z,hold,none,approved,hold,,,,450.00,499.14,"Equities are still closed and the unresolved tech flush (TSLA -19%, META -7.8%, QQQ -4.7%) argues against adding risk, while BTC's -0.62% drift gives no reason to average down on a losing crypto position or chase ETH's +2.7% bounce with only $450 of dry powder."
2026-07-28T23:30:00Z,hold,none,approved,hold,,,,450.00,499.02,"Equities are closed and the unresolved tech flush leaves no tradable edge; BTC is down 0.85% against my underwater cost basis and ETH's +2.5% bounce into a risk-off tape isn't a thesis I'd say out loud, so I keep the $450 cash dry until the equity open reveals whether this is a one-day flush or a tr"
2026-07-29T00:00:00Z,hold,none,approved,hold,,,,450.00,499.25,"Equities are closed and the unresolved tech flush offers no tradable edge; BTC sits below my average with no reversal signal and ETH's +2.5% bounce isn't worth committing scarce cash into a risk-off tape, so I wait for the equity open."
2026-07-29T00:30:00Z,hold,none,approved,hold,,,,450.00,499.32,"Equities are closed, BTC is drifting flat near my underwater cost basis with no reversal signal, and ETH's bounce into an unresolved risk-off tape isn't worth committing cash to — I'd rather hold $450 dry for the equity open."
2026-07-29T01:00:00Z,hold,none,approved,hold,,,,450.00,499.27,"Equities are closed, BTC is chopping flat just under my underwater basis with no momentum trigger, and adding here would just average into an unresolved risk-off tape."
2026-07-29T01:30:00Z,hold,none,approved,hold,,,,450.00,499.24,"Equities remain closed and BTC is still chopping flat just below my underwater basis with no momentum signal, so there is nothing worth committing cash to this cycle."
2026-07-29T02:00:00Z,hold,none,approved,hold,,,,450.00,499.09,"Equities remain closed, BTC is still chopping just below my underwater basis with no reversal signal, and ETH's +1.6% pop into a broad risk-off tape isn't a thesis I'd say out loud — no edge, stay put."
2026-07-29T02:30:00Z,hold,none,approved,hold,,,,450.00,499.32,"Equities are closed, BTC continues to chop flat just below my underwater basis with no momentum or volume signal worth adding to, so I keep the $450 cash dry until the market reopens and the tech flush resolves."
2026-07-29T03:00:00Z,hold,none,approved,hold,,,,450.00,499.28,"Equities are closed, BTC is still chopping flat just below my underwater basis with no momentum signal either way, and adding to a losing crypto position overnight is not an edge worth $450 of dry powder."
2026-07-29T03:30:00Z,hold,none,approved,hold,,,,450.00,499.12,"Equities are closed and BTC is still chopping ~1.8% below my cost basis with no reversal signal, so I add nothing and hold my small position rather than average down into a downtrend."
2026-07-29T04:00:00Z,hold,none,approved,hold,,,,450.00,499.12,"Equities are closed, BTC is still drifting ~1.8% under my basis with no reversal signal, and with $450 cash I'd rather wait for the equity open to deploy into a real setup than average down into a slow bleed."
2026-07-29T04:30:00Z,hold,none,approved,hold,,,,450.00,499.15,"Equities are closed, BTC remains ~1.7% under my basis in a flat drift with no reclaim of cost, and with only $450 cash I'd rather keep dry powder for tomorrow's sharp equity dislocations (TSLA -19%, META -8%, QQQ -4.7%) than average down into a directionless overnight tape."
2026-07-29T05:00:00Z,hold,none,approved,hold,,,,450.00,499.27,"Equities are closed and BTC is still drifting ~1.5% under my basis with no reversal signal, so I hold the position and keep $450 cash dry for the equity gaps at open."
2026-07-29T05:30:00Z,hold,none,approved,hold,,,,450.00,499.26,"Equities are shut, BTC is still grinding ~1.5% below my basis with no reversal signal, and adding to a losing position on flat overnight chop is how a $450 cash cushion disappears."
2026-07-29T06:00:00Z,hold,none,approved,hold,,,,450.00,499.35,"Equities remain closed and BTC is still drifting ~1.3% under my basis in the same flat range with no reversal signal, so I add nothing and keep $450 cash dry for the equity open where TSLA -18.9% and META -7.8% may offer real setups."
2026-07-29T06:30:00Z,hold,none,approved,hold,,,,450.00,499.61,"Equities are closed, BTC is flat at $64,314 and still ~0.8% under my basis with no reversal signal, so I hold and wait for the cash open rather than force a trade."
2026-07-29T07:00:00Z,hold,none,approved,hold,,,,450.00,499.64,"Equities are closed, BTC is flat near $64,353 and still ~0.7% under my basis with no momentum either way, so there's nothing worth paying a spread for this cycle."
2026-07-29T07:30:00Z,hold,none,approved,hold,,,,450.00,499.70,"Equities are closed, BTC is flat near $64,430 and still ~0.6% under my basis with no volume or momentum signal to act on, so I keep the position and hold $450 cash for the equity open where TSLA -18.9% and META -7.8% may offer a real setup."
2026-07-29T08:00:00Z,hold,none,approved,hold,,,,450.00,499.74,"Equities are closed, BTC is still ~0.5% under my basis and grinding sideways near $64,487 with no reclaim of my entry or fresh momentum, so there's nothing worth paying a spread for this cycle."
2026-07-29T08:30:00Z,hold,none,approved,hold,,,,450.00,499.54,"Equities are closed, BTC is still ~0.9% under my basis and chopping sideways with no volume or trend signal to act on, so I hold the single position and keep $450 dry for the equity open."
2026-07-29T09:00:00Z,hold,none,approved,hold,,,,450.00,499.63,"Equities are closed, BTC is still ~0.7% under my basis and going nowhere near $64.3k, so there is no edge in adding to a losing position or forcing a new one with $450 of dry powder better saved for the equity open after a -5% Nasdaq day."
2026-07-29T09:30:00Z,hold,none,approved,hold,,,,450.00,499.66,"Equities are closed, BTC is still ~0.7% under my basis and grinding sideways near $64,382 with no edge to add or cut, so I sit tight and wait for the US open."
2026-07-29T10:00:00Z,hold,none,approved,hold,,,,450.00,499.85,"Equities are closed, BTC is still ~0.3% under my basis and drifting sideways near $64,620 with no edge to add or exit, so I sit tight and preserve cash for a real setup."
2026-07-29T10:30:00Z,hold,none,approved,hold,,,,450.00,499.79,"Equities are closed, BTC is ~0.4% under my basis and still chopping sideways near $64.5k with no momentum edge, so I keep the position and hold $450 cash for a real setup."
2026-07-29T11:00:00Z,hold,none,approved,hold,,,,450.00,499.67,"Equities are closed, BTC is ~0.7% under my basis and still range-bound near $64.4k with no volume or breakout signal, so I keep my $450 cash dry rather than force a trade in dead overnight liquidity."
2026-07-29T11:30:00Z,hold,none,approved,hold,,,,450.00,499.70,"Equities are closed, BTC is ~0.6% under my basis and still grinding sideways in the same $64.3-64.5k range it has held all session, so there is no edge in adding here and no reason to dump a small unrealized loss."
2026-07-29T12:00:01Z,hold,none,approved,hold,,,,450.00,499.70,"Equities are closed, BTC remains ~0.6% under my basis in the same tight $64.4K range with no breakout or flush to act on, so I keep the position and the $450 cash dry."
2026-07-29T12:30:00Z,hold,none,approved,hold,,,,450.00,499.56,"Equities are closed and untradable, BTC is still ~0.9% below my basis chopping in the same $64.2-64.5K range with no breakout or capitulation to act on, so I keep the position and hold $450 cash for a real setup."
2026-07-29T13:00:00Z,hold,none,approved,hold,,,,450.00,499.52,"Equities are closed and untradable, BTC is still ~1% under my basis chopping in the same $64.2K range with no momentum signal, and adding here would only average down into a directionless tape."
2026-07-29T13:30:01Z,hold,none,approved,hold,,,,450.00,499.45,"Equities are closed so nothing is tradable there, and BTC is still ~1.1% under my basis chopping in the same $64K range with no edge to add or cut — I hold and wait for the open."
2026-07-29T14:00:00Z,hold,none,approved,hold,,,,450.00,499.84,"Equities are closed so none of today's big dislocations (TSLA -18%, NVDA -8.8%) are actionable, and BTC at $64,612 is still ~0.3% under my basis in the same tight range — no edge in adding here."
2026-07-29T14:30:00Z,hold,none,approved,hold,,,,450.00,499.47,"Equities are closed so today's dislocations (TSLA -18.9%, NVDA -9.6%, QQQ -5.4%) aren't tradable, and BTC is ~1.1% under my basis chopping in the same $64.1K range with no edge — holding cash and the position until the open lets me act on real prices."
2026-07-29T15:00:00Z,hold,none,approved,hold,,,,450.00,499.38,"Equities are closed so today's -19% TSLA / -9% NVDA / -5% QQQ dislocations are untradable, and BTC is still ~1.2% under my basis chopping in the same $64K range with no edge, so I sit with $450 cash ready for the open."
2026-07-29T15:30:01Z,hold,none,approved,hold,,,,450.00,499.36,"Equities are closed so today's -19% TSLA / -9% NVDA / -5.5% QQQ dislocations can't be acted on, and BTC is still ~1.3% under my basis with no reversal signal, so I hold my one small position and keep $450 dry for the open."
2026-07-29T16:00:00Z,hold,none,approved,hold,,,,450.00,499.27,"Equities are closed so today's -19% TSLA / -9.5% NVDA / -5.6% QQQ dislocations can't be acted on, and BTC is still ~1.5% under my basis with no reason to add or dump into a flat tape."
2026-07-29T16:30:00Z,hold,none,approved,hold,,,,450.00,499.31,"Equities are closed so today's -19.6% TSLA / -9.7% NVDA / -5.5% QQQ dislocations aren't tradable, and BTC at $63,928 is still ~1.4% under my cost basis with no reason to average down into a broad risk-off tape."
2026-07-29T17:00:01Z,hold,none,approved,hold,,,,450.00,499.15,"Equities are closed so today's -19% TSLA / -9.5% NVDA / -5.3% QQQ dislocations can't be traded at these prints, and adding to the losing BTC position into a broad risk-off tape is not a thesis I'd say out loud — wait for the cash open."
2026-07-29T17:30:00Z,hold,none,approved,hold,,,,450.00,499.10,"Equities are closed so today's -19% TSLA / -9.4% NVDA / -5.1% QQQ prints can't be acted on at these marks, and with only $450 cash and BTC already down 1.8% I'd rather keep dry powder for a live-session entry than chase crypto into a weak tape."
2026-07-29T18:00:00Z,hold,none,approved,hold,,,,450.00,499.62,"Equities are closed so today's -18.75% TSLA / -9.3% NVDA / -4.9% QQQ prints can't be acted on at these prices, and with only $450 cash and a modest BTC loss already open I'd rather wait for the next real session open than chase a stale tape."
2026-07-29T18:30:00Z,hold,none,approved,hold,,,,450.00,499.39,"Equities are closed so the -19% TSLA / -8.8% NVDA / -4.7% QQQ prints can't be acted on at these marks, and with only $450 cash and BTC already down 1.2% I'd rather keep full dry powder for the reopen than chase crypto into an equity risk-off tape."
2026-07-29T19:00:00Z,hold,none,approved,hold,,,,450.00,499.69,"Equities are closed so the -17.8% TSLA / -7.6% NVDA / -3.7% QQQ prints are stale and unfillable, and with only $450 cash against an already-open BTC lot I gain nothing by chasing crypto here — wait for the cash open to see if the selloff follows through or gaps back."
2026-07-29T19:30:00Z,hold,none,approved,hold,,,,450.00,499.33,"Equities are closed so the -19% TSLA / -8.8% NVDA / -4.9% QQQ prints can't be acted on at these prices, and with only $450 cash and an underwater BTC position I'd rather keep dry powder for a real open than chase a stale crypto tape."
2026-07-29T20:00:00Z,hold,none,approved,hold,,,,450.00,499.00,"Equities are closed so the -20% TSLA / -10% NVDA / -6% QQQ prints can't be acted on at these levels, and with only $450 cash against a broad risk-off tape I'd rather keep dry powder for a real regular-hours open than chase a stale quote."
2026-07-29T21:30:00Z,hold,none,approved,hold,,,,450.00,498.98,"Equities are closed so the -20% TSLA / -10% NVDA / -6% QQQ prints can't be acted on this cycle, and with only $450 cash against a losing BTC position I'd rather keep dry powder for the equity open than average down into a broad risk-off tape."
2026-07-29T22:00:00Z,hold,none,approved,hold,,,,450.00,499.20,"Equities are closed so the -20% TSLA / -10% NVDA / -6% QQQ dislocation can't be acted on, and with $450 cash I'd rather keep full dry powder for a real open than add crypto risk on top of the losing BTC position while ETH is up on the day."
2026-07-29T22:30:00Z,hold,none,approved,hold,,,,450.00,499.34,"Equities are closed so the -20% TSLA / -10% NVDA / -6% QQQ dislocation still can't be traded, and BTC at $63,967 is drifting sideways just under my -1.3% cost basis with no edge worth adding cash to — I keep $450 dry for a real equity open."
2026-07-29T23:00:00Z,hold,none,approved,hold,,,,450.00,499.26,"Equities are closed so the -20% TSLA / -10% NVDA / -6% QQQ dislocation still isn't actionable, and with only $450 cash against a broad risk-off tape I won't add to the losing BTC position into what looks like a coordinated liquidation."
2026-07-29T23:30:00Z,hold,none,approved,hold,,,,450.00,499.31,"Equities are shut so the -20% TSLA / -10% NVDA / -6% QQQ dislocation still isn't tradable, and with only $450 cash I'm not adding to a losing BTC position or chasing ETH into a broad risk-off tape just to be doing something."
2026-07-30T00:00:00Z,hold,none,approved,hold,,,,450.00,499.29,"Equities are closed so the -20% TSLA / -10% NVDA / -6% QQQ dislocation still isn't tradable, and with BTC already down 2.2% and my only position underwater 1.4% I'm not adding crypto risk into a broad risk-off tape — cash stays dry for the equity open."
2026-07-30T00:30:00Z,hold,none,approved,hold,,,,450.00,499.30,"Equities are shut so the -20% TSLA / -10% NVDA / -6% QQQ dislocation stays untradable, and with BTC bleeding -2.2% into a risk-off tape I won't add to a losing crypto position just to stay busy."
2026-07-30T01:00:00Z,hold,none,approved,hold,,,,450.00,499.09,"Equities are closed so the beaten-down index/megacap names can't be bought this cycle, and with BTC already down 2.6% and my only position underwater 1.8% on a $499 account, adding crypto risk into a broad risk-off tape is the wrong trade — wait for the equity open."
2026-07-30T01:30:00Z,hold,none,approved,hold,,,,450.00,499.17,"Equities are closed so the beaten-down megacap/index names can't be bought, and with only $450 cash against an already-underwater BTC position I'd rather keep dry powder for the equity open than average down into a crypto tape still bleeding -2.4% alongside a broad risk-off session."
2026-07-30T02:00:00Z,hold,none,approved,hold,,,,450.00,499.52,"Equities are closed so the -20% TSLA / -10% NVDA / -6% QQQ dislocation is untradable this cycle, and I won't add to a losing BTC position into a broad risk-off tape — holding $450 cash as dry powder for the open."
2026-07-30T02:30:00Z,hold,none,approved,hold,,,,450.00,499.57,"Equities are closed so the -20% TSLA / -10% NVDA / -6% QQQ washout stays untradable, and with only $450 cash I won't add to a losing BTC position into a -1.6% crypto tape when the far better risk/reward is dry powder for the equity open."
2026-07-30T03:00:00Z,hold,none,approved,hold,,,,450.00,499.45,"Equities are closed so the -20% TSLA / -10% NVDA / -6% QQQ washout is untradable this cycle, and with crypto still bleeding into a losing BTC position I'm not adding risk into a falling knife — wait for the equity open."
2026-07-30T03:30:00Z,hold,none,approved,hold,,,,450.00,499.50,"Equities stay closed so the -20% TSLA / -10% NVDA / -6% QQQ washout is untradable, and with BTC already down 1.78% and my only position underwater 1% I won't add crypto risk into a broad risk-off tape."
2026-07-30T04:00:00Z,hold,none,approved,hold,,,,450.00,499.44,"Equities remain closed so the -20% TSLA / -10% NVDA / -6% QQQ dislocation stays untradable, and with crypto still bleeding (BTC -1.91%, ETH -2.32%) I'd rather keep the $450 cash dry for the equity open than average into a falling BTC position."
2026-07-30T04:30:01Z,hold,none,approved,hold,,,,450.00,499.37,"Equities are still closed so the -20% TSLA / -10% NVDA / -6% QQQ washout stays untradable, and with only $450 cash against a BTC position already down 1.25% in a market bleeding another 2% today, adding crypto risk into a broad risk-off tape is the wrong trade — wait for the equity open."
2026-07-30T05:00:00Z,hold,none,approved,hold,,,,450.00,499.31,"Equities stay closed so the -20% TSLA / -10% NVDA / -6% QQQ washout is untradable, and with crypto still bleeding (BTC -2.16%, ETH -2.76%) into an existing underwater BTC position I keep the $450 cash dry for the equity open rather than catch a falling knife."
2026-07-30T05:30:01Z,hold,none,approved,hold,,,,450.00,499.31,"Equities remain closed so the -20% TSLA / -10% NVDA / -6% QQQ washout stays untradable, and with crypto also selling off in sympathy I'd rather keep $450 cash dry for the equity open than add to a losing BTC position into a risk-off tape."
2026-07-30T06:00:00Z,hold,none,approved,hold,,,,450.00,499.33,"Equities remain closed so the -20% TSLA / -10% NVDA / -6% QQQ washout is untradable, and with crypto broadly risk-off (BTC -2.1%, ETH -2.6%) I'd rather keep $450 dry powder for the equity open than average down into a falling BTC position."
2026-07-30T06:30:00Z,hold,none,approved,hold,,,,450.00,499.36,"Equities stay closed so the -20% TSLA / -10% NVDA / -6% QQQ washout is untradable, and BTC is bleeding into a broad risk-off tape — holding $450 cash dry for a real entry beats averaging down a losing crypto position."
2026-07-30T07:30:00Z,hold,none,approved,hold,,,,450.00,499.35,"Equities are still closed so the -20% TSLA / -10% NVDA / -6% QQQ washout remains untradable, and with BTC down another 2% amid a broad risk-off tape I'd rather keep $450 cash dry than average down into a falling crypto position."
2026-07-30T08:00:01Z,hold,none,approved,hold,,,,450.00,499.31,"Equities are still closed so the -20% TSLA / -10% NVDA / -6% QQQ washout is untradable this cycle, and I won't add to a losing BTC position into a broad risk-off tape — keeping $450 cash dry for the equity open."
2026-07-30T08:30:00Z,hold,none,approved,hold,,,,450.00,499.52,"Equities are still closed so the -20% TSLA / -10% NVDA / -6% QQQ washout stays untradable, and with crypto also selling off I keep the $450 cash dry rather than catch a falling BTC/ETH knife ahead of the open."
2026-07-30T09:00:00Z,hold,none,approved,hold,,,,450.00,499.53,"Equities are still closed so the -20% TSLA / -10% NVDA / -6% QQQ washout is untradable, and BTC at -1.73% into my slightly underwater 0.000771 lot gives no edge to add or cut with $450 cash better held dry for the open."
2026-07-30T10:00:00Z,hold,none,approved,hold,,,,450.00,499.74,"Equities are still closed so the -20% TSLA / -10% NVDA / -6% QQQ washout remains untradable, and with crypto the only open market I won't add to a losing BTC position into a broad risk-off tape."
2026-07-30T10:30:00Z,hold,none,approved,hold,,,,450.00,499.78,"Equities remain closed so the washout is untradable, and with $450 cash and only a small BTC position down 0.44% there is no edge in chasing crypto that is also red on a broad risk-off day."
2026-07-30T11:00:00Z,hold,none,approved,hold,,,,450.00,499.73,"Equities are closed so the washout is untradable, and BTC is drifting down on my only position with no edge worth adding $450 of cash to at these levels."
2026-07-30T11:30:00Z,hold,none,approved,hold,,,,450.00,499.75,"Equities are still closed so the -20% TSLA / -10% NVDA / -6% QQQ washout is untradable, and I won't add to a losing BTC position into a broad risk-off tape — I'd rather hold $450 cash as dry powder for the equity open."
2026-07-30T12:00:00Z,hold,none,approved,hold,,,,450.00,499.92,"Equities stay closed so the -20% TSLA / -10% NVDA / -6% QQQ washout is untradable this cycle, and adding to a losing BTC position while crypto drifts down on a risk-off tape is a worse use of my $450 than keeping dry powder for the equity open."
2026-07-30T12:30:00Z,hold,none,approved,hold,,,,450.00,499.99,"Equities are closed so the -20% TSLA / -10% NVDA / -6% QQQ washout can't be traded, and BTC drifting -0.8% offers no edge worth adding to at breakeven — holding cash dry for the equity open."
2026-07-30T13:00:01Z,hold,none,approved,hold,,,,450.00,500.02,"Equities are closed so the washout stays untradable, and BTC at $64,839 is flat against my $64,820 average with no edge — I keep $450 dry for the open."
2026-07-30T13:30:00Z,hold,none,approved,hold,,,,450.00,499.94,"Equities are closed so the -20% TSLA / -7% NVDA / -6% QQQ washout still can't be traded, and BTC at $64,742 is slightly under my avg with no momentum edge — holding cash for the open."
2026-07-30T14:00:00Z,hold,none,approved,hold,,,,450.00,500.10,"Equities are closed so today's washout tape is untradable, and BTC at $64,950 is only +0.20% over my basis with no edge to add — I hold the small position and wait for a real entry."
2026-07-30T14:30:01Z,hold,none,approved,hold,,,,450.00,499.92,"Equities are closed so the -12% META / -6% NVDA / -3% TSLA tape can't be traded, and BTC at $64,710 is 0.17% under my basis with no edge — hold $450 cash for a real setup."
2026-07-30T15:00:00Z,hold,none,approved,hold,,,,450.00,499.84,"Equities are closed so today's split tape (MSFT +17%, META -12%) can't be traded, and BTC at $64,609 is down 1.1% and slightly underwater on my only position — no reason to add into weakness or dump a 0.3% loser."
2026-07-30T15:30:01Z,hold,none,approved,hold,,,,450.00,499.84,"Equities are closed so today's split tape (MSFT +17%, NVDA -7%, META -12%) is untradable, and BTC at $64,613 is down 1.1% and sitting just under my $64,820 basis — no edge in averaging down a 0.3% loser with only $450 of dry powder I'd rather deploy into the equity dislocation at the open."
2026-07-30T16:00:01Z,hold,none,approved,hold,,,,450.00,499.88,"Equities are closed so today's split tape (MSFT +17%, NVDA -7%, META -12%) is untradable, and BTC at $64,662 is down 1% with my position just 0.24% underwater — no edge worth adding to a 10% crypto stake with $450 cash waiting for the open."
2026-07-30T16:30:01Z,hold,none,approved,hold,,,,450.00,500.00,"Equities are closed so today's split tape (MSFT +19%, NVDA -7%, META -12%) can't be traded, and BTC at $64,814 is flat against my $64,820 basis with no edge to add."
2026-07-30T17:00:00Z,hold,none,approved,hold,,,,450.00,499.95,"Equities are closed so today's violent split tape (MSFT +19%, NVDA -7%, META -12%) is untradable, and with only $450 cash and BTC already down 0.9% on the day I have no edge chasing crypto into weakness."
2026-07-30T17:30:01Z,hold,none,approved,hold,,,,450.00,500.05,"Equities are closed so the violent split tape (MSFT +19.5%, GOOGL +4.8%, META -12%, NVDA -7.2%) is untradeable, and with only $450 cash and a flat BTC position at -0.69% on the day there is no crypto setup worth forcing."
2026-07-30T18:00:01Z,hold,none,approved,hold,,,,450.00,499.99,"Equities are closed so the violent split tape (MSFT +19.5%, GOOGL +4.8%, NVDA -7.2%, META -12.1%) can't be traded at these marks, and crypto is drifting down with no edge worth committing $450 of cash to."
2026-07-30T18:30:00Z,hold,none,approved,hold,,,,450.00,499.93,"Equities are closed so the extreme split tape (MSFT +19.5%, META -12%, NVDA -7%) is stale prints I can't act on, and BTC is drifting -0.9% with no edge — hold the small BTC position and keep cash dry."
2026-07-30T19:00:00Z,hold,none,approved,hold,,,,450.00,499.86,"Equities are closed so the extreme split tape (MSFT +19.5%, META -12%, NVDA -7%) can't be traded at these marks, and with $450 cash against a small crypto position I'd rather keep dry powder than chase BTC down -1% into the weekend."
2026-07-30T19:30:02Z,hold,none,approved,hold,,,,450.00,500.00,"Equities are shut so the extreme split tape (MSFT +19.7%, META -11.8%, NVDA -7%) can't be traded at these marks, and with only $450 cash and crypto flat-to-down (BTC -0.79%, ETH -1.47%) there's no edge worth paying the spread for — wait for the open."
2026-07-30T20:00:00Z,hold,none,approved,hold,,,,450.00,499.93,"Equities are closed so the extreme split tape (MSFT +18.3%, META -11%, NVDA -6.5%) is untradeable at these marks, and BTC is drifting -0.94% just under my cost with no edge — hold the small crypto position and keep $450 dry for the open."
2026-07-30T20:30:00Z,hold,none,approved,hold,,,,450.00,499.95,"Equities are closed so the split tape is untradable, and BTC is drifting -0.9% with no edge at $64.7k while I already hold a small position near flat — no reason to add or dump."
2026-07-30T21:00:00Z,hold,none,approved,hold,,,,450.00,499.92,"Equities are closed so the split tape is untradable, and BTC is only -1% with no edge worth adding to an already-underwater position on $450 of cash."
2026-07-30T21:30:00Z,hold,none,approved,hold,,,,450.00,499.90,"Equities are closed so the split tape is untradable, and BTC at -1% with my position only -0.21% underwater gives no edge worth adding cash to."
2026-07-30T22:00:01Z,hold,none,approved,hold,,,,450.00,499.87,"Equities are closed so the wild split tape is untradable, and BTC at -1% with my position only -0.26% offers no edge worth committing cash to this cycle."
2026-07-30T22:30:02Z,hold,none,approved,hold,,,,450.00,500.09,"Equities are closed so the split tape is untradable, and BTC at -0.6% with my position slightly green gives no edge worth adding to — hold cash for the open."
2026-07-30T23:00:00Z,hold,none,approved,hold,,,,450.00,499.97,"Equities remain closed so the split tape is untradable, and BTC at -0.85% with my position essentially flat gives no new edge to add or cut."
2026-07-30T23:30:00Z,hold,none,approved,hold,,,,450.00,500.05,"Equities are closed so the split tape is untradable, and BTC at -0.7% with my position barely positive gives no edge to add or cut — staying patient."
2026-07-31T00:00:00Z,hold,none,approved,hold,,,,450.00,499.94,"Equities are closed so the split tape is untradable, and BTC has recovered to near my entry (-0.13%) with no new edge — holding the position and keeping cash dry."
2026-07-31T00:30:00Z,hold,none,approved,hold,,,,450.00,499.92,"Equities are closed so the volatile split tape stays untradable, and BTC has stabilized near breakeven on my position with no fresh edge, so I hold and wait for the equity open."
2026-07-31T01:00:00Z,hold,none,approved,hold,,,,450.00,499.90,"Equities are closed so the split tape stays untradable, and BTC sitting flat against my basis with no new signal gives me no reason to add or cut."
2026-07-31T01:30:01Z,hold,none,approved,hold,,,,450.00,500.23,"Equities are closed so the split tape stays untradable, and my small BTC position is working (+0.45%) with BTC firm at +2.18% on the day — no reason to add or exit mid-recovery."
2026-07-31T02:00:01Z,hold,none,approved,hold,,,,450.00,499.74,"Equities are closed so the split tape stays untradable, and my small BTC position is recovering with the tape (+1.19% today, position -0.52%) with no new signal to justify adding or cutting."
2026-07-31T02:30:00Z,hold,none,approved,hold,,,,450.00,499.59,"Equities are closed so nothing on the tape is tradable, and my small BTC position sitting at -0.8% with no new signal doesn't justify adding or cutting."
2026-07-31T03:00:00Z,hold,none,approved,hold,,,,450.00,499.55,"Equities are closed so the split tape stays untradable, and my small BTC position sitting -0.9% against a flat overnight tape gives no new edge to add or cut."
2026-07-31T03:30:00Z,hold,none,approved,hold,,,,450.00,499.61,"Equities are closed so nothing on the split tape is tradable, and my small BTC position is recovering toward breakeven with no new signal that justifies adding or exiting here."
2026-07-31T04:00:00Z,hold,none,approved,hold,,,,450.00,499.60,"Equities are closed so nothing on the split tape is tradable, and my small BTC position at -0.81% shows no new signal at $64,297 that justifies adding or cutting, so I stay patient."
2026-07-31T04:30:00Z,hold,none,approved,hold,,,,450.00,499.58,"Equities are closed so nothing on the tape is tradable, and my small BTC position is within normal noise at -0.85% with no new signal to add or cut."
2026-07-31T05:00:00Z,hold,none,approved,hold,,,,450.00,499.55,"Equities are closed so nothing on the tape is tradable, and my small BTC position is only -0.89% with no new signal to justify adding or cutting overnight."
2026-07-31T05:30:00Z,hold,none,approved,hold,,,,450.00,499.57,"Equities are closed so only crypto is tradable, and with BTC drifting sideways near my entry and no fresh edge on ETH, adding risk here would be trading for the sake of trading."
2026-07-31T06:00:00Z,hold,none,approved,hold,,,,450.00,499.59,"Equities are closed so only crypto is tradable, and BTC is drifting sideways near my entry with no new signal — no reason to add or cut here."
2026-07-31T06:30:01Z,hold,none,approved,hold,,,,450.00,499.67,"Equities are closed so only crypto is tradable, and BTC is still drifting sideways just below my basis with no new signal, so I keep the small position and stay patient."
2026-07-31T07:00:00Z,hold,none,approved,hold,,,,450.00,499.49,"Equities remain closed so only crypto is tradable, and BTC is still drifting sideways near $64.2k with my small position within normal noise — no new edge to add or reason to exit."
2026-07-31T07:30:01Z,hold,none,approved,hold,,,,450.00,499.31,"Equities are closed so only crypto is tradable, and BTC remains in the same sideways drift near $64k with no new signal, so I keep the small existing position and stay patient."
2026-07-31T08:00:00Z,hold,none,approved,hold,,,,450.00,499.27,"Equities are closed so only crypto is tradable, and BTC continues to drift sideways near $63.9k with no edge worth adding to or cutting the existing small position."
2026-07-31T08:30:00Z,hold,none,approved,hold,,,,450.00,499.28,"Equities are closed so only crypto is tradable, and BTC remains stuck in the same sideways drift near $63.9k with no new signal to justify adding to or cutting the existing small position."
2026-07-31T09:00:00Z,hold,none,approved,hold,,,,450.00,499.18,"Equities are closed so only crypto is tradable, and BTC is still range-bound near $63.8k with no fresh signal to justify adding or cutting the small existing position."
2026-07-31T09:30:01Z,hold,none,approved,hold,,,,450.00,499.08,"Equities are closed and BTC is still range-bound near $63.6k with no new edge, so I hold the existing position rather than add or cut on noise."
2026-07-31T10:00:00Z,hold,none,approved,hold,,,,450.00,499.08,"Equities are closed so only crypto is tradable, and BTC remains range-bound near $63.6k with no new catalyst or edge, so I'm holding the existing position rather than trading for the sake of it."
2026-07-31T10:30:02Z,hold,none,approved,hold,,,,450.00,499.18,"BTC is still range-bound near $63.7k with no fresh catalyst and equities are closed, so there is no edge worth paying spread for this cycle."
2026-07-31T11:00:00Z,hold,none,approved,hold,,,,450.00,499.25,"Equities are closed and BTC is still range-bound near $63.8k with no fresh catalyst, so I hold the existing position rather than trade without an edge."
2026-07-31T11:30:00Z,hold,none,approved,hold,,,,450.00,499.24,"Equities are closed and BTC remains range-bound near $63.8k with no fresh catalyst, so I hold the existing position rather than trade without an edge."
2026-07-31T12:00:00Z,hold,none,approved,hold,,,,450.00,499.18,"Equities are closed and BTC is still drifting sideways near $63.8k with no new catalyst, so I keep the existing small BTC position and stay in cash."
2026-07-31T12:30:00Z,hold,none,approved,hold,,,,450.00,499.12,"Equities are closed and BTC is still range-bound near $63.7k with no fresh catalyst, so I'm holding the existing position rather than trading without an edge."
2026-07-31T13:00:00Z,hold,none,approved,hold,,,,450.00,499.13,"Equities are closed and BTC is still drifting sideways near $63.7k with no fresh catalyst, so I keep the existing small BTC position and wait."
2026-07-31T13:30:00Z,hold,none,approved,hold,,,,450.00,499.16,"BTC remains range-bound near $63.7k with no fresh catalyst, and today's outsized equity swings (MSFT +18%, AAPL/META -9%) are moves I'd be chasing after the fact rather than entering with an edge."
2026-07-31T14:00:00Z,hold,none,approved,hold,,,,450.00,498.74,"BTC is still range-bound near $63.2k with no fresh catalyst, and the outsized equity prints (MSFT +21%, AMZN +16%, AAPL -9%) look like unreliable quotes I won't chase without confirmation."
2026-07-31T14:30:00Z,hold,none,approved,hold,,,,450.00,498.28,"BTC has slipped to $62.6k but remains inside its multi-day range with no fresh catalyst, and today's extreme single-day equity moves (MSFT +18%, AAPL -9%) look like unreliable prints I won't chase, so I keep the small BTC position and stay in cash."
2026-07-31T15:00:00Z,hold,none,approved,hold,,,,450.00,498.29,"BTC is drifting at the low end of its range with no reversal signal, and the huge post-earnings equity gaps (MSFT +18%, AMZN +17%) are already priced moves I would be chasing rather than entering with an edge."
2026-07-31T15:30:00Z,hold,none,approved,hold,,,,450.00,498.20,"BTC keeps bleeding at the bottom of its range with no reversal signal worth averaging into, and today's implausible equity prints (MSFT +20%, AMZN +15%) make chasing any stock move untrustworthy."
2026-07-31T16:00:00Z,hold,none,approved,hold,,,,450.00,498.31,"BTC is still grinding along the bottom of its range with no reversal signal to justify averaging down, and today's outsized post-earnings equity moves (MSFT +21%, AMZN +16%) are exactly the kind of already-run gaps I refuse to chase with a small account."
2026-07-31T16:30:00Z,hold,none,approved,hold,,,,450.00,498.48,"BTC is still pinned at the bottom of its range with no reversal signal to justify averaging down, and today's double-digit equity movers (MSFT +21%, AMZN +16%) are post-catalyst gaps I won't chase at the highs with a small account."
2026-07-31T17:00:00Z,hold,none,approved,hold,,,,450.00,498.44,"BTC remains pinned at the bottom of its multi-day range with no reversal signal to justify averaging down, and the extreme equity prints (MSFT +21%, AMZN +17%) look like anomalous data I won't chase mid-session."
2026-07-31T17:30:01Z,hold,none,approved,hold,,,,450.00,498.52,"BTC is still sitting at the bottom of its range with no reversal signal, and averaging down or chasing today's big single-name equity moves after the fact adds risk without a thesis."
2026-07-31T18:00:02Z,hold,none,approved,hold,,,,450.00,498.73,"BTC is still pinned at the bottom of its range with no reversal signal, and the sharp single-name equity swings today look too erratic to chase with fresh capital."
2026-07-31T18:30:00Z,hold,none,approved,hold,,,,450.00,498.58,"BTC is still pinned at the bottom of its range with no reversal signal, and today's big single-name equity swings (MSFT +21%, AMZN +17%) are gap moves I'd be chasing after the fact, so I hold."
2026-07-31T19:00:03Z,hold,none,approved,hold,,,,450.00,498.62,"BTC remains pinned at the bottom of its range with no reversal signal, and the big single-day equity moves (MSFT +21%, AMZN +17%) are already priced — chasing them mid-spike with no thesis is trading for its own sake."
2026-07-31T19:30:00Z,hold,none,approved,hold,,,,450.00,498.56,"BTC remains pinned at the bottom of its range with no reversal signal, and with equity nearly flat on the day there is no edge in adding or exiting here."
2026-07-31T20:00:00Z,hold,none,approved,hold,,,,450.00,498.52,"BTC remains pinned at the bottom of its range with no reversal signal, and today's big single-name equity moves are already extended intraday — no fresh edge worth paying for."
2026-07-31T20:30:00Z,hold,none,approved,hold,,,,450.00,498.55,"BTC is still pinned at the bottom of its range with no reversal signal, and adding to a losing position or exiting near the low both lack an edge this cycle."
2026-07-31T21:00:01Z,hold,none,approved,hold,,,,450.00,498.51,"BTC remains pinned near the bottom of its range at $62.9k with no reversal signal, equities are closed, and averaging down into a falling position without confirmation is not a thesis."
2026-07-31T21:30:00Z,hold,none,approved,hold,,,,450.00,498.56,"BTC remains pinned near the bottom of its range at $62.9k with no reversal signal, so I'm holding the existing position rather than averaging down or exiting into weakness."
2026-07-31T22:00:00Z,hold,none,approved,hold,,,,450.00,498.52,"BTC remains pinned near the bottom of its range at $62.9k with no reversal signal, equities are closed, and adding risk into weakness with no edge is trading for the sake of trading."
2026-07-31T22:30:01Z,hold,none,approved,hold,,,,450.00,498.53,"BTC remains pinned near the bottom of its range at $62.9k with no reversal signal, equities are closed, and averaging down into a drifting position without a catalyst adds risk rather than edge."
2026-07-31T23:00:00Z,hold,none,approved,hold,,,,450.00,498.51,"BTC remains pinned near the bottom of its range at $62.9k with no reversal signal, equities are closed, and adding to a losing position without confirmation is not a trade worth making."
2026-07-31T23:30:00Z,hold,none,approved,hold,,,,450.00,498.54,"BTC remains pinned near the bottom of its range at $62.9k with no reversal signal, and adding to a losing position or chasing closed equity markets offers no edge this cycle."
2026-08-01T00:00:00Z,hold,none,approved,hold,,,,450.00,498.46,"BTC still sits at the bottom of its range near $62.8k with no reversal signal, and equities are closed, so no new risk is warranted this cycle."
2026-08-01T00:30:00Z,hold,none,approved,hold,,,,450.00,498.52,"BTC still sits at the bottom of its range near $62.9k with no reversal signal, and with markets closed and no edge elsewhere, adding risk here would be trading for its own sake."
2026-08-01T01:00:00Z,hold,none,approved,hold,,,,450.00,498.50,"BTC still sits at the bottom of its range near $62.9k with no reversal signal, equities are closed, and adding to a losing position without a trigger is trading for the sake of trading."
2026-08-01T01:30:02Z,hold,none,approved,hold,,,,450.00,498.51,"BTC still sits at the bottom of its range near $62.9k with no reversal signal and equities are closed, so there is no edge to act on this cycle."
2026-08-01T02:00:00Z,hold,none,approved,hold,,,,450.00,498.52,"BTC still sits at the bottom of its range near $62.9k with no reversal signal, and equities are closed, so there is no new edge to act on this cycle."
2026-08-01T02:30:00Z,hold,none,approved,hold,,,,450.00,498.60,"BTC still sits at the bottom of its range near $63k with no reversal signal, and adding to a losing position or chasing anything else here has no edge."
2026-08-01T03:00:02Z,hold,none,approved,hold,,,,450.00,498.60,"BTC remains pinned near $63k at the bottom of its range with no reversal signal, and stocks are not tradable this cycle, so there is no edge to act on."
2026-08-01T03:30:00Z,hold,none,approved,hold,,,,450.00,498.56,"BTC remains pinned near $63k at the bottom of its range with no reversal signal, and adding to a losing position or chasing nothing here has no edge."
2026-08-01T04:00:00Z,hold,none,approved,hold,,,,450.00,498.55,"BTC remains pinned near $62.9k at the bottom of its range with no reversal signal, and adding to a losing position or chasing nothing new isn't a trade worth making."
2026-08-01T04:30:00Z,hold,none,approved,hold,,,,450.00,498.58,BTC remains pinned near $63k at the bottom of its range with no reversal signal; equities are closed and nothing warrants adding risk this cycle.
2026-08-01T05:00:00Z,hold,none,approved,hold,,,,450.00,498.62,"BTC remains pinned near $63k at the bottom of its range with no reversal signal, equities are closed, and nothing has changed to justify adding risk or exiting the position."
2026-08-01T05:30:01Z,hold,none,approved,hold,,,,450.00,498.62,"BTC remains pinned near $63k at the bottom of its range with no reversal signal, and equities are closed, so there is nothing new to act on."
2026-08-01T06:00:03Z,hold,none,approved,hold,,,,450.00,498.57,"BTC remains pinned near $63k at the bottom of its range with no reversal signal; markets closed for equities, so no new edge to act on this cycle."
2026-08-01T06:30:00Z,hold,none,approved,hold,,,,450.00,498.60,"BTC still sits at the bottom of its range near $63k with no reversal signal, and equities are closed, so there is nothing new to act on this cycle."
2026-08-01T07:00:03Z,hold,none,approved,hold,,,,450.00,498.61,"BTC remains pinned near $63k at the bottom of its range with no reversal signal; adding to a losing position or chasing untradable equities would be trading for its own sake, so I stay patient."
2026-08-01T07:30:00Z,hold,none,approved,hold,,,,450.00,498.60,"BTC is still pinned near $63k at the bottom of its range with no reversal signal, ETH is weaker, and equities are closed, so there is no edge to add or reason to exit at a -2.8% mark."
2026-08-01T08:00:01Z,hold,none,approved,hold,,,,450.00,498.59,"BTC is still pinned near $63k at the bottom of its range with no reversal signal, and ETH's -2.7% drift offers no edge worth new risk while equities are closed."
2026-08-01T08:30:00Z,hold,none,approved,hold,,,,450.00,498.62,"BTC remains pinned near $63k at the bottom of its range with no reversal signal, equities are closed, and nothing in the tape justifies adding risk this cycle."
2026-08-01T09:00:00Z,hold,none,approved,hold,,,,450.00,498.64,"BTC remains pinned near $63k at the bottom of its range with no reversal signal, ETH is weaker still, and equities are closed — nothing here justifies adding risk."
2026-08-01T09:30:00Z,hold,none,approved,hold,,,,450.00,498.63,"BTC remains pinned near $63k at the bottom of its range with no reversal signal, and equities are closed, so there is nothing worth adding or cutting this cycle."
2026-08-01T10:00:00Z,hold,none,approved,hold,,,,450.00,498.59,"BTC remains pinned near $63k at the bottom of its range with no reversal signal; no new edge this cycle, so I stay patient rather than average down."
2026-08-01T10:30:00Z,hold,none,approved,hold,,,,450.00,498.58,"BTC remains pinned near $63k at the bottom of its range with no reversal signal, and equities are closed, so there is nothing worth adding risk to this cycle."
2026-08-01T11:00:01Z,hold,none,approved,hold,,,,450.00,498.59,"BTC is still pinned near $63k with no reversal signal and crypto is drifting lower overnight, so I keep the existing small position and wait for either a reclaim of the range or a clearer breakdown before adding or cutting."
2026-08-01T11:30:00Z,hold,none,approved,hold,,,,450.00,498.61,"BTC remains pinned near $63k at the bottom of its range with no reversal signal, and equities are closed, so there is nothing worth adding at 2.77% underwater on the existing position."
2026-08-01T12:00:01Z,hold,none,approved,hold,,,,450.00,498.61,"BTC remains pinned near $63k at the bottom of its range with no reversal signal, so I keep the small position and stay in cash rather than average down without confirmation."
2026-08-01T12:30:00Z,hold,none,approved,hold,,,,450.00,498.62,"BTC is still pinned near $63k with no reversal signal and equities are closed, so there is no edge to act on this cycle."
2026-08-01T13:00:00Z,hold,none,approved,hold,,,,450.00,498.62,"BTC remains pinned near $63k at the bottom of its range with no reversal signal, ETH is drifting lower, and equities are closed, so there is no edge worth paying for this cycle."
2026-08-01T13:30:03Z,hold,none,approved,hold,,,,450.00,498.62,"BTC remains pinned near $63k with no reversal signal, ETH is drifting lower, and equities are closed, so there is no edge worth deploying cash into this cycle."
2026-08-01T14:00:00Z,hold,none,approved,hold,,,,450.00,498.60,"BTC remains pinned near $63k with no reversal signal, ETH is still drifting lower, and equities are closed, so there is no edge to act on this cycle."
2026-08-01T14:30:00Z,hold,none,approved,hold,,,,450.00,498.64,"BTC remains pinned near $63k with no reversal signal, ETH continues drifting lower, and equities are closed, so there is no edge to act on this cycle."
2026-08-01T15:00:00Z,hold,none,approved,hold,,,,450.00,498.65,"BTC remains pinned near $63k with no reversal signal, ETH keeps drifting lower, and equities are closed, so there is no edge worth deploying cash into this cycle."
2026-08-01T15:30:00Z,hold,none,approved,hold,,,,450.00,498.60,"BTC remains pinned near $63k with no reversal signal, ETH is still weak, and equities are closed, so there is no edge to add risk this cycle."
2026-08-01T16:00:00Z,hold,none,approved,hold,,,,450.00,498.55,"BTC remains pinned near $63k with no reversal signal, ETH is still drifting lower, equities are closed this cycle, and adding to a losing position without a catalyst is not a trade worth taking."
2026-08-01T16:30:00Z,hold,none,approved,hold,,,,450.00,498.51,"BTC remains pinned near $63k with no reversal signal, ETH is still drifting lower, and with equities closed there is no new edge worth adding risk for this cycle."
2026-08-01T17:00:00Z,hold,none,approved,hold,,,,450.00,498.50,"BTC is still pinned near $63k with no reversal signal, ETH keeps drifting lower, equities are closed, and nothing here beats waiting in cash."
2026-08-01T17:30:00Z,hold,none,approved,hold,,,,450.00,498.43,"BTC remains pinned near $63k with no reversal signal, ETH is still drifting lower, and equities are closed, so there is no edge worth deploying cash into this cycle."
2026-08-01T18:00:00Z,hold,none,approved,hold,,,,450.00,498.33,"BTC is still pinned near $63k with no reversal signal, ETH continues to bleed, and equities are closed, so there is no edge worth deploying cash into this cycle."
2026-08-01T18:30:00Z,hold,none,approved,hold,,,,450.00,498.21,"BTC is still below my average with no reversal signal, ETH remains weak, and equities are closed, so I keep the small BTC position and stay in cash."
2026-08-01T19:00:00Z,hold,none,approved,hold,,,,450.00,498.22,"BTC is still below my average with no reversal signal, ETH keeps drifting lower, equities are closed, and adding risk into weakness with no edge would just be trading for the sake of trading."
2026-08-01T19:30:00Z,hold,none,approved,hold,,,,450.00,498.20,"BTC is still below my average with no reversal signal, ETH remains weak, and equities are untradable this cycle, so I keep cash intact and wait."
2026-08-01T20:00:02Z,hold,none,approved,hold,,,,450.00,498.18,"BTC is still below my average with no reversal signal, ETH remains weak, equities are closed, and nothing here justifies adding risk this cycle."
2026-08-01T20:30:00Z,hold,none,approved,hold,,,,450.00,498.26,"Equities are closed, BTC is still below my average with no reversal signal and ETH is weaker still, so adding crypto exposure here would be trading for the sake of trading."
2026-08-01T21:00:00Z,hold,none,approved,hold,,,,450.00,498.29,"Equities are closed, BTC remains below my average with no reversal signal, and ETH is still bleeding, so adding risk here has no edge."
2026-08-01T21:30:00Z,hold,none,approved,hold,,,,450.00,498.40,"Equities are closed, BTC is still below my average with no reversal signal, and ETH's continued weakness gives no reason to add crypto risk here."
2026-08-01T22:00:00Z,hold,none,approved,hold,,,,450.00,498.41,"Equities are closed, BTC remains below my average with no reversal signal, and ETH is still trending down, so no edge to add risk this cycle."
2026-08-01T22:30:00Z,hold,none,approved,hold,,,,450.00,498.44,"Equities are closed, BTC remains below my average with no reversal signal, and ETH is weak at -3.77% — no edge, so I hold."
2026-08-01T23:00:00Z,hold,none,approved,hold,,,,450.00,498.42,"Equities are closed, BTC sits below my average at $62,765 with no reversal signal, and ETH at -3.88% today offers no edge worth adding risk for."
2026-08-01T23:30:01Z,hold,none,approved,hold,,,,450.00,498.38,"Equities are closed, BTC remains below my average at $62,715 with no reversal signal, and ETH is down 4% with no setup worth new risk."
2026-08-02T00:00:00Z,hold,none,approved,hold,,,,450.00,498.41,"Equities are closed and BTC at $62,764 remains below my $64,820 average with no reversal signal, so I hold rather than average down into a falling trend."
2026-08-02T00:30:00Z,hold,none,approved,hold,,,,450.00,498.46,"Equities are closed and BTC at $62,823 remains below my $64,820 average with no reversal signal, so I hold rather than average down into a fading tape."
2026-08-02T01:00:00Z,hold,none,approved,hold,,,,450.00,498.42,"Equities are closed and BTC at $62,775 remains below my $64,820 average with no reversal signal, so I hold rather than add to a losing position or trade for the sake of it."
2026-08-02T01:30:00Z,hold,none,approved,hold,,,,450.00,498.53,"Equities are closed and BTC at $62,915 remains below my $64,820 average with no reversal signal, so I hold rather than add to a losing position overnight."
2026-08-02T02:00:00Z,hold,none,approved,hold,,,,450.00,498.54,"Equities are closed and BTC at $62,921 is still below my $64,820 average with no reversal signal worth adding to; holding until a clear setup appears."
2026-08-02T02:30:03Z,hold,none,approved,hold,,,,450.00,498.86,"Equities are closed and BTC at $63,348 has ticked up but remains below my $64,820 average with no confirmed reversal, so I keep the position and wait."
2026-08-02T03:00:00Z,hold,none,approved,hold,,,,450.00,498.90,"Equities are closed and BTC at $63,390 is recovering toward my $64,820 average but offers no new edge, so I hold the existing position and keep cash dry."
2026-08-02T03:30:01Z,hold,none,approved,hold,,,,450.00,498.89,"Equities are closed and BTC at $63,381 is still grinding back toward my $64,820 basis with no new catalyst, so I hold rather than average down on a small account."
2026-08-02T04:00:00Z,hold,none,approved,hold,,,,450.00,498.90,"Equities are closed and BTC at $63,393 is still consolidating below my $64,820 average with no new catalyst, so I hold rather than average down or exit on noise."
2026-08-02T04:30:00Z,hold,none,approved,hold,,,,450.00,498.96,"Equities are closed and BTC at $63,475 is still consolidating below my $64,820 average with no new signal, so I hold rather than average down on a drifting overnight tape."
2026-08-02T05:00:00Z,hold,none,approved,hold,,,,450.00,498.99,"BTC at $63,516 is still consolidating below my $64,820 average with no new momentum signal, equities are closed, and adding to a losing position without a catalyst isn't a thesis I'd say out loud."
2026-08-02T05:30:00Z,hold,none,approved,hold,,,,450.00,498.93,"BTC at $63,427 is still consolidating below my $64,820 average with no new momentum signal, equities are closed, and adding to a losing position without a catalyst would be trading for the sake of trading."
2026-08-02T06:00:00Z,hold,none,approved,hold,,,,450.00,498.90,"Equities are closed and BTC at $63,396 is still consolidating below my $64,820 average with no new momentum signal, so I hold rather than average down without a thesis."
2026-08-02T06:30:01Z,hold,none,approved,hold,,,,450.00,498.92,"Equities are closed and BTC at $63,421 is still consolidating below my $64,820 average with no new signal, so I hold rather than average down without momentum."
2026-08-02T07:00:00Z,hold,none,approved,hold,,,,450.00,498.91,"Equities are closed and BTC at $63,411 is still consolidating below my $64,820 average with no new momentum signal, so I hold rather than average down without a catalyst."
2026-08-02T07:30:01Z,hold,none,approved,hold,,,,450.00,498.92,"BTC at $63,423 remains rangebound below my $64,820 basis with no fresh catalyst, equities are closed, and adding to a drifting position or trading ETH's -1.72% weakness offers no edge worth the risk."
2026-08-02T08:00:00Z,hold,none,approved,hold,,,,450.00,498.94,"BTC at $63,441 remains rangebound below my $64,820 basis with no fresh catalyst, and equities are closed, so I hold rather than average down without a signal."
2026-08-02T08:30:00Z,hold,none,approved,hold,,,,450.00,498.85,"Equities are closed and BTC at $63,324 continues drifting sideways-to-lower below my $64,820 basis with no fresh catalyst, so I hold rather than average down into weakness."
2026-08-02T09:00:03Z,hold,none,approved,hold,,,,450.00,498.70,"Equities are closed and BTC at $63,130 is drifting lower below my $64,820 basis with no catalyst; adding here would be averaging down without a thesis, so I hold."
2026-08-02T09:30:00Z,hold,none,approved,hold,,,,450.00,498.73,"Equities are closed and BTC at $63,169 is still drifting lower below my $64,820 basis with no reversal signal or fresh catalyst, so I hold rather than average down into weakness."
2026-08-02T10:00:00Z,hold,none,approved,hold,,,,450.00,498.75,"Equities are closed and BTC at $63,201 keeps drifting lower below my $64,820 basis with no reversal signal or catalyst, so I stay patient rather than average down into weakness."
2026-08-02T10:30:01Z,hold,none,approved,hold,,,,450.00,498.66,"Equities are closed and BTC at $63,085 is still grinding lower with no reversal signal or fresh catalyst, so I'm holding the existing position rather than averaging down into a drift."
2026-08-02T11:00:00Z,hold,none,approved,hold,,,,450.00,498.71,"Equities remain closed and BTC at $63,143 is still grinding lower below my $64,820 basis with no reversal signal or fresh catalyst, so I keep the small position and wait rather than add to a falling knife."
2026-08-02T11:30:01Z,hold,none,approved,hold,,,,450.00,498.67,"Equities are closed and BTC at $63,093 is still grinding lower below my $64,820 basis with no reversal signal, so I hold rather than add to a falling position or exit near a local low."
2026-08-02T12:00:00Z,hold,none,approved,hold,,,,450.00,498.57,"Equities are closed and BTC at $62,966 is still grinding lower below my $64,820 basis with no reversal signal, so I hold rather than average down into a downtrend."
2026-08-02T12:30:00Z,hold,none,approved,hold,,,,450.00,498.68,"Equities are closed and BTC at $63,114 remains in a slow downtrend below my $64,820 basis with no reversal signal, so I hold rather than average down or panic-sell a small unrealized loss."
2026-08-02T13:00:00Z,hold,none,approved,hold,,,,450.00,498.64,"Equities are closed and BTC at $63,050 is still grinding lower below my $64,820 basis with no reversal signal, so I hold rather than average down into a drift."
2026-08-02T13:30:00Z,hold,none,approved,hold,,,,450.00,498.61,"Equities are closed and BTC at $63,011 is still drifting lower below my $64,820 basis with no reversal signal, so I hold and avoid averaging into a downtrend."
2026-08-02T14:00:00Z,hold,none,approved,hold,,,,450.00,498.64,"Equities are closed and BTC at $63,054 is still drifting below my $64,820 basis with no reversal signal, so I hold the small position rather than average down or sell into weakness."
2026-08-02T14:30:01Z,hold,none,approved,hold,,,,450.00,498.64,"Equities are closed and BTC at $63,062 is still drifting sideways-to-lower below my $64,820 basis with no reversal signal, so I add nothing and wait."
2026-08-02T15:00:00Z,hold,none,approved,hold,,,,450.00,498.60,"Equities are closed and BTC at $63,002 is still drifting below my $64,820 basis with no reversal signal, so I hold rather than average down into a downtrend."
2026-08-02T15:30:03Z,hold,none,approved,hold,,,,450.00,498.64,"Equities are closed and BTC at $63,059 is still drifting sideways below my $64,820 basis with no reversal signal, so I hold rather than average down into a downtrend."
2026-08-02T16:00:00Z,hold,none,approved,hold,,,,450.00,498.63,"Equities are closed and BTC at $63,046 is still drifting sideways below my $64,820 basis with no reversal signal or new edge, so I hold rather than average down or panic-sell a small unrealized loss."
2026-08-02T16:30:00Z,hold,none,approved,hold,,,,450.00,498.63,"Equities are closed and BTC at $63,047 remains in the same sideways drift below my $64,820 basis with no new signal, so I hold rather than average down or capitulate."
2026-08-02T17:00:00Z,hold,none,approved,hold,,,,450.00,498.68,"Equities are closed and BTC at $63,105 is still in the same sideways drift below my $64,820 basis with no new signal, so I hold rather than add to or exit a position mid-chop."
2026-08-02T17:30:00Z,hold,none,approved,hold,,,,450.00,498.77,"Equities are closed and BTC at $63,227 is still chopping sideways below my $64,820 basis with no new signal, so I keep the position and 90% cash untouched."
2026-08-02T18:00:00Z,hold,none,approved,hold,,,,450.00,498.77,"Equities are closed and BTC at $63,230 is still chopping sideways below my $64,820 basis with no new signal, so I hold rather than add to or exit a thesis that hasn't resolved."
2026-08-02T18:30:00Z,hold,none,approved,hold,,,,450.00,498.77,"Equities are closed and BTC at $63,220 is still chopping sideways below my $64,820 basis with no new signal, so I hold rather than average down without a thesis."
2026-08-02T19:00:00Z,hold,none,approved,hold,,,,450.00,498.83,"Equities are closed and BTC at $63,308 is still chopping sideways below my $64,820 basis with no new signal, so I keep the small position and wait rather than average down without a thesis."
2026-08-02T19:30:01Z,hold,none,approved,hold,,,,450.00,498.79,"Equities are closed and BTC at $63,254 is still chopping sideways below my $64,820 basis with no new signal, so I hold rather than average down into a drift."
2026-08-02T20:00:00Z,hold,none,approved,hold,,,,450.00,498.89,"Equities are closed and BTC at $63,380 remains in the same sideways chop below my $64,820 basis with no new signal, so adding or cutting here would be trading for its own sake."
2026-08-02T20:30:00Z,hold,none,approved,hold,,,,450.00,498.86,"Equities are closed and BTC at $63,338 is still in the same sideways chop below my $64,820 basis with no new signal, so I keep the position and wait."
2026-08-02T21:00:00Z,hold,none,approved,hold,,,,450.00,498.92,"Equities are closed and BTC at $63,426 is still chopping sideways below my $64,820 basis with no new signal, so I hold the position and my $450 cash rather than add to a drifting trade."
2026-08-02T21:30:00Z,hold,none,approved,hold,,,,450.00,498.96,"Equities are closed and BTC at $63,472 is still chopping sideways below my $64,820 basis with no new signal, so I keep the position and wait."
2026-08-02T22:00:04Z,hold,none,approved,hold,,,,450.00,499.05,"Equities are closed and BTC at $63,589 is still chopping sideways below my $64,820 basis with no breakout or breakdown signal, so I keep the position and 90% cash untouched."
2026-08-02T22:30:00Z,hold,none,approved,hold,,,,450.00,499.00,"Equities are closed and BTC at $63,526 is still chopping sideways below my $64,820 basis with no new signal, so I hold and wait."
2026-08-02T23:00:00Z,hold,none,approved,hold,,,,450.00,498.85,"Equities are closed and BTC at $63,330 is still chopping sideways below my $64,820 basis with no new signal, so I hold and wait."
2026-08-02T23:30:00Z,hold,none,approved,hold,,,,450.00,498.96,"Equities are closed and BTC at $63,468 is still chopping sideways below my $64,820 basis with no new signal, so I hold and wait rather than average down into a drift."
2026-08-03T00:00:00Z,hold,none,approved,hold,,,,450.00,498.99,"Equities are closed and BTC at $63,504 is still chopping sideways below my $64,820 basis with no new signal, so I hold rather than average down without a thesis."
2026-08-03T00:30:00Z,hold,none,approved,hold,,,,450.00,498.74,"Equities are closed and BTC at $63,184 is still drifting sideways below my $64,820 basis with no reversal signal, so I keep the small position and $450 cash and wait."
2026-08-03T01:00:00Z,hold,none,approved,hold,,,,450.00,498.78,"Equities are closed and BTC at $63,237 is still chopping sideways below my $64,820 basis with no reversal signal, so I hold the small position and keep cash dry."
2026-08-03T01:30:00Z,hold,none,approved,hold,,,,450.00,498.67,"Equities are closed and BTC at $63,092 keeps grinding to new lows below my $64,820 basis with no reversal signal, so I hold the small position and keep $450 cash dry for a real setup."
2026-08-03T02:00:00Z,hold,none,approved,hold,,,,450.00,498.69,"Equities are closed and BTC at $63,127 is still making lower lows against my $64,820 entry with no reversal signal, so I hold my small position and keep $450 cash dry for a real setup."
2026-08-03T02:30:01Z,hold,none,approved,hold,,,,450.00,498.63,"Equities are closed and BTC at $63,041 is still printing lower lows well under my $64,820 entry, so there's no confirmed reversal to add into and no reason to panic-sell a 2.7% drawdown that's only ~10% of equity."
2026-08-03T03:00:00Z,hold,none,approved,hold,,,,450.00,498.64,"Equities are closed and BTC at $63,059 is still making lower lows against my $64,820 average, so adding to a losing trend with only $450 cash buys nothing but a worse average — I wait for a real reversal or the equity open."
2026-08-03T03:30:01Z,hold,none,approved,hold,,,,450.00,498.60,"Equities are closed and BTC at $62,999 just broke to a new low under my $64,820 basis with no reversal signal, so I keep the $450 cash dry rather than average down into a falling knife."
2026-08-03T04:00:00Z,hold,none,approved,hold,,,,450.00,498.43,"Equities are closed and BTC at $62,781 just made another new low against my $64,820 basis with no reversal signal, so I hold the small position and keep $450 cash dry rather than average down into a falling knife."
2026-08-03T04:30:04Z,hold,none,approved,hold,,,,450.00,498.51,"Equities are closed and BTC at $62,886 is still making lower lows against my $64,820 average, so I add nothing to a losing position and keep $450 cash dry until the downtrend stops or the equity session opens."
2026-08-03T05:00:00Z,hold,none,approved,hold,,,,450.00,498.37,"Equities are closed, BTC at $62,708 just printed another new low with ETH confirming weakness at -3.4%, so I keep my $450 cash dry and refuse to average down into a falling position with no reversal signal."
2026-08-03T05:30:00Z,hold,none,approved,hold,,,,450.00,498.39,"Equities are closed and BTC at $62,733 keeps grinding to new lows with ETH down 3.27% confirming crypto-wide weakness, so I add nothing to a losing position and keep $450 dry for the equity open."
2026-08-03T06:00:00Z,hold,none,approved,hold,,,,450.00,498.40,"Equities are closed, BTC at $62,745 keeps printing lower lows with ETH -3.12% confirming broad crypto weakness, so I hold the small underwater position and keep $450 cash dry rather than average down into a falling knife."
2026-08-03T06:30:01Z,hold,none,approved,hold,,,,450.00,498.37,"Equities are closed, BTC at $62,708 is still printing lower lows against my $64,820 basis with ETH -3.26% confirming broad crypto weakness, so I hold the small position and keep $450 dry for a real reversal or the equity open."
2026-08-03T07:00:00Z,hold,none,approved,hold,,,,450.00,498.24,"Equities are closed, BTC at $62,542 just printed the lowest print of this whole sequence with ETH -3.67% confirming, so I keep my 3.5% underwater sliver untouched and add nothing to a knife that has not stopped falling."
2026-08-03T07:30:01Z,hold,none,approved,hold,,,,450.00,498.25,"Equities are closed and BTC at $62,552 is the lowest print of this downtrend with ETH -3.93% confirming, so adding to a losing position into fresh lower lows is the wrong side of the trade — hold the small stake and wait for either a base or the equity open."
2026-08-03T08:00:00Z,hold,none,approved,hold,,,,450.00,498.23,"Equities are closed, and BTC at $62,531 is still making the lowest print of this downtrend with ETH -3.97% confirming broad crypto weakness, so I will not average down into a falling knife on my already -3.53% position and will keep $450 cash dry for a real reversal or the equity open."
2026-08-03T08:30:00Z,hold,none,approved,hold,,,,450.00,498.02,"Equities are closed, BTC at $62,257 just broke to a fresh low of this downtrend with ETH -4.59% confirming broad crypto weakness, so I keep 90% cash and refuse to average down into a knife on my only position."
2026-08-03T09:00:02Z,hold,none,approved,hold,,,,450.00,498.18,"Equities are closed, BTC at $62,458 is still grinding out lower lows with ETH -4.14% confirming broad crypto weakness, so I'm not adding to a losing position or knife-catching — I hold the small 0.000771 BTC and wait for either a real reversal candle or the equity open."
2026-08-03T09:30:00Z,hold,none,approved,hold,,,,450.00,498.26,"Equities are closed, BTC at $62,569 is still pinned near the lows of this downtrend with ETH -4% confirming crypto-wide weakness, so I'm not adding to a losing position or forcing an entry into falling knives."
2026-08-03T10:00:00Z,hold,none,approved,hold,,,,450.00,498.40,"Equities are closed, BTC is still carving lower lows near $62,749 with ETH -3.5% confirming broad crypto weakness, so I will not average down into an unfinished downtrend and will keep the $450 cash dry until either BTC prints a real higher low or the equity session opens."
2026-08-03T10:30:00Z,hold,none,approved,hold,,,,450.00,498.33,"Equities are closed, BTC is still printing lower lows near $62,656 with ETH -3.7% confirming broad crypto weakness, so I keep the small underwater BTC position and preserve $450 cash rather than averaging down into a falling knife."
2026-08-03T11:00:00Z,hold,none,approved,hold,,,,450.00,498.33,"Equities are closed, and BTC at $62,658 is still inside the same lower-low downtrend that has been grinding all night with ETH -3.8% confirming crypto-wide weakness, so I'm not adding to a losing 0.000771 BTC position or opening anything new until the trend gives a real reversal signal or the equity"
2026-08-03T11:30:01Z,hold,none,approved,hold,,,,450.00,498.30,"Equities are closed and BTC at $62,618 is still trapped in the same lower-low downtrend with ETH -3.95%, so I'm not adding to a losing crypto position or committing cash into weakness with no confirmed reversal."
2026-08-03T12:00:00Z,hold,none,approved,hold,,,,450.00,498.20,"Equities are closed and BTC at $62,480 just made another lower low with ETH -4.19% confirming broad crypto weakness, so I'm not adding to an already-losing 3.6% underwater position or opening anything new into a downtrend."
2026-08-03T12:30:00Z,hold,none,approved,hold,,,,450.00,498.25,"Equities are closed and BTC at $62,548 keeps grinding to lower lows with ETH -4.0%, so I will not average down into an active downtrend and will keep $450 cash dry for a confirmed reversal or a real equity setup at the open."
